specimen_id,apical_dendrite_bias_x,apical_dendrite_bias_y,apical_dendrite_depth_pc_0,apical_dendrite_depth_pc_1,apical_dendrite_depth_pc_2,apical_dendrite_depth_pc_3,apical_dendrite_depth_pc_4,apical_dendrite_early_branch_path,apical_dendrite_extent_x,apical_dendrite_extent_y,apical_dendrite_frac_above_axon,apical_dendrite_frac_below_axon,apical_dendrite_frac_intersect_axon,apical_dendrite_max_branch_order,apical_dendrite_max_euclidean_distance,apical_dendrite_max_path_distance,apical_dendrite_mean_contraction,apical_dendrite_mean_diameter,apical_dendrite_mean_moments_along_max_distance_projection,apical_dendrite_num_branches,apical_dendrite_num_outer_bifurcations,apical_dendrite_soma_percentile_x,apical_dendrite_soma_percentile_y,apical_dendrite_std_moments_along_max_distance_projection,apical_dendrite_total_length,apical_dendrite_total_surface_area,axon_bias_x,axon_bias_y,axon_depth_pc_0,axon_depth_pc_1,axon_depth_pc_2,axon_depth_pc_3,axon_depth_pc_4,axon_emd_with_apical_dendrite,axon_exit_distance,axon_exit_theta,axon_extent_x,axon_extent_y,axon_frac_above_apical_dendrite,axon_frac_below_apical_dendrite,axon_frac_intersect_apical_dendrite,axon_max_branch_order,axon_max_euclidean_distance,axon_max_path_distance,axon_mean_contraction,axon_num_branches,axon_soma_percentile_x,axon_soma_percentile_y,axon_total_length,soma_aligned_dist_from_pia,soma_surface_area
17109_6201-X4328-Y6753_reg,21.31153766936177,2.306326688156332,-446.959646600536,-77.96033303564069,-116.41150406369786,-89.64131254036893,-76.89797452583893,0.4797849676844499,291.77877903882427,240.14274203308744,0.0,0.0,1.0,5.0,290.53711515914694,320.25599627941745,0.9182926812397436,2.0000000000000004,-0.0454594280870169,31.0,0.0,0.4776657060518732,0.3112391930835735,0.1264364599495706,1907.76957861123,11986.869785814251,3.040686338586511,487.9498894045764,-118.01826435275224,64.72119248909573,878.9334871643588,206.6331262347637,871.467522726917,36.50020490624991,0.0,0.2963634723980959,1009.4047613697109,879.1874897360785,0.4849086912411227,0.0360585052417991,0.4790328035170781,18.0,782.4893655346307,2295.547988871879,0.7759237890712428,133.0,0.4566706121068651,0.2913003043625295,32679.60146289512,755.6486344253966,0.0
17109_6301-X4756-Y24516_reg,39.59179499859283,17.363311159330806,-456.3984020137803,-70.96991615519988,-123.36171464712356,-92.97386254548653,-99.53354503944676,0.4846231972787821,255.4852385347153,181.0242876835464,0.0,0.0,1.0,5.0,276.47654113324063,309.96528142433164,0.9514198544527416,2.0000000000000004,0.0353825755209751,42.0,0.0,0.4724458204334365,0.4569659442724458,0.1299638739629866,2221.6387759835534,13958.96811512031,15.367443463929703,490.1938710137192,-277.7506596631403,25.64810207350166,571.1475063943612,62.002694751769454,621.8143768170218,39.56607558443928,0.0,0.3970548716771929,1001.4852589034052,989.5540896886824,0.5011979718058729,0.0719340279712486,0.4268680002228784,11.0,798.0031081314777,1794.2207954187843,0.7897459813304923,83.0,0.4342229899147489,0.1931799186493564,24944.239273958607,779.8038262543541,0.0
17109_6601-X4384-Y7436_reg,110.47206617984308,-7.655320684425533,-447.4867957864681,-103.72027107917478,-125.56466044308448,-117.19428116387176,-51.70674166114607,0.4988599814823986,331.0193585315129,204.9389369414785,0.0,0.0,1.0,5.0,265.2687858361782,324.2898485905765,0.92524355604926,1.863123993558777,0.0781276357723896,47.0,0.4771212547196624,0.3768115942028985,0.4680622651637144,0.1816040171204832,2541.5585563105687,14893.488671513787,28.778128354781643,212.2112030093804,-665.6168430872259,305.0376338826674,644.2292696642522,-52.224096489199525,751.065146079523,16.07640211412302,0.0,0.2668856047185529,990.4305414544398,819.2577254929629,0.2164955417454742,0.1350986219940556,0.6484058362604701,10.0,722.1751675975654,2298.3306811479865,0.7733189101449095,79.0,0.2970818697649284,0.5112131856255067,20598.29894273519,727.8314953696902,0.0
17109_6601-X5417-Y25287_reg,20.20258501854005,-57.47895980991586,-479.4338554669631,-99.69003840348448,-156.76299896950016,-149.33966562266798,-103.51783206694913,0.6312884978007249,210.2164171573368,271.03835143108427,0.0,0.0,1.0,7.0,258.2710785008638,307.1746764327482,0.9257528346996357,1.984604618614416,0.0496264379038461,55.0,0.0,0.4716585024492652,0.5951714485654304,0.1527807624703765,3950.958678923451,24654.730599544764,5.388942684544418,454.0213496511525,-145.19757331421738,-83.16332937343478,358.7291635705579,-234.48685445849333,-75.13071433095895,58.82891486978482,0.0,0.3733773819027648,1000.5182961532108,1023.3685093416595,0.6343878954607978,0.0522696011004126,0.3133425034387895,10.0,812.5724052193991,1876.9075805079376,0.8243506181157878,63.0,0.4607977991746905,0.2103622191655204,15185.71830863733,753.7963127359244,0.0
17109_6801-X7432-Y4405_reg,51.96647333120018,-108.82992311163856,-325.21701195535,-271.32686059837386,-134.3351182391011,-201.9183827527524,126.90077701504612,0.4896294910716634,352.74025553212414,259.72405854559804,0.0,0.0,1.0,8.0,303.5501532877225,356.45438260653856,0.9101066431064976,2.0000000000000004,0.0801278412705656,57.0,0.3010299956639812,0.4363093014568546,0.6817332835263354,0.1504216631950961,3684.2955736666295,23149.111815769,11.783059887045964,192.2079534671085,-468.4952166910631,84.75157847800877,294.47043526986585,-381.684582076708,36.66679967543602,32.53645277416254,0.0,0.2574376879270376,937.9712070933748,887.73689776875,0.2990799716914367,0.1766454352441613,0.5242745930644019,9.0,632.7911948982054,1489.4619102380343,0.8132569162141856,39.0,0.3196036801132342,0.6474168435951876,9805.61218440528,616.7662002964234,0.0
17109_6901-X7203-Y26714_reg,262.99354990114824,-37.63747923045048,-476.3438864319656,-133.63899019145677,-163.2202383733819,-179.40778548421798,-46.5153810020709,0.5526012054430232,478.02276509046345,237.21778555550736,0.0,0.0,1.0,12.0,371.90206332043925,408.2583006014951,0.8874147276766303,2.0000000000000004,0.1787515540011554,68.0,0.6020599913279624,0.2354438434616608,0.5093859370028635,0.2004415671259541,4321.808681993842,27154.724811144955,16.85023239554465,365.8627387990109,-412.0886773587515,78.8396304757114,473.056383678534,-362.81499807558646,376.59781012501287,28.952744913922945,0.0,0.3844171497227002,988.9043668923836,812.6684941370713,0.3483084758093852,0.083666787922881,0.5680247362677338,15.0,732.7706258786567,2109.60861025218,0.7927810652365659,65.0,0.3538559476173153,0.476536922517279,15270.047565804613,734.0298951346958,0.0
17109_7001-X5738-Y6470_reg,53.116188162247454,-15.457410634497135,-484.6601261351594,-80.41636284927701,-156.233697312708,-135.8634765520525,-136.0466252643943,0.5485976680362354,253.4954571408407,248.2508952887765,0.0,0.0,1.0,5.0,203.4870508509077,303.6037725352316,0.9271406924500036,2.0000000000000004,0.0219038573833275,57.0,0.0,0.4843294460641399,0.64067055393586,0.1563920658306765,3783.2610570942734,23770.93028715947,287.58265656086314,191.9141010357708,-677.9443130779383,188.7930753633407,366.14264978325417,-297.63840371992933,162.59313403448172,14.21582193715889,0.0,0.4135918966175262,642.870841957928,599.2108793686875,0.2747005100225358,0.1228798481793381,0.602419641798126,11.0,601.1239383372379,1354.1395940569637,0.8231248608385955,41.0,0.2260427744298712,0.4266808460356847,11760.71385634572,782.0974420111424,0.0
17109_7001-X6205-Y5194_reg,51.4572372889852,-65.56189870727758,-181.9154906608969,-80.15446084443982,-84.0354642714333,-99.55836308623248,-200.08979533435172,0.698303562212536,268.47268036330934,244.4283569228064,0.0,0.0,1.0,6.0,193.73203982821107,238.5400733116821,0.8887023730237613,2.0,0.2767705188786246,32.0,0.6989700043360189,0.387400434467777,0.8312816799420709,0.2898897899496222,1902.354068618517,11952.843132997155,27.40295277238056,-96.7507731245272,-389.34240494396767,-88.28540168949888,159.31204339656423,-359.4487834944721,-125.66273748131836,36.01628675689949,0.0,0.4866362417818176,1009.1479853442496,856.1471031313989,0.3040413533834586,0.3125,0.3834586466165413,9.0,698.0732080236768,1577.7332049483923,0.7798852695043488,31.0,0.387687969924812,0.6094924812030075,8876.054904097688,519.8584809795242,0.0
17300_5969-X27278-Y20820_reg,41.98789214012322,359.1288967605369,353.4947692592707,802.5452939173075,28.55344514695226,-232.92677468011368,-198.65591179122467,0.4735642185506507,360.3080820048053,570.6684603739732,0.0,0.0,1.0,11.0,499.0212969022477,611.80917010716,0.90662308363875,2.0000000000000004,0.1659637374044135,126.0,1.0413926851582251,0.3705729916498704,0.3882810250503887,0.3009047929776588,9595.70146366777,60291.570448599785,21.45728697152481,-26.19461588690501,230.853131880325,298.22886661976446,-80.78199992919733,-379.5074663059883,-65.06394432449864,34.82999628659966,0.0,0.8895854189937275,992.2098762664756,945.3961694727768,0.0,0.2208627949471677,0.7791372050528322,14.0,691.7025846023835,1826.4938562115808,0.8657563484474605,117.0,0.4958290299515373,0.4083578295066338,17385.411643343257,491.26798252338455,0.0
17543_6014-X3691-Y17288_reg,55.10770863282869,305.0245644293327,-339.8250786026869,-100.4806590953257,-141.45265095577554,-198.1964561845685,-58.358941984749535,0.6411791094122233,251.3046934173972,639.5245259313024,0.0,0.0,1.0,11.0,482.64953073322266,566.9602602254566,0.816652473338882,1.686970773012838,0.1284888958236406,53.0,0.3010299956639812,0.286533733952472,0.43266866976236,0.1753119800662095,5001.192997591223,26548.859977506047,13.542262496900548,304.90364868410416,-948.4733669709404,1183.60646339562,1582.2178120374429,597.1196851562294,2522.308070600184,21.27377422448517,0.0,0.4124161385931988,1004.1993984401332,922.2405803994016,0.0178850384161698,0.1098606816080594,0.8722542799757708,19.0,648.6909031318386,3810.719822199655,0.7196171993573183,201.0,0.4168393534606433,0.7421493926738292,42976.69981857332,707.3818125531574,0.0
17781_6262-X6896-Y13574_reg,6.629378106900617,-17.204173781667123,-387.4260287750726,-186.03096016804136,-127.34417487258526,-155.76591988400355,44.75753081801612,0.6772957746027247,287.8768747839844,183.82580628488176,0.0,0.0,1.0,6.0,232.2736560309856,283.93888461909006,0.8212772193521414,1.9394639556377085,0.0828939165626556,57.0,0.6020599913279624,0.4237523105360443,0.4621072088724584,0.2905919191338071,2869.463113735956,17480.126756084657,32.717292779967465,341.44702267726825,-270.9079426218343,-108.8472037634378,465.0119891305131,489.045008424268,408.4204040898765,29.90564298420944,0.0,0.3615456909808868,1028.9951813333582,945.1114382635642,0.4575541703769664,0.0674285148906698,0.4750173147323637,14.0,728.7053309767956,2173.48344196957,0.7723238697603878,127.0,0.4489957455229049,0.3185416048283368,26826.247205529853,668.5054085568897,0.0
17781_6866-X8954-Y41812_reg,21.696691964230013,-13.307151096962116,-453.2389720784102,-50.7315250576882,-116.57645662918743,-72.80401690773158,-146.14029995726258,0.7270815119148016,248.4321007183796,123.89531433878255,0.0,0.0,1.0,6.0,173.53780796702438,203.0319274536629,0.8366774854061686,2.0000000000000004,-0.0197474268205662,32.0,0.0,0.443700547778454,0.8411442483262325,0.1330459281605823,2191.670702191637,13770.673154186465,187.8014710760212,153.53772718040727,-683.6466046033411,244.9605591543511,563.36083943191,-484.4311834575381,476.7420911764013,21.7069756166164,0.0,0.3926256823324905,747.1501706591267,512.0169533937487,0.5918236575676022,0.0510060233243624,0.3571703191080354,10.0,549.8210427946796,1430.3575351875604,0.7574796086321172,67.0,0.4056132256824298,0.1644239395104447,10398.29725839456,867.1904235688972,0.0
17787_7070-X12739-Y1410_reg,83.4796886546887,14.897092188100942,-370.11275897414015,-169.69953219813493,458.2176827904744,129.180296505828,-65.09535071425242,0.5590837091739537,285.37507734684806,184.69826308480333,0.0,0.0,1.0,12.0,262.3052328986215,325.8746523420578,0.8094773550017613,2.0,0.1501862533266096,90.0,0.6020599913279624,0.4474279253815715,0.4525155455059355,0.1968946799540102,4755.22247948004,29877.94401543904,272.17855937415544,-648.1463305241587,526.181489559429,-319.7348174262441,-53.94135400003447,-118.3763695356573,-78.23930347165893,43.49786107258452,0.0,0.5963166777694966,757.1594244158239,857.9763496223122,0.0006718924972004,0.5375139977603584,0.4618141097424412,16.0,981.165426378447,3588.7841679006247,0.7840893254088608,89.0,0.3819335572974991,0.8659947741694662,18509.72599738713,116.89104895421434,0.0
182709_6172-X3564-Y6968_reg,171.39158193804724,44.31151690052661,-380.8327750766964,-182.883171140588,487.8817906996893,315.40789305376745,-97.72992272167728,0.6746497381365179,391.1525830204373,228.5268529912944,0.0,0.0,1.0,11.0,300.3632602533141,362.116344307745,0.8827434782356525,1.91452677916361,0.0831096945182521,146.0,0.6989700043360189,0.4523110785033015,0.3644534115920763,0.16902748050347,7372.345184406598,44400.44219636732,117.12750376727035,-638.5347185563276,923.0684725324692,-291.96450190550405,374.007337361717,-339.3491900922029,-40.86673748812954,32.23154376891812,0.0,0.7318677761372134,878.1774164682965,973.3378778046542,0.0127805295664404,0.3983978474897572,0.5888216229438024,22.0,932.917692236186,2252.3934967793152,0.7130035407089449,147.0,0.4437717849935791,0.6287531339815324,22399.306962864728,187.05135567324567,0.0
182709_6204-X2976-Y9977_reg,10.315792836415312,405.0680435379354,-178.84420145926114,36.46704852331042,-66.65136680887619,25.326973238480072,-1.4880065694080375,0.3372006552065444,181.4131247251344,603.4702823053785,0.0,0.0,1.0,17.0,511.63097767140687,650.538613850298,0.864457925877819,1.5297967619703754,0.2336601403505737,67.0,0.7781512503836436,0.4584912159834654,0.2941784361005856,0.2997412231838073,3948.7187620486447,19008.01840994688,1.4674388194803214,77.43823196573703,47.30031922722475,1206.3340202101574,-124.4195932307359,-463.1254276268848,-828.4694982672248,37.0484480241814,0.0,0.6647256879520912,743.3571640638561,968.5184184708588,0.1257971827037634,0.1172471791996636,0.756955638096573,28.0,662.494335340642,3474.498109702733,0.766813642526742,193.0,0.412267189469262,0.2649488867105447,19449.29771468802,501.5225101137803,0.0
182709_6592-X3030-Y10077_reg,41.30198871479479,524.1607018172672,-106.83158614051835,-221.9048372847432,-119.43180846703572,-120.24861802072051,-20.075427375965564,0.2829985871818443,224.2284908501933,699.054823558532,0.0220934444042013,0.0,0.9779065555957986,9.0,616.8359955863465,671.3280333383001,0.8747388981068015,1.4157913799348063,0.089867537201595,60.0,0.3010299956639812,0.4592538935168417,0.3277797899311843,0.2016165703727574,3750.240003954144,16627.706824926674,9.351816108624917,244.36252371044705,2509.3758555982527,-390.2279614976508,1234.288616475155,1101.155010197524,-269.29377529643386,49.50041058799973,0.0,0.7264398056854889,993.8388311603304,902.8003033383676,0.0,0.0808976312508657,0.9191023687491342,17.0,732.7628429805744,2095.711304669245,0.748418093731716,251.0,0.4447707438703421,0.1753151406011913,49551.85462103931,579.1276526361862,0.0
182709_6812-X3137-Y8659_reg,19.960566910485795,264.7959780856081,-356.84091743785604,155.23599363550267,-136.5415028017259,93.08070477324874,241.236139352006,0.3667844235600686,295.4271750060125,587.7743085857064,0.0,0.0,1.0,7.0,430.27165597356185,520.5100739780703,0.8644854119889456,2.0000000000000004,0.1593573776742758,53.0,0.6989700043360189,0.4758957654723127,0.6087947882736157,0.3304659357302552,4165.620496290061,26173.36549757589,14.257571808242574,-87.4937472236511,1761.2114284354325,405.9893381318534,-585.4308372936224,-216.6803690204884,442.18400786463,22.474936996838995,0.0,0.5808658206686346,1006.5028887801636,941.42127570814,0.0,0.1085858585858585,0.8914141414141414,15.0,723.3274028680393,1711.1645263345258,0.7459436190763079,223.0,0.3660152247108769,0.509698433611477,37182.47273420937,389.4608559405086,0.0
182709_6886-X3406-Y21258_reg,5.051724920968809,177.5482118334985,-424.1661602393541,-71.82110140704522,13.008852535322369,353.13503435330045,-189.06864384397244,0.5586849847913649,222.14901855048532,374.0522148412747,0.0134583032924777,0.0,0.9865416967075222,11.0,298.5127303499808,407.6368545870773,0.841758832184742,1.477957221821678,0.0971211932108264,102.0,0.6020599913279624,0.4849795722182167,0.2809420812304734,0.2049186513558732,5623.737945491276,26206.95377004976,17.838347345706097,-475.0837093047976,1641.95400631032,-624.6866833857257,793.7584192628143,383.172497054578,-93.63493106278727,25.02517135918296,0.0,0.7773608704951531,799.5322601076359,994.2469862661892,0.0,0.305426930913132,0.6945730690868679,24.0,877.6979505049837,3008.0434684744737,0.743794766458809,281.0,0.490053713650676,0.4655676977218003,36967.66436189809,261.0297058579771,0.0
182709_6984-X2452-Y12423_reg,201.1643581194121,320.9806047421948,242.16099968945147,365.2023705383876,436.6440861306231,-112.32152366149488,-204.72468105051823,0.6186515548657339,500.5920800624981,541.5223550605428,0.0,0.0,1.0,26.0,551.0043485781202,776.0141993478505,0.8831144476599395,1.8722460658082976,0.1980176806201682,141.0,1.230448921378274,0.1736766809728183,0.2552217453505007,0.247597510510053,9555.242638767102,56215.14542883946,57.59679799024161,-267.1790226999288,21.69969340637452,-548.5279499494807,-1128.069845142445,195.64902768966144,409.2499450508776,30.42367439400482,0.0,0.570271289147256,975.4626148467324,1189.9251973041032,0.0124624820566357,0.1150332767845491,0.8725042411588151,12.0,865.6926096760533,1076.6290483712637,0.8015528283713063,137.0,0.4094349471486363,0.5722301970507634,20940.56706947032,490.94001419904873,0.0
182709_7010-X2644-Y10852_reg,15.82982328149501,233.72608767551696,-386.006360367024,133.0288742530574,-114.18380405019322,93.87275521515384,234.1465050493997,0.5069943802805318,263.72636317646266,526.222740451615,0.0011022320198401,0.0,0.9988977679801598,7.0,380.3147278364581,440.96749377899744,0.856635352772501,1.6110983742077707,0.1280879051237882,76.0,0.7781512503836436,0.4083769633507853,0.5555249379994489,0.3266076636490862,4915.415109387992,24903.114778893618,81.10829802310582,-219.8337324360012,1500.957121405613,-21.14270321517748,284.2497653483059,-340.809781854173,-142.98144762152273,20.829557647098056,0.0,0.7775608274504847,605.9116543614382,1038.403831320086,0.0,0.0717406394185619,0.928259360581438,28.0,696.6671356114053,4036.008327242145,0.767935078290211,223.0,0.4870360540606753,0.3969621493609897,33463.418806337315,378.7527180151564,0.0
182709_7120-X2261-Y10934_reg,88.66343067114212,90.57494697609172,-372.6920858417865,-154.94184800324945,340.13947292899167,245.0338561839036,-84.37732324134909,0.6454783216974288,302.46090012763125,200.59257478883185,0.0019272464466393,0.0,0.9980727535533608,10.0,260.1294442407479,370.5760824963922,0.8486527843842844,1.6343348546721117,0.025518271455721,97.0,0.6989700043360189,0.4636079750180158,0.2603891424453519,0.1546688363428985,5633.582038715968,28916.654689015257,158.21906408890663,-677.4513064756954,1636.6432496981572,137.1599073249385,-302.9569676273784,37.616682799020936,-23.273991088760788,28.87407648685476,0.0,0.5380736456313835,966.577636561492,980.9581773314816,0.0,0.4443634492517473,0.5556365507482527,19.0,1012.4578845617724,2155.3279911876352,0.787391232048138,235.0,0.3347197804553835,0.5934994211225934,31829.871203668343,175.91495664763752,0.0
182709_7126-X2913-Y10535_reg,49.57100807577172,428.41792600647454,325.7070029447179,344.88536408813786,35.798474394715505,-4.215974330504348,-98.5413225984188,0.2785548401295366,402.1958614217447,644.2481146086755,0.0,0.0,1.0,23.0,581.2354175177219,775.4127244913757,0.851153171493892,1.4935907837092326,0.299694499681725,142.0,1.3424226808222062,0.4231705338309265,0.175239331494402,0.3594211910193151,8341.171464889689,39081.86265258357,7.318077252549301,23.32663668419741,-493.66799545754986,-178.8698377683229,-270.3356371451779,31.38051357263837,-170.5566071226154,36.17526124164982,0.0,0.732200407814175,763.4178111198044,1069.4894462132654,0.000230627306273,0.1635147601476014,0.8362546125461254,8.0,684.6301830965765,1750.98969112073,0.7042305021584383,71.0,0.4063653136531365,0.6177352398523985,11909.370938572993,534.6704467063541,0.0
182709_7144-X3121-Y9346_reg,32.727742945855425,345.6657585756425,92.7196079863728,599.2780147893594,-290.81521666915427,297.2583631219664,430.00062511616136,0.4154398174954371,395.9003202510048,607.0495535820487,0.154495990836197,0.0,0.845504009163803,19.0,526.1234808958828,759.294955434972,0.8636725637750817,1.8029782359679267,0.2903704622495278,142.0,1.3617278360175928,0.4299828178694158,0.3692726231386025,0.3482290986463099,9478.715140851917,53697.66051829108,127.40933271963512,-74.28767483709225,-322.72546498062286,-185.7192098547827,-557.7333067034332,-74.14883421512296,16.06922676209994,44.90613367336635,0.0,0.8018696128211916,816.9498543805385,1014.2233676925848,0.0,0.3211009174311927,0.6788990825688074,10.0,716.3053619600174,1068.4633178011525,0.8264489276239733,109.0,0.4704826485839649,0.8577981651376146,13712.110281219366,438.240598104317,0.0
182709_7463-X3586-Y20695_reg,27.119410356108347,377.9584915821574,80.96443153171651,516.1846146947123,315.4314992319404,42.58280106953295,394.11553412856586,0.3701571339591667,427.73751720190194,566.0307376666883,0.0116692756510601,0.0,0.9883307243489398,23.0,636.7430737433284,880.8868724608017,0.8728017772232926,1.7178027607798496,0.1532133208869019,154.0,1.2787536009528289,0.3848014800056923,0.2417816991603814,0.2154163413320671,9525.195161097634,51412.76512069989,140.27833850035313,-234.80081341867708,125.40759640309784,-337.9655861870296,-929.1159941515024,-405.0733141867433,518.4600616493675,29.21168354161286,0.0,0.8002729780379474,726.6361630145839,1127.0039565275506,0.0,0.0865843621399177,0.9134156378600824,15.0,784.2037221726653,1838.4580292790176,0.8094405537826248,131.0,0.2859259259259259,0.5981069958847737,16548.434524612425,464.0407807682366,0.0
182709_7486-X4577-Y22503_reg,58.40354014746754,359.814938711098,-262.7525243547401,150.1532553206383,-18.6113058938236,51.8966577356758,107.76647668220303,0.630004215422581,267.23657864873985,582.6484460024994,0.0,0.0,1.0,14.0,499.7764809462313,658.4589276365151,0.8622645449806792,1.6936968838526916,0.1815690504538936,68.0,0.6989700043360189,0.3824362606232294,0.2053824362606232,0.2858579838215239,3838.563228707857,20433.460500372712,102.01269618753396,-39.63006350964315,366.3829370902371,1036.8648198449227,-519.7377580204923,-213.2735062850483,-435.7871717772272,21.32006477566204,0.0,0.5567724266947298,603.3788710119807,1008.136350073646,0.0188350425631744,0.1777599034787854,0.8034050539580401,22.0,706.1564808066128,1941.8281727206447,0.7742554597097789,255.0,0.2951940478584355,0.4190629398753268,20257.44873038216,452.7635770544942,0.0
182709_7886-X5075-Y22541_2_reg,9.255966970519694,292.85132120894104,10.272493776439328,518.7612675681794,-112.91805053442135,59.9523299021244,150.80122160716536,0.3378524873833654,243.25232636283812,533.6944732467373,0.0,0.0,1.0,23.0,445.3385775530788,653.1408738709805,0.8739054156684256,2.0000000000000004,0.1940252478003256,130.0,1.0791812460476249,0.4364468864468864,0.3346153846153846,0.2835874087332069,7373.908901504131,46331.63606641159,197.0697977952359,-184.21925186201,-224.20522369169737,-126.76349987919096,-500.3695266162793,-108.42421205917032,11.438319655401976,24.51916709771025,0.0,0.8193344382828719,866.001475248645,1043.151231849271,0.0069701402633164,0.1746837621547199,0.8183460975819636,20.0,798.5815065098345,1454.116566584949,0.8088557342697136,137.0,0.4904053007486447,0.6718010498235952,15767.52166097474,464.1245298643479,0.0
182709_7918-X5201-Y22656_reg,16.71860293444297,321.5135294609827,-99.3318503922518,299.8424499274491,-112.36436508892784,46.691379147332015,18.453915242781765,0.3148958158157938,267.641835619821,507.3265844069265,0.1511571841851494,0.0,0.8488428158148505,21.0,432.9555929945284,613.5820410036607,0.8472863673744173,1.7198948891031829,0.2238696179226834,86.0,0.9030899869919436,0.3927193828351012,0.3100289296046287,0.2991993116512319,5607.748592357171,30303.69460195984,112.47704219097976,-268.5161182336924,-507.7131820168541,-177.83761246715835,-314.89653927730336,-4.528813221504843,43.75662277511199,46.58313911295541,0.0,0.8823792457926984,683.3184088939724,1020.4308098552648,0.0,0.463603225450127,0.536396774549873,13.0,824.8662102114325,1592.713902259161,0.7631571994327524,109.0,0.4306810667842186,0.8867092792594226,12298.769336252402,468.5261258845816,0.0
182724_5937-X3804-Y11955_reg,243.8337077219312,451.78973095325,62.98439315307822,-337.5000579271628,292.6572057579286,-236.34887544530864,204.9885711663692,0.5295877569847164,527.0549288142847,728.4066134824943,0.0,0.0,1.0,30.0,661.966343489607,859.04227881024,0.8698683080839621,2.0000000000000004,0.3808280688895827,189.0,1.568201724066995,0.2755303118117538,0.2751825663614234,0.3577456716869602,11652.534267536485,73215.0321011919,5.622991870880469,226.0641298106784,-611.8444901524606,328.6438865027449,394.76183115666754,401.5216404504888,325.5972900582082,38.295947466293214,0.0,0.5921706157100358,1013.0152220243464,1070.0886481919897,0.0107642626480086,0.1776776103336921,0.8115581270182992,12.0,718.2478546818904,1836.8693150623924,0.8433735106443895,157.0,0.4658234660925726,0.6432992465016146,20201.901312843784,607.8696564453651,0.0
182724_6175-X3782-Y10859_reg,292.24012372500533,371.9355379071185,762.7762392172289,29.300496440518685,390.6898575075707,48.101030898224096,-62.18380662913459,0.5803695503912856,594.0898989667019,638.7827846409727,0.0173053152039555,0.0,0.9826946847960444,24.0,648.9886170819951,874.5378120295588,0.8673288902238404,2.0000000000000004,0.2032079670088974,182.0,1.3617278360175928,0.2894361509936293,0.2873442997052391,0.2673495810624151,14244.593881498891,89501.42298297511,143.00170381544444,7.740454165589654,-701.5948883124237,247.2179108504592,-45.0735041266752,1034.2822260368291,-67.11911305004588,51.28541422065999,0.0,0.5721348621720871,899.5212706015188,965.652399416881,0.0,0.2813490145534611,0.7186509854465388,14.0,712.1408593256408,1778.5324713915704,0.8492768372977846,245.0,0.4547016808979109,0.8035551259330863,25274.483652393035,524.9858731588978,0.0
182724_6305-X3647-Y18869_reg,57.947819932023776,298.38363561530696,573.8176993779987,-437.438618732574,33.3057316884517,-58.70567150602027,-7.83581563592047,0.4500883120148351,423.4894324375673,632.5831168698214,0.0,0.0,1.0,16.0,565.5502600954221,718.6674592635321,0.8710177528852772,2.0,0.2443132576675941,109.0,1.1760912590556811,0.435931839527707,0.4545820474976519,0.3250439014583367,10127.003031273778,63629.83665186261,33.78041067365211,-94.66319781043876,-437.2396084555186,-93.27724667865502,-382.6119827566553,387.0591541248026,-379.91973969769913,22.62447273128568,0.0,0.7550254096966553,983.9221756675424,1039.6655138961314,0.0040898016011138,0.0988513748694744,0.8970588235294118,11.0,725.7997399736403,1780.2965021735454,0.8577452841301484,97.0,0.4398712147580925,0.5840584754611904,15703.702424388324,551.649196184499,0.0
182724_6354-X4834-Y8105_reg,271.8517637729128,389.3458104990186,395.73091573026255,-338.1333626220137,445.1746393983253,-255.6226214558281,202.8381309256112,0.5129106170834289,587.6496172564366,722.5973931622157,0.0,0.0,1.0,30.0,680.8932766564816,877.4662204716218,0.8808282422750499,1.999091487235396,0.234096313195515,207.0,1.4313637641589874,0.3196147905878077,0.2203143454165531,0.2874521914727239,14952.870039904348,93915.45485638177,38.87608282326801,103.81824306684577,-672.7955617685719,241.16465826830188,332.7518655410837,453.4387345732642,167.07266792107657,43.082076907746,0.0,0.60139643874204,924.5146418642234,1034.0687998066587,0.0203839441535776,0.1629319371727748,0.8166841186736474,13.0,692.1383728843065,1507.426371517362,0.8503204594459808,185.0,0.4295287958115183,0.7269808027923211,19478.21563521952,583.8432935031228,0.0
182724_6360-X3448-Y12540_reg,59.37673427106256,421.2770489905106,635.6222391796713,-285.20700380416304,-384.4498561018223,149.16240086212576,45.90776126630677,0.6460469601618068,311.0480253945343,674.2149472578731,0.0003530242409978,0.0,0.999646975759002,23.0,628.7478906596822,855.5208765435514,0.8801194175333418,2.0,0.2488124079507452,177.0,1.3979400086720375,0.3591433278418451,0.257825370675453,0.3124508730624174,11485.111375430582,72163.08304542638,182.3419842075882,49.4475127562373,-523.3726439573763,-28.70022542279465,-453.8456483920002,819.0856699167696,-13.05250678375701,37.72658937998143,0.0,0.5825809546928306,807.40786666043,1045.1379530653749,0.0,0.1931580172213172,0.8068419827786828,14.0,694.6950006315417,994.6390139545412,0.8494311696213904,159.0,0.330637654177333,0.5617291133348848,23479.697871213724,579.6306133368305,0.0
182724_6361-X3802-Y10603_reg,191.87924849145384,351.4047281060557,692.3043859679293,-329.3557418665571,-144.34252187302647,282.004884219137,190.53664643474056,0.4162602007308153,540.6803206757677,711.6986273103721,0.2364252157762482,0.0,0.7635747842237518,23.0,644.8452414172672,856.9776983882361,0.881774220359075,2.0,0.2787379628871285,157.0,1.414973347970818,0.3908008303288539,0.3590079755271496,0.3369773623319939,12381.9037034442,77797.79542439319,31.31491072969311,30.407291967683705,-629.7643939835136,40.273418890349774,219.55985512207383,-92.35311062905392,-93.6865293455168,48.80723955572324,0.0,0.6821866258890724,953.2188880581788,937.0377896265272,0.0,0.0845925526173772,0.9154074473826228,12.0,694.9877205924278,1188.4495027212142,0.8876856566560005,131.0,0.4383432271991365,0.7781975175391257,10046.772495793264,550.8299433091764,0.0
182724_6391-X3524-Y11978_reg,58.40137717664493,410.9677153821194,569.5935884660078,-249.07153873073125,-370.4342748899028,152.42565638242874,-31.22326006820505,0.5311036055627106,369.7682136579306,681.0711832782326,0.0003861997940267,0.0,0.9996138002059732,30.0,619.3110433823163,780.443351813238,0.870455008769421,2.000000000000001,0.2717023284358841,168.0,1.3617278360175928,0.3263388259526261,0.252832131822863,0.3355106632731868,10475.17957559219,65817.49439942841,184.07152191142268,94.15157181075664,-518.5800086051016,-7.305151191721223,-181.89148812056703,205.8548935030973,-328.86867944199645,29.73122263131556,0.0,0.6181320261437093,816.2296334360926,1012.1315240316762,0.0,0.1244694502023492,0.8755305497976508,11.0,694.7645231148467,1448.1524805412976,0.7963793414631668,97.0,0.4516829533116178,0.5541407560951535,13772.157606695024,565.7797712657913,0.0
182724_6396-X3762-Y10790_reg,96.36260840868636,446.71632215685895,304.8939005947868,-158.2427707976156,-308.7603627046178,173.9876709470889,120.26416391652062,0.3227195281167673,388.448348098922,671.6842227819398,0.4559602649006622,0.0,0.5440397350993378,24.0,612.5946219597431,819.9999497028363,0.8834183845897121,2.0000000000000004,0.3381318278216818,124.0,1.3222192947339193,0.3986754966887417,0.2647350993377483,0.3819144583305252,8138.796532747953,51137.56679268605,69.30050148417422,-343.8854198646404,-779.7656625678201,-77.54101455942963,19.62458503505383,209.58839677862585,-332.48007699901746,51.61016109431425,0.0,0.7240546867964839,708.458801043444,555.4094195129983,0.0,0.1148525189245627,0.8851474810754372,11.0,669.732104655618,930.0224074016138,0.842081948562682,117.0,0.3981989036805011,0.7986165492038633,10409.823568135347,573.9897814799282,0.0
182724_6416-X3689-Y10398_reg,42.92100523577847,280.4131909914304,-271.6960420966281,294.64932940717887,-151.360675004746,102.76018832735218,323.84644806621407,0.4417407010506525,312.8121386913317,544.1481416013612,0.0045682960255824,0.0,0.9954317039744176,9.0,431.8506196438704,509.9221490166978,0.8615747115071005,2.0000000000000004,0.1966326733483995,85.0,1.0,0.3972133394243947,0.4597989949748743,0.3738189508332142,5901.106942372302,37077.74843640905,109.5502272571789,-201.0942038945832,1563.1231131787854,1031.8103981135057,-101.69920746330916,-373.15987306052574,-274.8142512476726,27.52219525524639,0.0,0.6423453225362237,897.8356157641488,1004.7835815195158,0.0,0.1143418030965256,0.8856581969034744,17.0,774.4613646817809,1772.172729803625,0.8251265508844418,251.0,0.4355878213200977,0.333283946959034,36783.20921790098,408.7721768539827,0.0
182724_6450-X3505-Y11792_reg,139.23923147848473,364.2099539517112,660.741030030941,-20.823683022370613,-333.46388626195903,205.065380305629,-229.10919648923368,0.4578602573814091,424.24565437511046,690.4256016251838,0.0690206692913385,0.0,0.9309793307086616,25.0,625.162235150205,823.7301800477677,0.888389147471902,1.999015748031496,0.3321835208551363,179.0,1.505149978319906,0.3414124015748031,0.2534448818897638,0.3432268888337704,10949.58462007543,68771.92635455134,85.63993129396385,62.15098740140184,-473.12925367814586,-40.69474933331767,-268.84474511370496,236.5193801832768,-200.72268986124692,37.10505584123413,0.0,0.7882720471670528,899.7189492393472,974.376380757175,0.0,0.1746598639455782,0.8253401360544218,11.0,700.6696647757818,1201.0934818238304,0.8561181097940387,143.0,0.385969387755102,0.6062925170068028,16017.578774367868,544.8103878950305,0.0
182724_6457-X3810-Y19182_reg,10.71804694959701,440.3955091980615,575.9806474795015,-508.34060148381286,117.9947356313728,-125.1568600513963,285.4328619731969,0.4870591431210778,425.05853879195,689.4981514469919,0.0126724234608052,0.0,0.9873275765391948,24.0,656.5537961774348,857.2237263411408,0.8673714566023383,1.843893686217338,0.2293115561771025,154.0,1.255272505103306,0.4061904227879331,0.2065717169451609,0.2945462402195221,12096.246479932077,70116.19285835278,89.10345314006463,135.21174716987298,-789.1280945803488,346.9867519449929,276.4327551350377,899.0690429118242,-64.03833216496695,34.33557104369562,0.0,0.711258134111597,859.2343236739844,951.3089082976658,0.0,0.1307193616756015,0.8692806383243985,14.0,674.6092393356322,1338.175420968969,0.8803756504066649,201.0,0.4869716992893654,0.6558409175913228,21879.14183888645,597.4744028664146,0.0
182724_6644-X4183-Y20666_reg,48.00804827971752,405.9868916338369,358.232662149533,-500.268606384911,201.473684703326,-97.4487906611039,443.49507897752727,0.4209049196907509,410.9684396138082,707.8205452377229,0.0,0.0,1.0,23.0,646.2947520218627,792.9426829606497,0.8757384535251268,2.0000000000000004,0.2818303459056215,163.0,1.3617278360175928,0.3890257558790593,0.3272116461366181,0.3562922112614362,12087.040219697716,75945.11351569353,80.23843591305922,183.262878253081,-603.8616846169458,134.1133509277968,256.5161365852123,-75.4500723850691,-101.62485305530096,35.42536476548299,0.0,0.5637806706447207,840.7980898943115,922.3931361205778,0.0003837789433286,0.1088652935908916,0.8907509274657797,11.0,625.5279012515723,1340.8013845798096,0.8743352155955273,99.0,0.3434821542791352,0.7021875399769733,10619.082306306884,609.6291078445267,0.0
182724_6690-X3748-Y10610_reg,109.64284562066769,406.5277286452706,519.5500629471894,-40.512935400725766,-173.89325534040466,102.79787459192706,-17.003389475015258,0.3227621160465068,396.5342669346856,716.5333605069823,0.2620415982484948,0.0,0.7379584017515052,22.0,627.8323351803409,800.2117119743386,0.8855465710432526,1.9989053092501368,0.3183285759753775,161.0,1.414973347970818,0.3503010399562124,0.2805145046524357,0.3807502098068269,9918.781166763118,62296.09930547432,77.57210413718713,-52.93124053464089,-749.1379376740535,-50.584522904606594,191.6894963065248,-11.30675763676326,-343.6678721158365,51.89617134381223,0.0,0.6979515132386451,700.1097110906849,887.1589786313807,0.0,0.1319499445588468,0.8680500554411532,10.0,692.40309012486,1003.5785820353386,0.8618617402780713,103.0,0.4550926659274513,0.914145414224616,8565.507595236459,557.538258510194,0.0
182724_6704-X3301-Y12214_reg,42.53933553505704,236.74465241389865,326.98124625570136,3.2306844877435235,177.68222976106583,-253.5986994148984,-263.82855876698784,0.4423585924812035,551.6195848575826,641.4857957952709,0.0,0.0,1.0,13.0,487.1888548704708,674.3614746597764,0.8917629490338624,2.0000000000000004,0.2018560402850385,104.0,1.1139433523068367,0.4816687737041719,0.5148546144121365,0.3334414032548541,8578.26165047274,53898.80756339248,8.222295192535967,64.25649707956109,-451.2876177136548,-93.49282059263425,-398.1059255105615,150.57300172745855,-269.9358576580282,20.668791525639456,0.0,0.7509324384758173,951.5415682999992,912.2309596891572,0.0150707402091449,0.0918597498462169,0.8930695099446381,10.0,691.095934609118,1120.268637589359,0.8604237139069584,83.0,0.4776501947918802,0.715296288702071,13278.120281612482,514.4108733022086,0.0
182724_7371-X5043-Y7827_reg,44.966774845323926,374.59028683685256,595.6807057855468,159.40031700960952,-387.1982201711135,171.05443762231909,18.08618022308307,0.395189569156906,470.2311996070266,710.1698172197616,0.4645660334432943,0.0,0.5354339665567057,25.0,594.7239239461429,844.6345881360572,0.8677343227194604,2.0,0.2543582615806267,187.0,1.380211241711606,0.4150836082356956,0.3301103401205779,0.3341084114166389,11813.49552524824,74226.38151067175,22.55976039993948,-439.27421188120206,-674.2709822465102,2.216346571396336,179.2807523473853,-272.2845654916118,-196.32299250585936,69.0867786710957,0.0,0.6822718569318578,926.7403251420292,554.2401450537573,0.0,0.4624471086036671,0.5375528913963329,11.0,706.6031468407423,1078.5863215850045,0.8505935051486799,55.0,0.3439703808180536,0.982722143864598,7722.036434267546,527.5173981489671,0.0
182724_7600-X5645-Y23085_reg,102.62265618459789,477.1632760567222,266.2092232709249,-510.8254692868467,369.52868287478327,-315.88260172078043,339.82420235399405,0.4811394926905228,378.65013150940285,701.2474776261292,0.0,0.0,1.0,31.0,608.219824693343,845.3797634225806,0.8596526546190895,2.0,0.2943373113887788,187.0,1.4471580313422192,0.3166775527977357,0.223492270846941,0.3424250170115729,12368.245570654784,77711.97884512728,4.156419045136317,208.0018867071102,-36.91436762069,469.0382820446194,-28.258394492264785,360.9717647965656,-37.97151323801025,9.794964411594217,0.0,0.8847786878010978,960.045147192518,984.7884059993476,0.0020878147538909,0.0800328988991522,0.9178792863469568,14.0,753.6359075617461,2338.91990314858,0.822617928397875,123.0,0.4281918258889029,0.409274958876376,21389.69435502875,618.3363627337181,0.0
182724_7822-X5447-Y22786_reg,78.32463949894009,392.5032251978746,518.448099333316,240.7268626444176,378.86428884980825,-137.84494811315415,-29.537628310714755,0.4045579609077218,429.0545717693294,628.462837253277,0.0413360180030794,0.0,0.9586639819969204,23.0,573.576803754301,779.0528260621624,0.8876798501212585,2.0,0.2070456026248014,173.0,1.3424226808222062,0.4411938884282838,0.3700106597181097,0.3247350401242825,11437.002239350964,71860.80442847004,69.8346230041625,18.166559274868632,-513.2372539058712,-79.70127026179594,57.10819576799852,-282.74487723328696,-195.25671941810765,44.35560096314232,0.0,0.7644447668507518,828.6201371415773,949.0194953699,0.0,0.3915015115888478,0.6084984884111522,11.0,688.1860045446555,1047.682149044498,0.8878513618897323,93.0,0.4074571716493114,0.794591871011085,8098.897579618277,498.6911961183641,0.0
182724_7871-X4578-Y21040_reg,91.39696300666763,355.4014778949477,482.0598657546038,56.11155348505864,212.63377312652065,-52.91427454754572,-86.0211939931874,0.470955330402985,384.9342862650847,640.5985910737518,0.012765403152273,0.0,0.987234596847727,25.0,513.901971657047,721.8897514459571,0.8719437388668482,2.0000000000000004,0.3274793600703487,165.0,1.414973347970818,0.3457079588380878,0.3493552168815944,0.4009731865739233,10292.661985421644,64670.7025585673,189.8228951754536,-99.79065816316324,-604.8102440846628,-115.04255170188564,-96.54912828482848,147.66782817101037,-484.2366865919614,38.356211983411605,0.0,0.9513560548209028,664.327150200741,1061.7602963289037,0.0,0.0961268055733094,0.9038731944266906,13.0,718.2702195839202,1052.0168776133298,0.8960829409257854,155.0,0.429630576505177,0.8000766969193404,10579.795584626496,515.1113968304412,0.0
182724_8055-X5917-Y23103_reg,61.359842337104055,376.7798010304723,538.1467225433768,20.88071966967568,364.4009309850836,-71.48658140983743,-47.80791015462916,0.5502874044876657,379.2888768262155,578.2577670577921,0.0,0.0,1.0,26.0,525.1751872185129,705.3138853830062,0.8854695710745771,2.0,0.2411844228475825,181.0,1.3979400086720375,0.4876003778932452,0.3131790269248937,0.3023881991917352,11505.528237178232,72291.36597117865,163.76062294235658,10.696996684098847,-309.39741160817715,191.9969098101312,-360.44624974570695,180.3021059206649,-386.4662660182523,23.50036463931445,0.0,0.6924608778967906,759.814058990358,956.8734773749128,0.0,0.1624851747103366,0.8375148252896634,16.0,660.5895612872703,1997.9151315240176,0.8598002884716363,189.0,0.4819815710245415,0.602773469573944,14796.644274850943,525.703632463657,0.0
182724_8100-X5413-Y22190_reg,129.4839199151511,387.0514648104354,602.8509050590051,-15.582933627916528,113.72329508594952,-55.16851545784108,-60.983833633215866,0.4033396120448557,444.2666072776383,616.7098692453901,0.0,0.0,1.0,25.0,585.4640992987922,830.3438034600422,0.881011003440948,2.0000000000000004,0.1621354616851802,191.0,1.2041199826559248,0.3455076698319941,0.3524470416362308,0.2649099527449167,11085.894928663874,69654.7321327175,74.83520893243622,-6.272556964920796,-535.2469634281065,73.43715374974123,-89.6318393198469,60.171540363819766,-419.6445498856566,29.84875188770372,0.0,0.6973605857620513,935.4153080450706,1006.561362513168,0.0,0.1566363424306041,0.8433636575693958,16.0,718.0174485257728,1614.9284822453164,0.8715580388949664,159.0,0.4568462794494984,0.7249825052484254,11581.473706105897,536.63214301055,0.0
182724_8150-X4450-Y19864_reg,4.265046686741698,267.1516706870102,332.1624758238528,174.6578677076072,-163.45774212592815,51.39366644616352,-202.9176895326665,0.4291795391771731,447.2599022019258,516.1433999567403,0.1945011783189316,0.0,0.8054988216810683,34.0,425.0594778074221,738.2184337723432,0.8574902441096134,1.9393558523173609,0.2070920300240425,157.0,1.1760912590556811,0.3407698350353496,0.3294579732914375,0.2822007500980045,8550.65721537622,52097.40507631342,245.8908176430641,-543.503180049559,-694.977418724732,-51.30093078035188,85.6889141670001,-42.584049126373664,-231.12979167157425,51.53366941873647,0.0,0.8640962489680049,712.9605741142577,1130.1011440247655,0.0,0.3360109123976962,0.6639890876023037,14.0,927.2253898625854,1147.19326337979,0.8390321947591549,125.0,0.4701424674143679,0.9178538951197333,8897.894462618666,520.7370955921858,0.0
182724_8155-X4575-Y20238_reg,81.27972434183357,320.6258443730949,543.1237102211023,-1.7584223020784706,-72.80212992295537,43.5815984796496,-100.26099287246817,0.3950195337169813,366.1145866058087,519.9327150047357,0.0243298969072164,0.0,0.9756701030927836,24.0,447.5034527402508,689.1036858080049,0.8711103074293333,2.0000000000000004,0.2427650704974295,174.0,1.3010299956639813,0.3857044673539518,0.2538831615120275,0.3361309915871011,9777.728345031348,61435.27907509433,46.24450642749798,-414.6401845983023,-664.6089138987388,-58.47891102923228,140.89924055395227,-228.7185173584976,-324.29079701348365,49.2651783864831,0.0,0.6077349945651362,515.8331127167949,1242.756727383989,0.0,0.2936107608238756,0.7063892391761244,10.0,900.811274488775,1110.689740417355,0.872172753028809,91.0,0.4331651954602774,0.8703236654056327,6401.578579058317,547.5309491232646,0.0
182724_8159-X4833-Y21213_reg,134.45600532542085,359.2861144113622,206.940321706676,194.1285819169591,413.424090436931,-75.84532094502669,-137.91320983842874,0.4364328865487001,412.8109767532569,540.8998171970688,0.0,0.0,1.0,19.0,492.6510197949461,806.070534194054,0.8819384487466531,2.0,0.2528911123463261,123.0,1.3010299956639813,0.3354542241074584,0.2956875220926122,0.3267244653821699,7676.768598966281,48234.55966764243,125.63595748782518,-227.91092951390647,-408.48710416953406,-49.99903141578167,-326.6916868640865,148.10375839997653,-181.4192147638456,44.14507931064715,0.0,0.8700881594980857,686.9612271258311,1144.707556506903,0.0031798034303333,0.2582385816149547,0.7385816149547119,13.0,804.2923982650716,1199.6157112772603,0.8502546101585079,141.0,0.4976874156870302,0.7686452110233185,14052.371805885012,499.0490359823461,0.0
182724_8257-X5319-Y21978_reg,181.2832933597201,301.2483309367294,37.57918576414279,351.93908012944803,252.7971715975957,37.02997449233687,110.1709816460978,0.4369041464198012,400.6871891919145,513.0127584016932,0.6075427224513847,0.0,0.3924572775486152,24.0,486.3998093636561,789.9690622891227,0.879136361534454,1.8902109605185624,0.3241506350766873,130.0,1.414973347970818,0.257316833627971,0.3582793164407778,0.3502780240365338,6850.827376425839,40676.33119819311,188.07077516059235,-590.7839836492744,-501.1170817720076,-209.09456169329667,-299.6172668896958,-309.24325055323663,-148.26179597433398,57.79742158524326,0.0,0.7127631529811266,775.4540856741669,672.0617397911606,0.0,0.3054743814533411,0.6945256185466588,9.0,794.5777047485396,1035.1059339637452,0.8314349392582772,63.0,0.3948957724527566,0.938827196571206,6925.904314662396,462.65564729205767,0.0
182724_8281-X5491-Y21925_reg,93.07234579423584,318.8394469187788,493.4089049182109,-80.85641552947429,30.992000254732684,-39.86181019926787,122.10900043503872,0.3380290417049752,381.2945524928573,608.8307965847052,0.0427019602946684,0.0,0.9572980397053314,26.0,516.3113685520984,897.6878987927431,0.8739658820682273,2.0000000000000004,0.1919081860991709,155.0,1.2041199826559248,0.3943064052940441,0.3650892745661131,0.2912543391295434,10813.831689803104,67945.30838768407,88.8990681880532,-153.99604410885695,-567.6647839760069,9.52914498184865,109.8893667702895,-233.8646525582812,-212.65724872096848,38.17764508851431,0.0,0.8802517694123753,840.342461613307,1064.9277939458452,0.0,0.2457627118644068,0.7542372881355932,11.0,769.7555559751228,1122.152365404091,0.8738423326945916,93.0,0.3714422769427566,0.7641509433962265,8469.288032545039,539.4371475317383,0.0
182725_6819-X6109-Y7853_reg,54.33354676817635,428.7421261251984,433.57851369552174,5.0711893133499375,-237.48083089768969,106.59260588079935,11.008091201099925,0.349418527474072,376.1522470668342,705.4609437738854,0.0068956192536506,0.0,0.9931043807463492,26.0,596.7022218979918,784.0780649952852,0.9154886849833552,2.0,0.2413889975240865,179.0,1.3010299956639813,0.3462682531097891,0.4328015143320713,0.3574349887288648,10171.307937919562,63908.21259033549,116.6157870043453,153.7828982641172,-453.5927608618588,42.58415714114855,16.146194083222053,-42.45041235769108,-381.7216878660826,21.209928781936483,0.0,0.6686675183238527,786.5862226845938,957.822065117564,0.0,0.1724137931034483,0.8275862068965517,11.0,645.2835236134151,1157.7587952970132,0.8914305473044943,107.0,0.3569431500465982,0.6463187325256291,11878.12837297257,510.59079528971125,0.0
182725_7341-X4593-Y22594_reg,68.80118606081123,364.650078609508,818.2233858240897,-243.2560273078257,-93.72112779556296,271.8536915826673,-4.470203242790503,0.5453076305762707,487.9415179708412,609.4065605832789,0.0,0.0,1.0,24.0,555.7076112929976,805.0488408160855,0.857525764257271,1.855041152263375,0.259181041776982,182.0,1.3979400086720375,0.4029835390946502,0.257716049382716,0.3181272811332821,13260.014408347422,77312.18422699335,256.23495016544257,28.60719013470089,-270.52244885697326,503.5634224128826,-197.3645523653973,457.1481518354967,-598.814187997486,18.780936891241225,0.0,0.6724791466450172,750.2379769594645,945.1788895985314,0.0027125372146873,0.1256367846510089,0.8716506781343036,14.0,681.3934866232025,1576.620542616301,0.8491213805241583,159.0,0.3106185908038372,0.5381409196162752,20822.303110222245,552.4864825048595,0.0
182725_7482-X7429-Y6760_reg,80.73214353417916,367.3978266134036,171.76285364018892,521.0933991697093,-84.76001914975389,-75.63573531666042,-94.62893515487096,0.2606175039137757,321.5236715281489,611.3940028853376,0.0018721198156682,0.0,0.998127880184332,30.0,528.9207390378294,759.4177182904378,0.8704122258028163,2.0,0.1981537121527663,173.0,1.2041199826559248,0.3823444700460829,0.3104838709677419,0.2999509515203913,9313.19207212454,58516.5115905144,270.6154500998173,-50.68092902519493,-514.1038807614082,-97.98323887937327,-438.5644998003296,265.37300607578004,-180.6070396194531,32.88565728435753,0.0,0.7202355346603662,756.1993068812835,1021.4722929471172,0.0,0.2343153300600109,0.7656846699399891,15.0,742.5177254481428,1815.5244360339827,0.8362929651056397,161.0,0.364611747590471,0.7980541916712129,14900.277961740752,492.9429274580249,0.0
182725_7649-X3440-Y17884_reg,24.380050794532508,296.69551921906896,-113.05488647339978,439.218034364626,375.7739882535928,-76.65466254809614,144.65262645988437,0.3652906370611297,278.3771976008866,502.74039159615313,0.0,0.0,1.0,20.0,508.1561027213993,997.067587086972,0.8530773569181425,2.0,0.1955742689564567,146.0,1.380211241711606,0.4498808578236696,0.3250198570293884,0.2361924002424854,8434.152194554563,52993.34114734171,130.92120175233595,-145.52469423981256,-184.5923251580805,-202.05410900272693,-247.52960606379293,-244.0687767618513,288.63530986360485,36.3748728403196,0.0,0.7765478042649988,727.2306452837392,924.842865118324,0.0036014405762304,0.3778511404561824,0.618547418967587,14.0,902.723348038998,1780.536273534612,0.8429752390436253,151.0,0.3044217687074829,0.6838735494197679,13501.96994987289,455.43898046511055,0.0
182725_7657-X3644-Y17105_reg,19.793907629852583,310.68087188941536,254.6302282402501,-0.1714312840995314,73.01282197175556,-113.1222070047528,-93.2019097878198,0.3078645833095368,280.0878924804847,539.4320487436089,0.0022063815342837,0.0,0.9977936184657162,28.0,450.7123041088944,692.7193154451523,0.8524449819899187,2.0,0.1913157566833979,158.0,1.146128035678238,0.4950780719619823,0.3260353021045485,0.2795485814245037,7882.207864372051,49525.37264155801,22.360935435332976,-492.9654642892583,-534.9681432704081,46.94323380139123,-59.73829194394855,122.38409305999096,-306.1931497006788,25.8362760809752,0.0,0.7698518170759512,818.1164705408073,1332.907068573002,0.0,0.3140864395152069,0.685913560484793,10.0,1003.3291593692436,1183.032833037477,0.8216315487024725,151.0,0.4677294365105723,0.7733864718255287,12191.481395083892,532.8568984379169,0.0
182725_7677-X7858-Y6794_reg,53.2570824012364,293.1115358385887,568.2213160362063,199.8676324107856,-24.82791236644507,10.061607127231866,-224.85690700162112,0.3603609248338859,408.7309108954887,542.775206207778,0.0400099713324192,0.0,0.9599900286675808,30.0,477.391236105148,968.5917774934912,0.8605482811423338,2.0,0.2346780085851994,188.0,1.380211241711606,0.495575221238938,0.2858033154680294,0.2985721943408045,10729.204078460576,67413.57742351464,79.38073671628172,-172.2550378689939,-412.2792330625051,-162.29711975060692,-505.8204223883626,82.00651414811061,-276.52136393534926,29.50419552499053,0.0,0.900038407971523,886.3872243028518,996.8039547402476,0.0,0.0822846079380445,0.9177153920619556,13.0,780.9310332184408,1180.2676254544936,0.8812833407078183,185.0,0.157967618236046,0.693971026842778,12677.835591404815,527.4088818347025,0.0
182725_7714-X7032-Y7882_reg,56.97703900525176,246.4916967715972,270.99948588341334,584.5508337864769,-173.2826859915529,259.655704131186,152.8882992620029,0.6084594954673824,528.327642274161,405.334164984316,0.0150338261087446,0.0,0.9849661738912552,26.0,526.6672081124854,797.7204486397238,0.8728824568509708,2.0,0.1669044087543608,178.0,1.414973347970818,0.4162805259862241,0.2752661239824671,0.2206331806035606,10736.343076387822,67458.43307039904,48.50614403224063,-264.3678490902348,-414.0516243974754,-71.39138170973213,-138.65819706438762,-390.4343403104884,-96.10704385453532,38.80505820243966,0.0,0.7255746911357118,344.70136348865526,895.9696373129555,0.0,0.3053104999135098,0.6946895000864902,14.0,760.8064302838121,916.9044482312796,0.8641973173325687,89.0,0.4549385919391109,0.7607680332122471,7815.610977558036,475.1640460263537,0.0
182725_7762-X3772-Y19585_reg,141.96908175427325,297.7983861581816,8.967240658886166,359.48636995689344,283.6069590307372,159.70985042151543,413.9415982436132,0.4120889648215252,504.2296786257239,549.0907396759185,0.0013323464100666,0.0,0.9986676535899334,19.0,532.4668824836239,799.5493258481104,0.8741066941185202,2.0000000000000004,0.2576805236342939,142.0,1.414973347970818,0.3803108808290155,0.3903774981495189,0.3043941461166585,9113.005886192212,57258.70468836366,113.54843656193134,-265.78952540853106,-290.9855314688807,-243.83135496468483,-374.03170963171686,-404.10629069294345,5.579530557714747,42.89123648664705,14.406556548472686,0.7822398939276327,604.9273189445257,1079.929013037357,0.0,0.2618906064209275,0.7381093935790726,11.0,790.2668789778436,1078.0433852547226,0.786554466320266,95.0,0.4084423305588585,0.8100475624256838,9099.933862547765,415.5674252633967,0.0
182725_7988-X4540-Y20706_reg,38.60800985187325,368.87810157212266,539.9779340090834,50.15707091396113,-254.9456175657458,206.11081490295925,27.40493052046727,0.4937401153401547,458.6193557271117,636.880423985295,0.0007600709399543,0.0,0.9992399290600456,24.0,570.6029195535193,909.525725483213,0.8752479459461727,2.0,0.2120764773145353,153.0,1.3424226808222062,0.4426146440334431,0.355966556878642,0.2810650020838309,10641.8281615383,66864.57834610702,112.09887224878548,-45.18752811058903,-479.2552720872335,-28.33161875731162,-1.6188946107732822,-395.1231588525617,-297.9090941091349,38.29634602201307,0.0,0.659950996819696,906.707358497728,1048.9912329174545,0.0,0.2195393759286775,0.7804606240713224,11.0,747.5345301620912,1045.7844656175932,0.8670204839310481,95.0,0.4140044576523031,0.6840638930163447,7272.152018959471,518.4738717187871,0.0
182725_8028-X4256-Y19926_reg,38.37787006767849,325.4588984119641,346.0594517141757,341.97287274735584,-247.63553174067948,194.68201103330995,0.3610553529442595,0.4147182601080226,308.1845320043112,567.8522794494952,0.0,0.0,1.0,23.0,487.9886910851516,746.6610895101772,0.8679854761553227,1.982411510791367,0.2325056052228864,153.0,1.3010299956639813,0.4251798561151079,0.3001438848920863,0.3087549093363643,9341.86874929354,58191.32329081972,88.22906176142442,-231.71901804663344,-510.7150774126724,-151.4544168546391,-167.5423966508629,-187.7638309628803,-87.12353184461455,48.57654156487814,0.0,0.6905808010664741,759.9180943398742,1114.434502175949,0.0,0.2806346508003967,0.7193653491996034,11.0,808.299599943209,1028.0452914307764,0.875847250842625,117.0,0.4836379090522737,0.8205128205128205,9535.07780568916,494.0131441763533,0.0
18452_7249-X11408-Y2071_reg,96.93382253468371,27.329370976129667,-316.8139052102391,-183.95735817596164,516.5545111162768,150.45254377625795,-29.65444446424946,0.683707075145437,336.4081523521145,142.15294523675084,0.0803667745415318,0.0,0.9196332254584682,11.0,307.97821379634973,385.7711787002756,0.8599128404379874,2.0,0.121819250469475,95.0,0.7781512503836436,0.3398058252427184,0.2669902912621359,0.1832862590596571,4961.109881690956,31171.57271594401,38.60884861433078,-957.4959376408552,842.2812732816056,-321.055109806258,-417.7314882389579,36.18963935616578,218.1739130161058,53.54689846531534,0.0,0.7812590397065348,956.211303879334,1064.453189030668,0.0,0.6209327242993289,0.379067275700671,24.0,1115.547581287972,2561.6546469482546,0.7548886207388098,149.0,0.4594259290588169,0.8308802797045057,24024.61013493184,124.6254230172572,0.0
18453_5667-X25695-Y3103_reg,26.22789079080485,34.55066321859522,-124.56185325275904,-162.70112392495443,327.1001967557635,322.82644205403784,43.805880499189655,0.6395972580256595,363.6198887990968,174.49477342451974,0.0076838638858397,0.0,0.9923161361141604,8.0,286.8849253638111,339.2502957208282,0.8707952688405943,1.927003293084523,-0.015000725864051,89.0,0.6020599913279624,0.4031284302963776,0.2719538968166849,0.1899740931806203,4842.065464581274,29325.97328280837,93.13984364815953,-650.6443356331656,607.7969421879427,-5.460816110204282,-46.19863913601099,-61.56541263394641,-160.09349224679687,47.88522153449038,66.90733920879003,0.8648991862522756,902.6389682392728,839.8158558642936,0.0,0.612578977599081,0.387421022400919,18.0,900.6799121194196,1678.979766947655,0.7665224860846377,91.0,0.4745531548345416,0.8339674108104228,18702.57205258706,97.3677334402674,0.0
18453_5701-X28505-Y4297_reg,12.309489503395524,189.76626832405827,-390.3137911178808,-80.93751718311567,97.92775044847446,303.11643294437863,-139.9175453228901,0.6942173996324281,306.6298358888871,391.2295994701485,0.0344036697247706,0.0,0.9655963302752294,10.0,344.2219672943607,407.7343934817751,0.8638828328412275,1.939449541284404,0.1258813259942056,82.0,0.9030899869919436,0.3291284403669725,0.2944954128440367,0.2517079638268979,5780.355656154797,35235.40874578458,43.96030445822362,-419.5402339557513,432.4117664001589,-560.4384542563829,-254.610211098024,339.3360979430103,6.554277716172242,37.75612536952995,0.0,0.4834718413381356,999.0934772291512,918.6714969540426,0.0,0.5589519650655022,0.4410480349344978,14.0,834.235398357992,1291.1881520279828,0.8560005949733701,185.0,0.4094140347313902,0.7303747334213466,26412.736613915105,285.36655004076204,0.0
18453_5766-X31719-Y6139_reg,72.08638392792932,72.0531812019035,-304.53803731474426,-122.84889552629164,161.7866641513794,366.2381219213953,-88.64515543244063,0.4891622337434226,367.2510949620739,291.3984376789758,0.0273806639205233,0.0,0.9726193360794766,10.0,275.9752598724758,535.7062955885933,0.8088887890912554,2.0,0.0876594199411598,100.0,0.7781512503836436,0.4303368063968985,0.3537678701235764,0.1637125304798223,5442.938186182624,34198.98923930949,22.689092993887016,-737.4902929043292,882.6950092225768,-426.5195789963592,282.23809280132804,-152.7596782938269,-59.84356714955618,34.61294092871639,0.0,0.5657802049036861,962.2233711604224,1062.1427293913805,0.0,0.4146215001728309,0.585378499827169,16.0,1002.1742721420716,1494.5437323177478,0.7947133300546174,139.0,0.3799976955870492,0.6606751929945847,23215.25994169045,192.9483139156877,0.0
18453_5941-X24629-Y3152_reg,21.99221986249904,165.8723448826131,-348.2932876601273,-11.688614437724308,-103.86116025227928,225.81883660636444,-63.01140194078849,0.4477968567136607,252.02388867376067,412.7601538588133,0.1294117647058823,0.0,0.8705882352941177,7.0,335.6315209467088,415.03637058060673,0.8545798836554717,1.7410887122416534,0.1877133269101025,63.0,0.9030899869919436,0.4594594594594595,0.4845786963434022,0.2898661546457921,4225.784489571116,23085.72275349815,43.84472489961172,-568.546262280568,228.3793621581387,-641.614396867087,-948.91120462905,465.00055609615936,339.78873425839475,43.76609192787711,0.0,0.6413605758916476,961.9937346056296,1064.197718702082,0.0,0.6020623872131993,0.3979376127868007,15.0,944.009918929823,1385.1697684721591,0.8042150184480644,173.0,0.2955690346458312,0.823943661971831,26237.093514763765,307.49631633609,0.0
18453_5995-X24812-Y3143_reg,13.769307501102958,153.16591933433938,-299.67749306490066,2.4566762989776705,-95.40209974849934,294.6258667779552,-34.04703026265913,0.4418393291870665,302.9117174749008,436.7033056834289,0.1872240976369774,0.0,0.8127759023630226,9.0,375.4090550639408,471.4535952305013,0.8542501650846623,1.8499091145157105,0.1949780005113009,79.0,1.0791812460476249,0.3947026746299662,0.4603998961308751,0.2877238822515496,5181.105848326515,30102.82564923237,61.31585176904446,-623.7617051813322,498.34142117609935,-767.6719124091996,249.6430449810597,-15.907884480727436,26.516498281946923,29.25686473165667,0.0,0.6827715316685112,851.2565107991177,1084.415034722033,0.0,0.302738960313024,0.697261039686976,13.0,950.0998494860836,1400.895197272267,0.7959884629131248,141.0,0.3911928651059085,0.6096989966555184,24529.349548367634,293.7622986774031,0.0
18453_6035-X24820-Y3039_reg,49.74105680633693,86.02913595412247,-334.0924568496812,-57.39264148912558,120.58069151985733,276.48465803798297,-58.361041205482856,0.5677575924220493,371.8421273929344,433.9143587775252,0.0004740459824602,0.0,0.9995259540175396,8.0,304.7422269623969,417.902648559082,0.8435641812235792,1.945247689025836,0.1497223605793567,65.0,0.9030899869919436,0.4012799241526428,0.431855890021332,0.2486114291383825,5618.209080079412,34342.17535539608,81.2036859747086,-591.6870253549196,744.1383266570011,-549.007416507509,-356.3033774234473,-6.429386259274315,276.70157146387186,32.76236365131499,0.0,0.5473912036775377,715.9043444301469,1104.2386241415816,0.0,0.3230960676953708,0.6769039323046292,14.0,965.6873201363064,1661.7569801940351,0.7960606272423051,147.0,0.4294801709571613,0.7073352549448365,27130.565404082696,278.9217290278058,0.0
18453_6181-X10238-Y3690_reg,112.41878287514464,72.9413197444319,-334.04678173024536,-184.66586930272783,444.9896526542319,319.4828508036667,-75.289838816061,0.6870299937572807,376.6873498631858,268.1279809953339,0.0,0.0,1.0,11.0,363.179074559644,427.8540988895476,0.8733996571956063,1.9246455622450969,0.0599981696663386,125.0,0.6020599913279624,0.4861138085065061,0.2410176733346281,0.1607561866862454,6838.989601091712,41348.013189467965,10.73383262243442,-739.4601163591306,1053.2203601941956,-92.6307693050592,-50.17342723263499,113.47145150559206,-135.86801594651686,37.012307109522375,0.0,0.5231033395399133,976.141166173742,1067.441803540365,0.0,0.4479937467430954,0.5520062532569047,13.0,997.7393188038276,1559.5759004745105,0.7632447786129568,133.0,0.4894736842105263,0.6392912975508077,25800.33509775773,163.53571049703436,0.0
18453_6316-X30559-Y4743_reg,132.15340092937913,15.277854665199357,-213.04968686553823,-161.7918787103265,295.3259868708472,326.47924647699307,-13.561012546235895,0.3963195439819879,434.28834069601726,181.56231579820496,0.173945973239081,0.0,0.826054026760919,11.0,379.0968091728026,448.9321563266408,0.8627577415593533,1.941176470588236,0.0583446042474781,118.0,0.6020599913279624,0.4448371623327442,0.3872759404190861,0.230268320907247,5240.996671574017,31956.415746917355,51.339965261619,-828.3861198502013,818.9187553217929,114.48674500034842,-56.18311811031246,-319.0186630195189,-132.68935015283776,34.22923625464855,0.0,0.6109267295138017,908.1083107472604,970.0136298162474,0.0,0.3681474480151229,0.6318525519848771,19.0,1017.9567680328008,2279.944489778913,0.7554423287716723,101.0,0.3838216761184625,0.7339319470699432,16996.05294098776,116.86803643485246,0.0
18453_6477-X30376-Y5078_reg,6.0938824275199295,143.09132039964695,-438.3016215456727,-40.42686438222288,-46.86918914820465,142.52574118751878,-143.82096347805796,0.4988110208795805,275.8943731552481,360.6942019507816,0.0110968843363209,0.0,0.988903115663679,5.0,256.20575217196074,286.2990283973577,0.8991603598608288,2.0,-0.0178183910460527,51.0,0.0,0.4374733247972684,0.6414852752880922,0.0884716414771818,3210.203160983043,20170.30133415004,142.94999962918791,-151.616268897299,1166.2907313784794,-857.8278409860736,807.6039296840173,-23.30507809782282,-325.15011120211403,13.073455417709429,0.0,0.7623323154972702,835.1060812756305,610.4127682215694,0.0,0.1240099930898846,0.8759900069101153,11.0,616.9588223579914,935.2413993601908,0.8103842635364541,159.0,0.4972625312284059,0.4160420985488758,26015.9040755164,266.011348769391,0.0
18453_6479-X9010-Y4330_reg,7.965891125207349,83.55918918064071,-415.6214569260865,-120.87821527987998,225.5170290590808,311.06542483341303,-143.6829546306046,0.8790071850421741,263.2538181376301,280.9592221179255,0.0,0.0,1.0,13.0,315.02261107736183,362.77310583115127,0.8793190177532088,2.0000000000000004,0.080067691990067,107.0,0.7781512503836436,0.3434927697441602,0.410678531701891,0.185697523796411,6042.588408788838,37966.70270743562,28.64669921237032,-379.3345598451824,577.5257995765347,-550.3313809464966,-115.44469371191008,-95.13686787178789,-24.27885923759733,30.42025444662393,0.0,0.7115917330573577,778.096361566943,725.5460717245414,0.0025652536394536,0.4813698454434682,0.5160649009170781,15.0,761.3554882378737,1440.3458406713337,0.7913295590544482,113.0,0.4973385493490669,0.6852433784390431,21328.756966413748,216.21266813156288,0.0
18453_6537-X8725-Y4484_reg,29.10421677423767,47.56134557632686,-434.6563928427457,-108.60884209254692,206.67904516465032,217.8314026204864,-143.2243134499848,0.8094399808161943,350.3374045687309,251.64518452307857,0.0,0.0,1.0,8.0,274.31792347019336,348.15058253475246,0.8390994278695736,2.0,0.0966996492992054,94.0,0.9542425094393248,0.420049710024855,0.444076222038111,0.2282683658229751,4861.774032430963,30547.42716739746,102.84139659850256,-572.2392716009144,287.04887442847007,-611.8078548688171,192.10592363371248,61.48522777196005,-269.8348653390805,37.073575567844486,0.0,0.6646426691936475,786.5239574690461,900.1923885844026,0.0,0.4924151555775065,0.5075848444224935,14.0,852.3924784264683,1717.860329276645,0.7296037418011626,123.0,0.4025964862767234,0.7637761941720173,19297.09305642144,214.3322454061542,0.0
18453_6561-X9442-Y3817_reg,23.088611738426263,10.73730257056377,-274.2671885105285,-184.0224920426801,472.5806777563026,269.22583548092194,-17.075359785732676,0.8558000918420481,461.9585652152572,197.0626723897185,0.0310148232611174,0.0,0.9689851767388824,9.0,295.1699888759012,369.2158685809755,0.8818563408231362,1.956214367160776,0.0153842508456809,117.0,0.4771212547196624,0.4809578107183581,0.4027366020524515,0.131412457765243,5805.54949521477,35688.43737549365,133.55296679368575,-762.3254855439509,743.7953591296684,-335.04769923278485,-20.08854390703763,-91.6862478559647,-31.37160666956798,44.75673411780316,0.0,0.5896017560390415,832.7502402541943,940.168478638333,0.0,0.5635688637331873,0.4364311362668127,15.0,973.8880269509892,1571.7629867583476,0.8035332919698932,111.0,0.4559673787353173,0.8266082405209665,22189.67175153942,134.79173044598656,0.0
18453_6604-X9161-Y4006_reg,119.57219847619444,47.53219470836302,-281.79966826743583,-226.7987846485436,671.5338010705434,272.3004639987972,-12.858041547144609,0.912171848558308,400.71110394425386,195.6118198553322,0.0064468594584638,0.0,0.9935531405415362,11.0,288.17698496063014,355.40087835724125,0.8643171722134276,2.0,0.0844474183636744,134.0,0.7781512503836436,0.427150488119359,0.3015288266715785,0.2125275767419027,7281.82207277864,45753.037457178776,2.744060969421412,-724.2760562975745,819.920489955131,-504.9748122215565,-487.0866177285222,309.3972637169987,97.16178698801453,53.33878953586599,0.0,0.5060080581077231,1004.2095137287756,931.2827893178636,0.0,0.6874325149054035,0.3125674850945965,18.0,960.4881357195908,1864.1021368895863,0.7716591763112347,183.0,0.42589549786395,0.8389746960236608,29030.078994039064,142.72774204077888,0.0
18453_6675-X10576-Y3102_reg,17.348701305857503,-35.020272900379496,-162.34696040561136,-166.06995734124317,407.7721868702034,251.7294131278374,41.1569536211247,0.781036021269559,328.55311076894486,189.43459079693275,0.0827067669172932,0.0,0.9172932330827068,8.0,267.93895970164607,305.93535378677285,0.8984756329188174,2.0000000000000004,-0.0006978468930945,83.0,0.4771212547196624,0.3748259537733222,0.4313561681982734,0.1695593562155077,4918.951572058126,30906.68424428339,20.609682006926505,-833.5483771331938,1053.9483610992463,270.1393132585098,-109.19203018530024,161.22851508105597,-374.96168277608746,45.19441139294773,0.0,0.5344201640616583,985.9127282493296,938.8029053672208,0.0,0.544903293256665,0.4550967067433351,13.0,1013.0794013355874,1474.5834489602562,0.7503515118719809,149.0,0.4084683742812336,0.8498170412963931,26221.36150795427,82.18914290358026,0.0
18453_6675-X8876-Y4461_reg,72.59106257242553,56.50151130414452,-366.261948323505,-106.66260220005611,263.4275399985188,348.4503158575733,-84.65653955738534,0.5810700751584199,360.6540609655786,358.32561511874337,0.0,0.0,1.0,12.0,297.4017917128274,409.3290366482304,0.8586090989711613,2.0000000000000004,0.1234491833160784,133.0,1.1760912590556811,0.4905020352781547,0.4698100407055631,0.2151125630557791,7803.86579764187,49033.134918944845,3.401772239474667,-556.6577107130643,202.0696175357664,-341.6172493348409,-434.57028544034745,94.21381921589467,-4.131759831806651,42.05960857088639,16.17317562956456,0.8723851535954232,919.7669662009926,974.6648588155084,0.0013131976362442,0.5922521339461589,0.4064346684175968,15.0,895.33505257825,1257.322937187161,0.785380247415485,123.0,0.4307944845699277,0.7690741956664477,20478.29465765585,257.808183226796,0.0
18453_6748-X28152-Y3578_reg,34.90476637401207,92.49624047533098,-344.0258159466657,-107.41944968613316,109.85841079406497,251.6040710334561,-90.59487300478492,0.76694482635115,296.67614924780264,273.017671774574,0.1759408169829527,0.0,0.8240591830170473,10.0,250.9909782442407,341.9817363207022,0.865800672914323,1.996783531682213,0.1264298276875803,84.0,0.9542425094393248,0.4956577677709874,0.2933419105821808,0.2142075357983497,4157.156567333197,26088.087987957824,9.122814496119643,-675.9643095916931,1360.0749712583092,-695.6831720105964,-395.6979002198608,151.66823452743063,358.0723555371321,39.44891083532454,0.0,0.8319200479619011,984.869242116144,905.090560617516,0.0,0.5322637517630465,0.4677362482369535,23.0,834.9562702704848,2331.152828702543,0.751694345765882,219.0,0.4438028913963329,0.6675334978843441,30801.699398690296,171.6513485990062,0.0
18453_6846-X11548-Y2831_reg,6.911820006003836,60.24135305789059,-238.2139834803376,-130.22739229572548,164.15457855092606,309.2628811426699,-24.569121827572864,0.8439099556473482,563.6021947207191,247.98162225775377,0.136027143738433,0.0,0.863972856261567,10.0,315.70568671628337,415.4180955068605,0.8633395299468817,2.0000000000000004,0.0550656942236357,73.0,0.6020599913279624,0.4537322640345466,0.2193090684762492,0.1896318306257382,4300.021092140136,27017.82934669728,4.96580805468875,-726.1729669337792,1345.1007912218115,-272.20295195839475,-715.2477463761957,246.1983395946785,208.97670609335125,45.57504784637107,0.0,0.9261363604016384,997.2376194062654,953.6631251170412,0.0,0.5357365376056965,0.4642634623943035,24.0,962.7292626189148,2303.270023225682,0.757098140624731,163.0,0.4971072541165999,0.7129506008010681,30119.7296544008,153.53049639051872,0.0
18453_7007-X11486-Y3611_reg,13.96239840067119,350.60522046769256,-437.3236054508116,63.40240355563937,-123.15110570284718,84.191279814959,138.25476795192134,0.3983734221453713,287.0751774451446,447.94702502239306,0.0029615004935834,0.0,0.9970384995064164,6.0,399.8682383560863,436.7611025338648,0.8750912291634034,2.0,0.0305091315649389,56.0,0.0,0.3642645607107601,0.2533728200065811,0.035003958827662,4126.361225805397,25926.69222609606,182.905259320326,198.4616707176824,1223.1311978844922,-893.4262846154232,827.2659955105328,-412.1791049056692,-110.12955468510074,18.392077113261887,0.0,0.8289699055515701,829.1589608392833,569.5127162909607,0.0,0.0750049771053155,0.9249950228946844,12.0,601.2976880851636,1698.273161370896,0.697276872527752,141.0,0.4103125622138164,0.2062512442763288,27610.12760635502,392.2980183159125,0.0
18453_7010-X8769-Y4509_reg,2.798824645999048,60.42408690603679,-353.37549879901,-120.7174776489083,217.45254619536445,305.30018005259245,-104.36463113138528,0.8181927671065674,243.3861120359525,296.6739720371297,0.0704803282645426,0.0,0.9295196717354574,11.0,305.5466769284196,357.6525511472231,0.8725544105704263,1.9339213130581705,0.0531498924982228,105.0,0.8450980400142568,0.4320540671011345,0.3753318851074101,0.1767423995106247,5539.793915113622,33687.436866413154,115.35180176962876,-513.1461406713433,423.9673904265583,-419.1195391479232,237.8552844778619,97.78112635365156,-127.75337723992072,38.92600306450473,0.0,0.8610276246489361,874.0703473361509,804.3582383987205,0.0,0.4594178740864213,0.5405821259135787,20.0,799.208802483414,1285.8578057379182,0.775350678433716,161.0,0.3999230670598794,0.6909219130657777,21182.885932263784,221.2867863051256,0.0
18453_7024-X9012-Y4138_reg,163.52704489079588,33.8013261559272,-168.159433875769,-227.7556926243493,606.4566683657424,348.86445924331395,33.34305097128607,0.6337767354058488,578.4453834901651,173.88387981798223,0.0126272144741801,0.0,0.98737278552582,10.0,381.0334569785185,457.0934845308346,0.8491791205533372,2.0,0.0166453422081851,101.0,0.6020599913279624,0.4909536373916321,0.1626460610629476,0.1245205141029104,7161.682907847311,44998.18082126538,42.702372518228,-782.8937364298783,-46.55654335776771,-121.6855229813428,-422.238555546266,-63.46889972587948,123.5023549080409,79.12939934475186,0.0,0.5244426368405509,994.6336170043304,979.4764538807748,0.0,0.7967073470390695,0.2032926529609304,14.0,990.2990061273842,2057.225920065504,0.8322268023099629,111.0,0.4965189614219019,0.9009746908018674,16664.18622510663,133.64100485606232,0.0
18453_7112-X9089-Y4667_reg,6.636142472619213,190.54716400513323,-409.9759366552644,6.3421481325404105,-36.63786381854715,141.29740148363513,24.243787370947143,0.5665996991343011,273.7317269889745,395.1606670216147,0.0199382196012356,0.0,0.9800617803987643,9.0,329.99391033623743,431.9203753698045,0.8504420544093448,2.0,0.0885195762932499,75.0,0.6020599913279624,0.4802021903959562,0.3538331929233361,0.2106160469199959,4799.192600339335,30154.2164327772,279.6364397126581,-356.91731745744335,779.7113351682754,-603.6490908108696,746.7131577563968,-315.34142615560165,-114.88668707936316,16.365023306244378,0.0,0.6692089956033346,728.3078312968028,901.665549098121,0.0,0.1681659035820091,0.8318340964179909,14.0,796.7479377829297,1446.3741872871965,0.7581950288031503,183.0,0.3319148936170213,0.4392674387287907,25305.74254932406,356.95125318370856,0.0
18453_7132-X11495-Y3152_reg,56.95965397717009,41.613919398449525,-346.9094700851328,-89.23097643454331,56.09729566440247,320.5527103126138,-114.698474820694,0.5293977813000937,272.4062812559496,377.5477518424536,0.0537155580295018,0.0,0.9462844419704982,9.0,263.7948465155256,377.9396847317103,0.8519830563951398,2.0,0.1622174008631017,71.0,0.9030899869919436,0.392429724464236,0.5093236849429447,0.2864848239520615,4827.255246487659,30330.539238736845,18.82558294980663,-585.6768803695895,1023.3562331074966,-639.3823128153199,-541.3239650388148,-211.99748196255675,477.8655287364084,38.19747853095811,0.0,0.8857681826989444,935.9098369529548,950.8034400852302,0.0,0.5424083769633508,0.4575916230366492,18.0,916.6027808133292,1532.588989793872,0.7306137148794758,159.0,0.4646834840552117,0.797715373631604,28524.14729804588,200.3059360740184,0.0
18453_7132-X31679-Y7308_reg,50.14052810725661,201.2485902230892,-168.44475908684785,441.7246011166165,44.48510623691518,-42.62518048295004,248.92076304297385,0.5918600776102294,350.3269430863147,445.57706269729897,0.0,0.0,1.0,10.0,339.97071769933365,477.61891125823007,0.841293293484484,1.8550996483001168,0.1578845959784999,75.0,0.9030899869919436,0.4607268464243845,0.5505275498241501,0.3443740095746466,5679.407432725864,33110.69643392593,29.687536486839235,-305.87154697896153,661.1491873141292,371.8296315375285,-29.630287852480944,-437.30349191665255,-91.21474687338322,30.89993684575952,0.0,0.6868315987729857,983.6433902019488,968.2465193071968,0.0088312405133158,0.149027183662205,0.8421415758244791,19.0,811.2910173529507,2448.349822235369,0.7603480235849835,121.0,0.3437284393542155,0.3335173175106941,19428.77917291501,427.6566370951695,0.0
18453_7146-X8788-Y4552_reg,49.62881956550882,29.80372680958203,-323.0921224588445,-123.94902313996388,210.7640679844004,347.5473968266895,-87.6240907014737,0.708620374211577,391.0145125351992,310.5309634447651,0.1236607142857142,0.0,0.8763392857142858,11.0,303.3286734764782,440.3213584750741,0.8763612175263595,2.0000000000000004,0.0428551415896285,95.0,0.9030899869919436,0.4613839285714285,0.353125,0.1397060639658965,5966.829805756435,37490.6973659701,45.33503825588468,-631.29397610635,185.27287430880884,-333.72301703643194,214.24909720747948,-50.31034151310811,-211.7219810377548,44.211553521548296,0.0,0.5949249451276739,921.3811063247294,906.995671279312,0.0,0.4505985634477255,0.5494014365522746,13.0,911.776886543338,1352.5843523317956,0.7905690761617843,103.0,0.442218675179569,0.7408619313647247,16820.650220158102,205.81790523331048,0.0
18453_7188-X11060-Y3637_reg,5.558374072303195,159.02532410437334,-404.6653867179418,-54.75872308725051,57.51676520430748,230.3432823202249,-99.77156380902686,0.5303504587148159,272.3225514634996,438.41603240475206,0.002203182374541,0.0,0.997796817625459,9.0,315.1690744124495,413.6874851475464,0.851669880423189,2.0,0.1283502850221904,92.0,0.8450980400142568,0.3777233782129743,0.3263157894736842,0.2510976307505517,5473.684871304808,34392.17635951352,1.9082567547720828,-278.37849221266424,1187.4117106515696,-663.1603511476012,56.64080011354245,420.84667443455606,102.39548335243816,23.414355277997064,0.0,0.6745733534169258,1002.1744830127664,828.9459825849017,0.0,0.3976079683113487,0.6023920316886513,15.0,686.1908377853674,1709.7382159016993,0.7891419916724604,205.0,0.4767911394839057,0.5667807560666077,35456.233062993415,307.7173037699905,0.0
18453_7223-X30215-Y5120_reg,86.56471297013559,27.08887569639592,-246.9859339261172,-177.96486100709052,415.518875707698,262.8269479650853,-2.9450101213543327,0.4363182192255607,370.8865301228543,188.41806242025632,0.094224924012158,0.0,0.905775075987842,10.0,342.5122675292083,394.8833329901196,0.8720354469686035,2.0,0.0436566859386383,102.0,0.3010299956639812,0.4825227963525836,0.328774062816616,0.1208911467747338,5271.585204380303,33122.34670170756,88.09147652195588,-849.6569035070461,1204.260351618229,-164.2047016786622,-564.2911870455404,198.5420029619112,177.08592976952644,50.17899371227276,0.0,0.7436610170208133,779.6326386351639,1005.5193994801476,0.0,0.611128590048991,0.388871409951009,18.0,1046.668193616286,1907.71012609538,0.7335575419508636,183.0,0.4361544339071418,0.7849341543440155,30277.07883837504,128.43720277409622,0.0
18453_7245-X12979-Y2864_reg,13.324945251852114,109.06862272489798,-414.7122843784779,-95.02388434507102,144.08660441937928,265.1650515990973,-145.22362217090156,0.6000546343266518,344.9401679437942,315.77655575696554,0.0148448043184885,0.0,0.9851551956815114,7.0,268.97019237454515,357.7372838193825,0.8591093584330647,2.000000000000001,0.0632806802687367,72.0,0.6020599913279624,0.4507422402159244,0.4180836707152496,0.1844237675697714,5066.260227824095,31832.25182581276,136.11598540382056,-549.4731153913581,598.7917143936485,-874.6524348309227,487.8146851622703,-158.84749483576633,-28.660171712676373,28.709568036912675,0.0,0.7848688661759653,840.3852543900257,914.7498373135186,0.0,0.3399305767005663,0.6600694232994336,11.0,914.9768723152062,1367.0480161492053,0.7699354954876868,149.0,0.3025394312161257,0.8307654832227026,22480.13928855136,234.57273389491831,0.0
18453_7304-X11719-Y3749_reg,5.939773768255691,288.743004363881,-434.9934149160075,78.17254088152143,-129.3386036819457,60.18194485542651,151.65221770836197,0.5144698774239571,262.01465345211363,339.40415128538507,0.0,0.0,1.0,5.0,314.30250880481333,339.07472005966,0.8447333818558076,2.0,0.0438593444564597,48.0,0.0,0.4920015606710886,0.2157627779945376,0.0386978254021085,3441.1298852022546,21621.25673479932,5.32174512216352,-33.38578297420827,739.994785386531,-849.3501181983154,691.0722201028724,-485.9343608066284,-93.17223919701486,18.75924077117249,0.0,0.7218694083475254,583.3744750663091,718.2257332229128,0.0038580734931376,0.1024603124407058,0.8936816140661564,11.0,469.496234016532,1304.1600175637616,0.6918783883510142,115.0,0.2552653216115362,0.2252861931566631,21465.702894739545,400.3675650994702,0.0
18461_6043-X11080-Y1667_reg,136.31729779668194,56.29394943967782,-360.9738776778091,-162.7558228145545,407.1294256837146,159.88952861052303,-64.23431693842632,0.9490618897091956,342.69184158653707,196.29279924030016,0.0,0.0,1.0,9.0,312.2207190850728,364.2401517089202,0.8619491690164713,1.9982714932126693,0.0402392182233728,74.0,0.3010299956639812,0.4646493212669683,0.1945701357466063,0.1233655935191727,4778.520529895798,30001.468617283703,80.49693576382651,-653.1534427074448,788.2162294825422,-656.5446324103286,-528.1582288174358,333.992639142556,278.50073005354903,51.30472153423554,0.0,0.5747583209693596,907.3728902142028,984.657366584398,0.0104920939855179,0.6743017585340624,0.3152061474804197,19.0,886.4479719120571,3025.5138536370528,0.7304987247859399,137.0,0.4126452629505613,0.8741382706322631,27744.13448120839,142.01529899002605,0.0
18461_7132-X6338-Y3287_reg,64.23505725177078,183.410841414634,-436.5848541572389,13.660071149582985,-95.06748389483847,84.06147333433891,14.324298594158815,0.4656032293146931,257.3145777417392,355.40890682881763,0.0034818941504178,0.0,0.9965181058495822,6.0,314.9850489197854,360.8522628416248,0.8787002487790145,1.8461002785515324,0.0760023242018781,60.0,0.3010299956639812,0.3377437325905292,0.3986768802228412,0.1680155305642368,3868.442807069797,22426.11490045476,167.53142393132285,-78.83718155933275,1273.5452862974782,-1187.6947188219497,796.0287626007223,-5.931740900762234,-128.15301564722708,17.851431497809354,0.0,0.8659467619109448,661.0186309867546,584.7851220701978,0.0,0.1514222816937885,0.8485777183062114,20.0,582.5044504902207,2400.5591813245483,0.7495729247097538,205.0,0.2069754392023136,0.3084559934389433,31610.494714611694,361.7934578810096,0.0
18469_5755-X6174-Y22049_reg,153.88246166770296,339.05583159952585,691.7624826035287,278.64720345057054,-131.168893406255,297.3818633457933,-274.4792803765058,0.6062514849207905,441.7963954545394,586.9551714629888,0.0,0.0,1.0,27.0,631.9487839580045,871.9507742846652,0.8330929546010521,2.0,0.1927873718737354,167.0,1.3222192947339193,0.2994116365221181,0.3420135105687513,0.2397721250534081,12150.004022989777,76340.72675942305,143.8360294910617,-58.46495978998428,-406.17297374877546,-326.4202990020639,-755.1152071836244,579.3895074059476,-298.4825681805266,36.8418876619351,0.0,0.6480025776429873,741.2014856631577,981.8433090245072,0.0,0.143783542039356,0.856216457960644,11.0,731.646307085605,1266.2779914519367,0.8088704366456048,161.0,0.441711389385808,0.7403846153846154,17815.28772797704,495.6406338199587,0.0
18469_5853-X6133-Y22657_reg,160.3389201313721,420.0074907966919,583.3495701219105,41.18771800240204,-277.27180222680323,150.26539068024042,-259.44534328059274,0.7049969251246806,392.1307845227993,612.6442286837282,0.0038007863695937,0.0,0.9961992136304064,25.0,600.8441633651776,830.6928053328795,0.8318309921831314,2.0000000000000004,0.2655473970577656,154.0,1.3010299956639813,0.2711664482306684,0.237483617300131,0.3266037029046296,10078.125173850936,63322.72801625726,32.99417548696965,144.70500721627013,-731.6127881604508,-143.51228301896074,-401.3700545608681,761.5351095604238,-434.80730990691023,41.51348130687048,0.0,0.8121255035789484,787.7086442659738,885.7108647694886,0.0,0.2461526194083406,0.7538473805916593,14.0,626.9023813316534,1315.6483219503082,0.8370397531401219,145.0,0.4215772266964357,0.7554421497488238,16845.33974340704,544.5022158761724,0.0
18469_5924-X6028-Y22963_reg,57.02684833195326,423.7373067063618,376.46173656699824,38.929555044831375,-262.6625483302884,150.33512583989994,-247.4449770490436,0.4016594643826716,289.0163159224239,592.514138186827,0.0073466598325644,0.0,0.9926533401674354,31.0,589.444546706474,807.8234926409064,0.8281423282197881,2.0,0.3062919643376176,140.0,1.3010299956639813,0.3276951990432257,0.1486417221937468,0.3300215753514616,7701.425259425839,48389.4820343661,97.06614513327077,114.16883808409057,-577.8885946330729,-59.91914100389204,-224.42000836329603,121.2143976685606,-50.03466819062503,42.699470040394985,0.0,0.8906042695280846,903.7003922017392,885.0993371112936,0.0,0.373185047883843,0.6268149521161569,14.0,689.9926208595903,1223.1423811937414,0.8051469132003464,93.0,0.3514571104932551,0.6757285552466276,13006.509974017645,545.8575773304997,0.0
18469_6120-X7370-Y17612_reg,16.243612642633593,497.08923838717874,-324.11298462696953,-218.27313343122788,-97.2693015601291,-130.97309294972544,85.89511665628038,0.2594310380424788,293.7836263282692,772.5297350747742,0.0047932893948472,0.0,0.9952067106051528,10.0,677.3621053818956,849.8667188734191,0.8255263646444778,2.0,0.1839904374320612,53.0,0.6989700043360189,0.3070701018573996,0.4295985620131815,0.3511966938381676,4409.5571366429485,27706.064612123875,57.66905043313136,284.38325154009544,1162.1821157720492,-888.3287381956973,1445.7247454191108,926.1348239756716,305.92231926485147,37.32091553170224,0.0,0.710860313872145,916.4554107391432,965.4139602567792,0.0,0.0271210442063785,0.9728789557936216,16.0,746.6789958730297,1978.6748891689133,0.7578060219473437,253.0,0.445665558428765,0.2145363871444403,43209.48159463353,661.5553024455728,0.0
18469_6185-X6027-Y36689_reg,207.1880673485366,451.0713890471003,493.4812809243016,-376.758827580452,-35.586027975058414,-0.0374360513439472,345.9560249151984,0.5802859102520209,504.8621979340214,764.086312652406,0.0007554500323764,0.0,0.9992445499676236,25.0,665.7563742473669,868.1511287148181,0.8452761364303036,2.0,0.2638906901582616,173.0,1.380211241711606,0.3234405352903087,0.3118929419382689,0.3464010767862651,12523.853662851892,78689.69332369838,19.46706650655597,191.9681848896108,-550.067679034241,259.055451269408,98.32961395227176,350.1521845747993,-41.12839689804948,29.82261082666164,0.0,0.6356748776403833,970.8878617064574,1017.0301271131548,0.0,0.128112568144983,0.8718874318550169,15.0,738.1716799241558,1550.2120953775077,0.839710309716003,219.0,0.418078679829085,0.5972447325769854,18059.73111647027,595.979935056101,0.0
18469_6420-X7388-Y41840_2_reg,6.619943918875492,228.49484053308515,42.676693333215454,-141.9250359686374,-33.33781858534408,-104.24469876155814,-33.30060165637416,0.484904286741446,566.3935306034174,788.6991344700782,0.1812527765437583,0.0,0.8187472234562416,6.0,594.4889119108949,707.7552729177123,0.8397654266293682,1.6530430919591292,0.2870036772050036,51.0,1.0,0.3589515770768547,0.4593513993780542,0.4150312431473029,6108.116203248526,31692.82098409496,22.97419761139884,-85.71174669729953,-719.7717654952495,-162.11185396599416,-171.6851950740243,1375.7056359125295,-140.6737527763048,26.8579391592744,0.0,0.8938333026789048,978.2484500699816,890.643188514754,0.0,0.0479631425800194,0.9520368574199806,15.0,685.561198817426,1433.0266777429874,0.7496981941617619,227.0,0.450921435499515,0.7266731328806983,27485.41613874211,553.534134302636,0.0
18469_6572-X5325-Y34608_reg,236.5971357049857,350.1907741209882,399.1718558862868,-15.155568248164528,145.50482252695463,-46.50214301231879,-201.8777755038964,0.4098691140957931,445.07198321658507,594.5185954954316,0.0361075129533678,0.0,0.963892487046632,15.0,576.9569135230108,844.073252703773,0.8256457897912677,2.0,0.2300279634221011,111.0,1.2041199826559248,0.3314443005181347,0.3227007772020725,0.3247417220636118,8157.304121293591,51253.853401107306,107.64496830486132,-135.55297727574953,-539.3878442236811,-61.41674806202384,-153.14158149563963,32.6331158302342,-355.2056581774981,35.45607155682384,0.0,0.6149827691954984,560.8113378600392,1046.4052451672237,0.0,0.1320016196517748,0.8679983803482252,12.0,689.8212512378419,1180.4687840535998,0.8221357788611573,107.0,0.4611958428937778,0.6477257389661223,9876.922239879605,528.8584231128358,0.0
18469_6590-X7059-Y41111_reg,217.9481590399082,422.5774882085293,761.0053635283739,-0.3844277887036306,-324.63704808344863,-31.29678330990295,-186.81543897896705,0.4348741186739526,567.9974149811351,704.1490818881362,0.3681118314424635,0.0,0.6318881685575365,22.0,692.7607594559609,988.9664108733588,0.8461157249656469,2.0,0.1928204315921351,160.0,1.2787536009528289,0.4456925082739945,0.2665730618794504,0.2730335126423274,13168.423792883415,82739.64689415891,4.47330120407878,-322.69469650778456,-498.1758340312784,-295.0131936566373,-643.7871252876497,122.24824681911832,-165.17499051071192,40.62800976401697,74.33665059713114,0.8723969419166441,941.5436389401611,576.5304791074282,0.0,0.0957949179221947,0.9042050820778051,15.0,664.8219189965246,1022.3145642648316,0.8350641231464939,169.0,0.4414211828198785,0.5936586462783899,11836.108767876938,547.402556289268,0.0
18469_6673-X5500-Y35752_reg,1.7192219846501755,410.0317766844855,354.73348792072426,254.04287464953933,337.9275447877861,-63.37770218367799,-70.3158005597444,0.3372255681520309,338.88845074186884,636.6842406553114,0.0,0.0,1.0,23.0,581.41227828829,917.91321001515,0.8172299953500831,2.0000000000000004,0.3424558928905711,155.0,1.462397997898956,0.4514308746473196,0.2361950826279726,0.3487040923696005,9819.317119842945,61696.58905393435,77.75092680452963,108.4086700251978,-225.5242742765916,-89.04870288656316,-325.37691466398934,104.39295164024584,-162.5574742601557,29.92814199391994,0.0,0.646815113038351,687.7207994895462,972.8594828316914,0.0028221183525884,0.1296410618220301,0.8675368198253814,15.0,665.5093031701109,1881.093312487663,0.8074122456931537,147.0,0.4852722664102789,0.537540424788043,15193.66537671154,517.221924381013,0.0
18469_6680-X6305-Y38542_reg,219.68210970244763,444.6036683628686,398.2368729957846,143.52655927026325,3.2714457393085365,116.50791827422331,-21.135777646412883,0.3929856913389023,441.4335721764001,716.347245818682,0.0,0.0,1.0,23.0,650.712732273357,926.658505308342,0.8316058072063721,2.0,0.2818064579469653,166.0,1.3979400086720375,0.2808248603751969,0.2189603322354289,0.3390202475044416,9199.055741654707,57799.37187589096,64.85604684103964,170.95412066977497,-445.0072414645673,-82.65938826641822,-672.4425304320193,899.5723960869727,-133.9365589202106,39.61864336753818,0.0,0.8759108287013472,936.7271790017076,986.0994907355998,0.0,0.1440212962459933,0.8559787037540066,22.0,759.9058894369756,2105.174117596268,0.8094203118762111,281.0,0.3717607431955234,0.6423643179225295,24549.04901449042,528.4985326289419,0.0
18469_6767-X5786-Y37391_reg,242.6789115931524,373.1602684536133,573.3970331348297,461.42730117813886,-247.4361313407865,377.04871655995527,135.08120783275228,0.5875861782401393,569.7463336763021,664.8337215044653,0.0003350457895912,0.0,0.9996649542104088,23.0,657.7595311753378,933.9247266942764,0.8408898627524547,2.0,0.2439292834721937,164.0,1.3979400086720375,0.3239892785347331,0.3409649318740227,0.3211869579607838,12011.561896733056,75470.86922583109,92.46436801564414,21.993790145334515,-78.18385450806176,282.26681906819505,-275.3836893401245,88.49883536834045,-420.32254509817983,19.776211804779987,0.0,0.8530631717652465,744.8530781520058,1009.3059068742928,0.0,0.1643333333333333,0.8356666666666667,21.0,674.1934598360394,2612.425411344394,0.8406896702406249,195.0,0.34275,0.5615833333333333,15880.67486856668,470.77720982039807,0.0
18469_6822-X8235-Y15661_reg,170.91540339839048,417.20583058834166,534.3605433184532,-429.59640199017207,-263.16242882001364,107.25866923472968,257.7825114638635,0.3836644507252852,483.72745845658574,730.8148270830039,0.0979804704837993,0.0,0.9020195295162006,25.0,679.5552956515032,1041.7814831728128,0.8382135279587604,2.0,0.2412191152463225,139.0,1.3010299956639813,0.3824900133155792,0.2734132268086995,0.3084123756162993,11884.185176090848,74670.53768621555,234.6219036860012,61.611746503658765,-698.9676298079248,30.21726122353237,266.64031391829604,-15.72398574646846,-99.31596599852584,51.34137100489201,0.0,0.6538792200342678,775.9976958651396,1040.5152707162097,0.0,0.1622065135066902,0.8377934864933098,14.0,703.8727323770978,1103.3917319096652,0.8201019729872719,105.0,0.4843473870234789,0.7623074981065388,10565.029288720742,594.0950054363655,0.0
18469_6907-X5348-Y34515_reg,163.87956452067465,399.575282609394,244.16554335664028,-321.7983510916243,97.18052782426903,-112.24441737203196,101.16115727724276,0.4336185928167692,427.54326559197307,593.5120494080984,0.0115783059110298,0.0,0.9884216940889702,24.0,560.6936976897467,817.7001576648972,0.8087437789248129,2.0,0.2583315046492931,133.0,1.2787536009528289,0.3753808653260208,0.1974405850091407,0.3151088555244287,8604.294313838247,54062.37561135734,322.3544563926471,-241.1875032029393,-558.3033772717238,80.09215875290218,203.6247226792262,-149.48716356778615,-149.88652819041047,32.763155043211604,0.0,0.8287417345384526,629.404008457207,1282.1583107940342,0.0,0.1860005644933672,0.8139994355066328,9.0,874.7929827959101,1423.9837588559062,0.7837997619456165,89.0,0.2316516931582584,0.4720110573600553,9561.221617816933,610.7347879398922,0.0
18469_6933-X5678-Y23165_reg,36.68645265744635,411.744177097452,361.2162591793699,-174.7406759219926,5.052343794435017,75.66164712820049,-77.60050751927882,0.4079326847508517,394.47855723578687,605.0987725059995,0.0059836808703535,0.0,0.9940163191296464,19.0,549.6818024227434,878.9451629093674,0.8015023754057485,2.0,0.2013568462130009,109.0,1.1760912590556811,0.3729827742520398,0.2476881233000906,0.2601215889458103,7259.592714972384,45613.36628282247,53.2935020126024,-432.6021915108586,-569.1892419935284,-39.834021552235335,143.0881169612483,-371.913966776745,-285.9651490644696,42.63756233656888,0.0,0.7573959939272183,408.3573450660533,1235.218335939072,0.0,0.1887010882148645,0.8112989117851355,10.0,929.3986698240096,1130.2577184590011,0.8193201589101526,75.0,0.4930834448906738,0.7222222222222222,5933.72367365616,559.218229617637,0.0
18469_7024-X5427-Y35160_reg,205.96810555401407,368.59232789174985,439.2144817712656,-278.74986527879287,119.1721065090056,-110.70631369206866,159.78679430873925,0.4649969887588085,408.6814383921019,603.7746623582416,0.3535965124727537,0.0,0.6464034875272463,25.0,548.1538526837138,817.9195745172459,0.8025271650429537,2.0000000000000004,0.2568164496705015,188.0,1.414973347970818,0.3442722208767256,0.2773068539597965,0.3272583903165545,10804.590498220929,67887.24426851374,7.260105591235515,-660.3091217629917,-729.3395308424094,-71.77857938576001,111.2445647710472,-99.50506563721105,-368.5869183294198,46.01541857042336,0.0,0.8757826439231708,599.4136831774549,909.1823294058632,0.0,0.1040281579976535,0.8959718420023465,10.0,887.7574524687651,1072.289392007336,0.8413850569691507,83.0,0.4531368102796674,0.8151927437641724,6977.148386102632,587.6125384012242,0.0
18469_7048-X7499-Y17640_reg,26.902089635014818,482.4345589119953,298.033943235952,-92.77189170729704,7.017396158317796,-178.98149470783616,-101.95760261288144,0.7123953077449423,322.92307126065407,680.7716886470976,0.0,0.0,1.0,25.0,591.5448769709901,734.350876305307,0.8382057235516527,2.000000000000001,0.2062411855499623,165.0,1.2041199826559248,0.4004702194357367,0.2437304075235109,0.3097042088553607,8331.298848133074,52347.09451231174,86.77897849922556,135.26409053342104,-636.1463965111222,393.9056862049127,135.68769045252554,319.8858802519496,-226.77926449157792,22.97580053263277,0.0,0.8644392839213824,792.5529909289289,1045.21367372028,0.0215262667081131,0.2555175629468449,0.722956170345042,21.0,745.6805517270786,2477.3942792169946,0.8158427674581175,199.0,0.3671899285048181,0.6746969225986944,16997.09877875555,557.4913891902991,0.0
18469_7066-X6108-Y38587_reg,129.29626405307044,368.9222788208872,455.5193398145766,217.7832091184173,44.84437129260258,82.38115655914795,22.60606194046791,0.6036915237778455,467.4574827947663,675.7733130978768,0.0188792688792688,0.0,0.9811207311207312,22.0,586.2517172583631,833.9188193074606,0.8341229446555062,2.0000000000000004,0.2169120598725659,149.0,1.230448921378274,0.395983645983646,0.3878066378066378,0.3034426459465228,10944.28275797844,68764.95662254884,55.72502818579778,-53.154359746063164,-424.44688157872514,-46.693515140177134,-138.2291710427492,-177.52056558120515,-285.3479259304455,32.06741820133262,0.0,0.9196068559875878,606.0972488301941,1082.207937043825,0.0,0.1630888920904769,0.8369111079095232,10.0,717.2948467427987,1247.6905114084211,0.8129584743977762,111.0,0.4960380348652932,0.7233827978677424,9165.152445798172,486.7044792282464,0.0
18469_7279-X7753-Y17170_reg,41.80372044051364,392.8678031915865,469.2866026484282,540.2739724932708,-282.94278970348364,264.55837131442416,72.4525896264924,0.3981627072189418,432.9604469376827,663.3925054700094,0.4083480305702528,0.0,0.5916519694297472,25.0,602.2761829269018,858.856747695668,0.839498247146998,2.0,0.2711606814742183,153.0,1.3979400086720375,0.4988858918728743,0.2243461944411868,0.3276804432687274,11219.903771778698,70496.73452680858,30.72002357470501,-388.0593278572496,-537.107474001536,-204.95940522954405,-431.95165812982833,79.75852265953718,-105.4486030087238,55.278646190278536,0.0,0.9332510938262102,765.4294650968268,640.0761137640279,0.0,0.2070814252205964,0.7929185747794035,11.0,697.4535514453556,1043.9229015161127,0.8057471659880501,111.0,0.3701552552217134,0.7843181056629063,11807.73795425508,492.1547028300933,0.0
18469_7376-X7022-Y19051_reg,115.58305865240254,343.2766989057641,496.53669767409554,113.3345978618527,-153.6226829822213,138.65906771245022,21.9505699345104,0.4617888745913071,605.4730328588594,586.7891821586959,0.1206521739130434,0.0,0.8793478260869565,25.0,532.1321802682094,874.8510386071334,0.8473095088292998,2.0,0.1997710323421072,168.0,1.3010299956639813,0.3647342995169082,0.3404589371980676,0.2768956206076545,10969.982723548255,68926.4342686121,67.10743424916836,-248.2369363736601,-657.7193695115063,91.8750776973837,149.14226872849204,319.56072800660127,-142.994126355652,46.6827306703199,0.0,0.574552997123722,948.586618075964,1123.3836558769276,0.0,0.3450340888151833,0.6549659111848166,15.0,811.686361520285,1677.2377855474178,0.8286401314836332,201.0,0.4518149990786807,0.8230145568454026,14390.22851447558,515.3828861414394,0.0
18864_6139-X4843-Y27122_reg,48.836544337779344,29.15009077589002,-435.0251429704273,41.71597584922081,-122.95108976531364,57.36202880458891,62.78133706782938,0.5703634671969963,223.84143811032249,236.5160347573756,0.0,0.0,1.0,5.0,148.38728013546205,255.80131470346265,0.8442568423164114,1.8710359408033828,-0.0472616749889956,55.0,0.0,0.2909090909090909,0.6257928118393234,0.15309541448803,3198.005228854306,18806.83746430749,5.561259807188435,-272.2559429224111,293.3678986141361,-483.6535145092328,761.8367280070993,-281.74951845892355,192.846890961008,24.59414562490277,0.0,0.6240677546879754,930.1415896965536,915.3390646417392,0.1470007676280293,0.2961947581971707,0.5568044741747998,15.0,679.3142197256461,1510.457597010856,0.7441424025276496,193.0,0.4467046825309793,0.5988595240706218,24938.3867751497,363.1312291583363,0.0
18864_6321-X4387-Y7047_reg,58.44667262797793,98.27677162649888,-234.26517000484984,-197.36666989485585,493.1605415641325,303.8403517383163,-16.38442917967717,0.9170853421727844,533.0403145091304,219.37067711513464,0.0084553516188904,0.0,0.9915446483811096,14.0,309.06689208325,388.0946415504408,0.8762147723401243,2.0,0.025816772547947,122.0,1.0,0.4956718878812861,0.1665292662819456,0.1689182143694443,6479.327544320556,40710.81562687891,65.52372879732047,-792.433911100667,570.1575371103622,-219.80202832974703,-66.51645948252548,128.08587377903137,-171.88609328714202,50.69324064915328,0.0,0.5514580124463991,998.6810119887424,1048.6177883859905,0.0,0.5768485530345646,0.4231514469654353,18.0,1009.3740868259628,1796.817880572419,0.7909225793285001,125.0,0.4794049628101756,0.7663603975248453,21437.843362171912,147.47714680464534,0.0
18864_6345-X3603-Y9891_reg,104.31215221078946,39.00735937216496,-327.4255584009116,-131.14195617984717,189.336080544095,335.50099928499566,-89.84358146260209,0.8080501775387908,373.91972168754273,298.8558262581478,0.1088170998299732,0.0,0.8911829001700268,11.0,282.6172175133705,352.2821452385997,0.8703264875570457,4.441097886810783,0.0561929021655304,93.0,0.6989700043360189,0.4955064367257712,0.4430410493077483,0.1761722692817355,5620.453014461983,80557.73406989417,113.07735000724642,-661.4339658149111,864.1030190815918,-668.3502707748918,22.906725450288626,708.2206489433391,-59.88444574901882,51.3976879354038,10.648550494666924,0.6484812569592958,913.4638489682402,907.246004539501,0.0,0.5798101467772814,0.4201898532227185,25.0,900.268461565065,2196.5787309403177,0.7546741984806256,227.0,0.3364709636247607,0.8288927887683472,34233.02330766071,163.6953783845912,0.0
18864_6384-X3409-Y13059_reg,60.14040431518061,90.4004273653254,-248.3862345050436,-110.69900309567376,70.01120363495006,454.45339522386456,-78.63674903409506,0.6459883403236248,285.1141737219941,313.55171322237675,0.0030253665347917,0.0,0.9969746334652084,11.0,309.1281372391192,409.2530394289957,0.8620667944202487,2.0,0.124889647611451,93.0,0.9030899869919436,0.4482196881545264,0.4165696997905515,0.1694365804262522,5748.023661329509,36115.89781418631,67.56192581526557,-789.7350876439195,595.7307112101897,-398.7452612356289,79.93337565524203,932.04404059276,-128.09357920815768,49.43028053851187,0.0,0.7323277542022454,904.5248116566036,1175.4882485767794,0.0,0.534601784812258,0.465398215187742,16.0,1068.6073777469185,2084.232553194983,0.7667484810331172,147.0,0.4530398235612334,0.7353418501102742,32809.754149999106,212.0615873595862,0.0
18864_6523-X3601-Y10609_reg,74.59089057988513,99.02678389000994,-321.30051001676946,-102.57282432394751,77.44735759395114,366.8315767161878,-108.14324254076598,0.6365225176365147,327.2887618040668,308.8833805797394,0.0320869125821121,0.0,0.9679130874178878,11.0,325.33899319018,382.9131998395704,0.8630252393229634,3.8696311268317327,0.1299993958675721,89.0,0.8450980400142568,0.315310763011622,0.4042445679636179,0.2035811926691534,5326.311626826254,69187.35364393244,148.23467098298624,-628.6910097355358,845.8801183617516,46.06646456725682,517.9190544431781,658.4370200022345,-462.5749501192252,37.4858822610392,0.0,0.8387943284109844,840.63363576553,1009.1549035473836,0.0,0.4151936990566902,0.5848063009433099,19.0,945.727390666916,2322.481798978924,0.7807372516931063,273.0,0.4228409194981225,0.6244619470647496,29411.835399488216,198.53607342338464,0.0
18864_6571-X4315-Y24999_reg,14.985465074329111,266.7962063379355,-418.7383418452196,120.60294736972614,-111.53243435657076,48.99140732629802,185.09784546760417,0.4545856933127676,271.160068858926,421.7061871388096,0.0,0.0,1.0,9.0,350.79533323150184,397.0907756435017,0.8611734456709242,2.9768637532133684,0.038752271188188,94.0,0.3010299956639812,0.4542783694454645,0.4586852735952993,0.1595426702346499,3626.9158413144105,36412.34119833852,131.11753810203754,-64.91279839202252,816.915566403005,-601.230953722116,530.4428806193141,-47.74160297549584,139.6594255808631,26.67588035580148,0.0,0.5756739808093819,765.7046881394044,832.430475169378,0.0251278964790851,0.2236934496940515,0.7511786538268633,25.0,608.8972966734493,2126.230719297764,0.7576876685955225,329.0,0.4339953856956565,0.3866486106931487,26429.96928890324,395.3038112289056,0.0
18864_6631-X3319-Y22547_reg,130.88833358690044,85.93765737574722,-352.2282952099784,-129.8903117857594,266.0311780675927,279.24530097653195,-94.68453211825748,0.7969172995646953,364.9224210876446,326.17552950075697,0.0255402750491159,0.0,0.974459724950884,10.0,288.2748545456348,372.1127762419191,0.864731620663864,2.637033398821218,0.0916002446822356,103.0,0.7781512503836436,0.4837917485265225,0.3956286836935167,0.1541202239836668,5487.650303128593,47033.74175547505,227.66231750448696,-822.9207927436146,34.54375795394325,-126.23982992369314,-119.52668136890124,449.4905336775711,-223.84341302959268,59.11780303684952,0.0,0.7020181115320103,972.9241130827822,1179.4895063615622,0.0,0.646821955148061,0.353178044851939,21.0,1040.5645187431217,1802.601325361,0.7646987873738401,165.0,0.3540070533868418,0.7969719080627509,21948.53232962761,202.99427784402465,0.0
18864_6672-X3537-Y12829_reg,88.22889032523926,127.88222297005724,-345.7733095461023,-65.02462346646305,94.07117167795482,295.6818157071047,-70.16213639298962,0.6840246659584684,309.8945147881132,383.7113754504799,0.0,0.0,1.0,8.0,291.57793027250926,380.96593115079065,0.8603966702902439,5.743264659270999,0.1339835846502585,95.0,1.0791812460476249,0.4337785827484718,0.4817749603803486,0.2302868432560084,6010.265569065884,113188.43273529854,124.24171961308276,-607.9651118075917,814.650631613269,-474.2484451009552,31.86648862445549,415.0666586611008,-12.32031845199778,30.9130720807222,0.0,0.7062732770678702,1038.572042229871,1230.288569821777,0.0042040238514006,0.4147398224014413,0.581056153747158,18.0,1000.4949500799992,1842.885697558842,0.7944957308466634,229.0,0.4646114864864865,0.6657516891891891,31764.058830133374,270.8368836018145,0.0
18864_6734-X4899-Y27447_reg,105.77566853000098,63.683066002437045,-270.6297788326054,-124.42636280769555,174.9585144944571,443.1668300095297,-85.1916798304435,0.784080275549663,372.3785862845216,351.52390061653387,0.0225638977635782,0.0,0.9774361022364216,9.0,316.5502306522621,383.5882620516521,0.8803591878873535,1.9932108626198088,0.1522612068359934,119.0,1.1139433523068367,0.3668130990415335,0.4524760383386581,0.2148063607939214,6815.28476222808,42694.05505583302,94.44830151969336,-630.445699678774,625.9610880464843,-298.6064432468007,153.12161079211336,772.8450033263069,-269.58040090963743,45.47154488157482,94.53726787357354,0.9752526982371672,909.3165819485498,994.1025591363688,0.0,0.5333528013015727,0.4666471986984272,22.0,935.4892839376492,2033.2233421618128,0.7664898115643246,183.0,0.4978515706478661,0.7192023695298486,32867.61846057864,221.6805378515111,0.0
18864_6741-X4187-Y8695_reg,3.9936468206997233,95.09250072996656,-358.9059274717966,-94.99299535756622,65.07318961169342,407.5503954219295,-148.2514574785124,0.6453121490562042,277.3231775478371,381.4194992580269,0.0496006725514922,0.0,0.9503993274485076,11.0,270.4174605223114,351.94802151157586,0.8681642198074868,5.030685161832704,0.0877249398029009,125.0,0.9542425094393248,0.4703656998738966,0.4770912147961328,0.207610120500194,6446.756530574991,108319.53440565722,138.74010191394564,-534.2376634259372,1519.2799871493676,-360.22114072635105,496.88767680031697,1330.7481860689809,-463.36383244962497,32.24475249411008,0.0,0.7808576819969422,829.0793319628106,950.3193627518604,0.0,0.408151015875874,0.5918489841241259,38.0,836.3018878897738,3512.142064120489,0.7914695060238935,497.0,0.2941088202634975,0.6275021758050479,44248.04121788851,214.2652641967176,0.0
18864_6805-X6340-Y4681_reg,3.191448381812052,39.30530983882818,-306.8612167670499,-139.60974008983823,272.97489916489684,341.263896774156,-78.21355449707569,0.8374457795159662,465.4875053981002,323.3816429948092,0.0028260869565217,0.0,0.9971739130434782,11.0,308.8603049551699,413.0233579544331,0.8513813337461594,1.997395268070328,0.096125481634549,101.0,1.0,0.4508356848274365,0.3279791621445626,0.2048421664090853,6211.357943666489,38980.06191086998,35.49184696569682,-668.4942536771769,371.7025121453308,-477.8226380812183,-403.4819487482095,522.1189307671015,-122.63088540194772,53.0510950059638,0.0,0.6841628696464708,920.510402293974,1022.3715217668604,0.0,0.5995954986257325,0.4004045013742675,15.0,954.4558443983348,1434.0641273936849,0.7508879763769456,119.0,0.3516050407094332,0.823575169838718,26682.365115613684,197.6256229917909,0.0
18864_6821-X5144-Y6844_reg,67.1415259195021,131.33386879898353,-358.3295403910364,-41.35757860068825,-23.85316149683394,329.87808375441205,-88.31986429654376,0.6969133220860733,342.2794393070924,410.441186807373,0.1691160809371672,0.0,0.8308839190628328,8.0,332.70205001773024,406.2875409624919,0.8702258198449478,2.0,0.1012264117237091,90.0,0.8450980400142568,0.4849840255591054,0.4805111821086262,0.2171650902163926,6377.05783366304,40068.23608350586,7.583137516538613,-580.9474678112647,160.2850793767815,-568.1633618904539,238.793568180713,-44.24244627121018,-89.64873414140611,37.7713316741558,0.0,0.5939858848069669,949.949087241962,948.0627978375732,0.0,0.4262734584450402,0.5737265415549598,13.0,875.1848092566205,1393.183431567395,0.8194033955844903,123.0,0.4448440462956908,0.7235990322369712,20846.4566229166,281.2865298391183,0.0
18864_7078-X6476-Y5135_reg,88.84922051741432,77.48865645462024,-331.10823377041976,-110.31996458415128,154.64251759685632,408.0379080801271,-111.73810997745647,0.7216514769563094,311.4360830782307,351.6716268343191,0.2137419480772984,0.0,0.7862580519227016,8.0,352.51781627199307,409.12513323446814,0.8613951760688502,2.0,0.0932661472180211,117.0,0.6989700043360189,0.4479796993948858,0.3306656256099941,0.169081254969832,6946.517328445066,43646.255614154295,57.912760815806,-632.8134811400381,49.738111685694406,-506.9670874294475,-24.955422733471444,127.2777334637001,-172.10152424251814,52.89194336668122,0.0,0.6676610831180455,765.8237419345032,919.628030289747,0.0,0.5535270823545204,0.4464729176454796,18.0,901.630285673547,2145.580440796208,0.7416016453584242,115.0,0.4021075239948989,0.7946170883951943,20098.54360062308,244.10195280458865,0.0
18864_7117-X4611-Y9823_reg,18.42042693586881,292.4315166090737,-433.729297626276,48.3415360970745,-107.6712205324264,71.28983113369787,95.55212797799308,0.3353744122904686,224.16046810688024,447.2808231152076,0.0058672533920058,0.0,0.994132746607994,8.0,371.86071397231615,423.5394427601572,0.8632097847788661,3.4715804913824724,0.040904911218234,65.0,0.0,0.3788045471213788,0.308030803080308,0.0688504017959872,3676.833982074872,42398.4869924434,138.50148951665506,-155.23583241495953,1228.7104322186576,-1133.704700505021,1151.202499786517,-25.02392856599332,-138.7978281789805,18.49950148175945,0.0,0.5678844076388062,829.9919070870928,884.4970176849924,0.0,0.1295566106059386,0.8704433893940613,23.0,610.2192126712663,1605.145424853726,0.7708606237718548,323.0,0.4754164319626619,0.2773396636356321,33036.8388105809,383.9508624532719,0.0
18864_7516-X6276-Y6366_reg,13.012969731784324,109.9051030785281,-339.0340827927071,-111.97617383270764,135.41699025394232,370.0055734487022,-114.66970528024818,0.8118784720871695,404.9858632762407,306.5687220016821,0.016902695294655,0.0,0.983097304705345,11.0,286.78324745354195,369.6060832645974,0.8791338736172924,1.8373686614892648,0.095453523242996,114.0,1.0,0.4593421653723161,0.2693010507080859,0.1936317391720479,5978.296062493915,34513.74978750048,102.29214350720576,-582.139828599536,1030.009422926966,-386.4734155364897,-251.245899063978,-216.71846358163216,224.8079646130932,36.70075514577455,0.0,0.5865060650787794,842.5842400847741,959.2547391696984,0.0,0.5458029715150942,0.4541970284849058,18.0,918.5526621261988,2216.141231786742,0.8157361706443612,187.0,0.4518784896375508,0.7400397463802404,29062.647862648395,224.63346445541964,0.0
18868_6019-X9541-Y5296_reg,36.89916892650473,450.2247328393096,3.620572109628173,-469.5315595569484,82.80437293111596,-335.88320194399745,216.35361701001253,0.3765183671162833,521.1802254245276,740.2521111832539,0.3649087448214085,0.0,0.6350912551785914,21.0,703.9183809299208,881.0762829805324,0.8759576104212007,1.93572948158101,0.258492502400247,140.0,1.3010299956639813,0.3818161460082857,0.2773485611913559,0.343019152812042,11986.33955605991,72910.72366390066,235.9165895399776,-274.14207401772,-807.5394264491184,20.601840810040564,275.68691640019983,29.55744143005681,-227.7430761880938,37.18722779394062,0.0,0.5303892941233668,751.8343454730764,477.02512538154406,0.0,0.0692869349075656,0.9307130650924345,14.0,624.070329120483,780.5054529198321,0.8622931180307644,153.0,0.3399098959142458,0.6434674537828181,8543.35900593114,645.6552441695318,0.0
18868_6405-X11428-Y4397_reg,48.66919906462999,421.5286979086559,427.0745982410428,-477.9361830505509,91.53698480151893,-37.30909709403681,486.1317364335311,0.6691436462951745,457.9360257649955,763.6596334101814,0.0108354719133162,0.0,0.9891645280866838,26.0,689.7193851371726,842.5143820622187,0.8648384390046839,1.960079840319361,0.2517828618634292,195.0,1.414973347970818,0.4433989164528086,0.3637486930900104,0.3430068725299831,14085.17012390034,86749.30388817802,55.94467703005603,218.8461803324717,-611.6125938844465,267.7379341704328,517.2740488383281,-71.15602364774006,248.62835607149032,36.39847015388962,0.0,0.5786186146927736,966.8720913521896,941.4819916402448,0.0,0.0854498917109667,0.9145501082890332,14.0,621.4503072955919,1378.6614209474612,0.8700078775192954,181.0,0.2984839535341602,0.7468989958653278,13612.24638433694,603.9448811968784,0.0
191807_6402-X3434-Y19231_reg,40.65811908715023,467.9483271211807,170.32837676352742,-390.4674372346404,-155.46680237470784,3.942673222534516,218.90462226335052,0.3492761316692233,371.8385867940915,763.6074607268724,0.0,0.0,1.0,21.0,704.5219007994009,895.2759503672106,0.8892407163220368,1.8762886597938149,0.3125938129846924,148.0,1.3979400086720375,0.3655614377263861,0.3389523544162719,0.3559497075723001,9667.975630551482,56977.63841939533,141.8306617638791,300.2768999268337,-526.2613732631453,156.98368184677045,190.6918276552697,-96.1321507245432,-158.80593216483754,17.051482145344902,0.0,0.9842362568030552,817.0046305504911,954.1427303575874,0.00390625,0.06953125,0.9265625,13.0,796.7089064821903,1328.163955177778,0.8850488381757344,147.0,0.3275669642857143,0.4344866071428571,12204.518017878923,640.5330698525111,0.0
191807_6423-X3900-Y9358_reg,301.12107468399154,401.5649118476431,832.9168752720504,-296.3253148925004,433.1757376055058,-12.570063520778216,178.75292624909656,0.2938950599100379,617.3802885228829,658.1588096463602,0.2039992983687072,0.0,0.7960007016312928,30.0,669.0130751192733,1249.502805151939,0.8803366100748405,1.9992983687072443,0.2728663671117645,225.0,1.591064607026499,0.2721452376776004,0.3059112436414664,0.3312239714777837,15432.69905497222,96941.22277879788,18.525395818822403,68.74872997443708,-659.4055508558201,-39.955079326690566,-131.56075578427874,484.7466697205173,-249.46099823541712,45.34620749907137,0.0,0.6167037200101313,931.9463483999536,871.4622349402216,0.0,0.1839154411764706,0.8160845588235294,13.0,688.1668391378641,1271.8941858940086,0.8906478450637222,145.0,0.4252757352941176,0.8012867647058823,14760.141431726624,544.6145688756551,0.0
191807_6488-X3597-Y11254_reg,148.10020067007645,362.8810631818769,404.7255185193978,-353.26141822835194,-2.9209938894195577,-78.4039239560842,-11.194684775964696,0.4033491802183226,534.144318538225,651.3233508085968,0.006388848555249,0.0,0.993611151444751,16.0,611.0018232857144,745.1947586107274,0.8792056892427421,2.0000000000000004,0.1812271521485108,103.0,1.0413926851582251,0.301437490924931,0.4518658341803397,0.2694113338679336,9321.573976755188,58569.17665053568,19.67695473771892,83.4656070620149,-331.3593936042692,213.40396194042992,-142.6798447122597,158.86074536929263,-432.6158906948679,10.937015495543104,0.0,0.7726431334394877,1004.8483091292836,896.6266910250051,0.0,0.1469724249028712,0.8530275750971288,10.0,680.9750441352928,1281.7923499830033,0.8627802883614023,103.0,0.4987207429167061,0.5602198426987587,14356.703999005184,545.4174254930165,0.0
191807_6489-X5135-Y23408_reg,140.34524187770967,456.9584250469357,404.3889040241655,-417.7934360502806,253.63066391747336,-236.65752061308257,283.4208087030543,0.4609639733026723,525.5218173064668,750.654992186925,0.0,0.0,1.0,29.0,648.5522332048512,1107.57426052647,0.8557932547112203,1.911821147572443,0.2239474724102424,187.0,1.3617278360175928,0.3768950297447706,0.2430435616964114,0.2706227762322205,14099.515278887546,84707.6089008049,27.099145087659963,159.13787714724594,-686.4687944599717,327.3101177746529,353.295384132989,490.7867241670986,180.35381799304352,36.58763073821225,0.0,0.589071999605745,883.1225083214586,1043.6709865021417,0.0004023605150214,0.1622854077253218,0.8373122317596566,12.0,732.5808847315079,1614.367396539698,0.8481322246447629,139.0,0.4305928111587982,0.7018508583690987,20289.684228425423,602.0203380824638,0.0
191807_6504-X3953-Y21204_reg,35.80693030788825,435.8714536260495,535.7669689408557,-313.9347902268864,-245.8556314531409,123.10455123196904,166.30805362739372,0.3551626700246318,412.8771549447201,711.0610979882886,0.0027584552650515,0.0,0.9972415447349484,24.0,644.602523999093,882.0236252160225,0.889788492726335,2.0000000000000004,0.2391828137648175,161.0,1.2787536009528289,0.4917246342048453,0.2741664667786039,0.3151967406549525,11271.225751976606,70819.20003872392,75.23957554681624,153.89153804465786,-579.4299301698595,151.57994690647547,289.12070924148844,-261.56340265411734,1.0390877695994198,40.54711471531365,0.0,0.8571743585519339,870.7981284173718,999.5726685630452,0.0,0.1853302715115493,0.8146697284884507,11.0,677.3289820077481,1416.446127304862,0.8695258915016078,83.0,0.3509388085911117,0.7311900580845603,10060.822533125936,587.0794513965411,0.0
191807_6556-X3678-Y10670_reg,160.24868872874686,374.258854401447,699.807088959716,-338.9563107208708,23.339442853598392,75.01335924949105,37.35217643318897,0.4998919395965091,481.7701688438156,656.3686619472901,0.0,0.0,1.0,20.0,609.3140079938607,800.9534061622863,0.8784046767750222,2.0,0.2390109653709459,149.0,1.3222192947339193,0.2426387952348842,0.3592942234209935,0.3044887293012869,12069.900832028005,75837.42356691319,54.62618387452858,114.78515736034387,-396.858883334596,26.61721745995974,-248.22167222933265,317.88256928746824,-429.5496077134349,21.823530815179595,0.0,0.9318040123163646,928.0339343028918,928.5895169448812,0.0003690377341083,0.0563705138850447,0.943260448380847,16.0,695.8634106041759,1262.291880008173,0.8522752064817364,143.0,0.3124202079153748,0.5812511398869232,14897.102743931422,550.780716977084,0.0
191807_6625-X5034-Y23319_reg,317.85643789881124,377.38345739404303,611.5511505205884,-402.0527106979087,705.3536365644601,-193.792533803003,176.3303504345002,0.536213170411669,651.8169269956047,630.884036184837,0.0,0.0,1.0,29.0,659.8468460317143,918.2381828123222,0.8790598165717571,2.0,0.2278229549199481,179.0,1.4471580313422192,0.3170470756062767,0.2594507845934379,0.2660059817364292,15207.476091546556,95551.39033769064,196.67282692691344,31.67422401290605,-599.1897384650554,26.31582918174928,109.27119023707968,134.3888230754074,-276.3400114653657,44.13441971635447,0.0,0.721099716147717,633.8278651668398,1006.8350569147224,0.0173787912331193,0.1726809829532875,0.809940225813593,10.0,699.662270228979,1671.0622288018442,0.8375976038353633,103.0,0.4360194819570511,0.7092096524241753,12348.425185094602,562.9542996242092,0.0
191807_6718-X5217-Y7243_reg,210.12023695630515,406.5239250372288,731.4104056225978,-402.3227898072494,336.62625367268964,-232.16854033064385,-80.17319210464129,0.4636893873884555,600.9559952520267,637.5203320978653,0.0009941346058256,0.0,0.9990058653941744,27.0,641.1543862518602,837.3559530496811,0.8851719566307016,2.0,0.2395842146537729,210.0,1.462397997898956,0.3832388905457799,0.2229843920866885,0.3070028897142606,13575.377556497597,85296.61280240149,84.13016955947813,123.58048734003114,-711.7108638097748,-75.31418319692071,-79.39736297468784,255.42064985706267,-407.6836711839947,40.6397353725769,0.0,0.7904725419226807,891.1011204278061,910.86428586071,0.0,0.1353738204693927,0.8646261795306073,13.0,649.8215537743345,959.292756956513,0.8808872636032262,205.0,0.4148318412775224,0.8017178804742318,11184.317200300262,568.9362989908705,0.0
191807_6735-X4456-Y21792_reg,33.84291709591571,479.2383242986625,127.6006187785436,-404.2111278888319,-275.42710856831656,-12.689250621943165,357.54089121776263,0.2821885676249495,422.075822528001,809.417469608733,0.000622200099552,0.0,0.999377799900448,25.0,658.4727116874325,991.6695550870028,0.8788121314261662,2.0,0.3004945081003035,159.0,1.3617278360175928,0.384892981582877,0.289820806371329,0.3844620361743273,10855.480870957892,68206.99791077177,43.58364115290715,290.0838549008104,-545.1888642128635,460.5376562833594,574.4653650571847,-56.18357562122868,582.8169760370574,37.01887496435488,0.0,0.6735693920383509,978.9861785385956,989.4744699889152,0.0,0.171646617513905,0.8283533824860949,12.0,792.8303373465449,1559.1755492782522,0.859600712196175,161.0,0.364829905574958,0.6963523476911136,21016.55405961201,652.7465312589962,0.0
191807_6796-X5727-Y6613_reg,238.19900485663263,385.7777111682544,758.5611169591203,-101.54551204054886,388.5527709063005,-219.1266055977609,-259.7591364790131,0.5143845891644391,553.2712347569832,614.2582131408099,0.0,0.0,1.0,24.0,605.8344225925105,786.9518603338671,0.8758280296391939,2.0,0.2512602591865229,212.0,1.5185139398778875,0.3196918150890534,0.2374424654792875,0.3105587969080453,13476.643486754596,84676.24834607432,50.04780780747478,109.6070953966564,208.1044970409452,276.1771937631873,-349.17297502974293,400.5244338851034,-534.5910439657533,11.85365046623911,0.0,0.7382997681406057,987.9666539541512,894.8892286110049,0.0,0.0518481941309255,0.9481518058690744,19.0,678.8031839134231,1532.0908047478856,0.8569799647652899,349.0,0.237020316027088,0.3843820541760722,19093.06564898365,550.7054515921095,0.0
191807_6822-X4235-Y21316_reg,34.239876438397914,449.667767568284,357.6287733469406,-346.90765986127417,-326.6588853270339,-49.75374837174548,169.5939569896891,0.2888043346416103,424.38763053759885,754.2983951757233,0.2510560405519572,0.0,0.7489439594480428,27.0,639.7171887232671,837.8808765911965,0.8792906804240889,2.0,0.2047382250862335,176.0,1.2041199826559248,0.3952407772458462,0.3986201070121092,0.3270261494944057,9539.88486888025,59940.86444033333,9.70947312288581,-237.5801437125956,-742.3062198701621,-18.59330225042746,183.6956201766997,-51.15413761113608,-210.44188975122,40.76707068936872,0.0,0.8070700541892947,917.6088676723144,597.1070587857575,0.0,0.1254835215844035,0.8745164784155964,13.0,645.3985822485479,988.199314759014,0.8150606802569196,101.0,0.4647996286554231,0.8697199442983135,8716.416414788177,575.8979067601537,0.0
191807_6836-X4405-Y10082_reg,90.99607921929692,773.0614651717488,-384.5582929330773,-38.75204035467541,-82.05216631317482,-151.9923324731716,-40.08603873753446,0.2900218356986249,305.6116453490404,867.3889729491848,0.1237851662404092,0.0,0.8762148337595907,18.0,836.2880318323344,970.251584317652,0.8431152082320486,2.0,0.2086280866064539,74.0,0.6989700043360189,0.3721227621483376,0.108695652173913,0.3029513350240475,5289.558661194104,33235.2772614793,8.562181954503103,355.56159789116373,-33.20646804974851,-314.223775197509,-1132.601660965236,-125.21396988458808,993.9034316049654,32.15210095023974,0.0,0.5707225083445117,864.4064422711581,579.132395605061,0.0,0.0,1.0,16.0,654.5960431792726,2403.497785003254,0.6890392375126745,157.0,0.4539766574419444,0.0415714113825051,22552.07016016042,875.4397567678066,0.0
191807_6864-X4028-Y18389_reg,65.33723696005109,394.7765534671962,-374.9235635208587,-96.84032683185428,-138.14400121402497,-162.16627486325476,-74.45800955882626,0.356342494531904,253.31869387403825,546.5992443544274,0.0357266736038848,0.0,0.9642733263961152,13.0,497.7545607626298,584.0939401478736,0.7902803916638579,2.0,0.2230438004567215,50.0,0.6020599913279624,0.3166840097121054,0.1997918834547346,0.2233675076727511,3890.0686422179,24442.022136703483,129.8836108354808,256.11587161009174,-565.2889237070216,-24.7549840135285,-70.30365005687659,-210.80568716530743,252.6979378681024,10.800704256174049,0.0,0.4996301362361676,783.71204125248,534.0471743732332,0.0,0.0474691208525066,0.9525308791474932,14.0,580.8546838526671,1846.877921174304,0.674678559585313,91.0,0.2230564301283603,0.1763138774521676,11243.320712287295,802.0342806711778,0.0
191807_6909-X3717-Y18949_reg,102.59046059156752,415.0724141342717,498.2705499967389,-331.91985088782224,-284.3607269983928,-77.33119645970595,29.121570586512508,0.3814196343697563,367.6992890891106,710.0171340757979,0.014584654407102,0.0,0.985415345592898,28.0,594.4698294902704,770.1016356712355,0.8628690016373197,1.9369689283449587,0.24712134605562,214.0,1.380211241711606,0.309575142675967,0.3859226379201014,0.3541254772618927,10600.479541961671,64518.95906255959,2.536803901647545,192.5555175496911,-696.6053698530554,103.60183004897168,46.17236981870196,467.080123085924,-401.5305638644844,23.455087714383943,0.0,0.648461526580985,807.2226367685444,905.9244968670836,0.0,0.0684074040955021,0.931592595904498,21.0,730.925655180684,1792.094422307497,0.8579536316625124,221.0,0.3773148148148148,0.6824252136752137,15183.513986756449,565.4989150611168,0.0
191807_6912-X3878-Y19387_reg,39.57095804036817,542.7779366253226,186.32317371726865,-403.086803662396,-55.40999923878476,-49.92409211971296,259.0040335740696,0.4413088689178074,323.7928556566176,757.0363194892407,0.05130828826195,0.0,0.94869171173805,23.0,675.0041828292625,860.0012862768938,0.8615991631697217,2.0000000000000004,0.2329571852687854,144.0,1.230448921378274,0.4505189299809969,0.2084490571553866,0.3339815603970218,9209.141739820088,57862.74407137176,143.81603029317375,309.6121873520724,-470.5833754065577,286.7817679862368,358.6398627246264,76.2291961232985,120.85665072753964,28.336978881188763,0.0,0.692556947872718,848.9063310885103,936.6476651896746,0.0,0.2102719528178243,0.7897280471821756,11.0,737.8260264594895,1386.631393014551,0.8425143734400399,119.0,0.3767201834862385,0.5477555701179554,16632.26869559445,633.45947963209,0.0
191807_6920-X5119-Y8302_reg,162.10325860307148,645.2533655318186,-357.27090132759133,-154.7218301901541,-39.95457084629169,-154.51343888674234,-12.53232395986318,0.2378310878847662,348.3082425332059,762.6299924613295,0.0,0.0,1.0,19.0,732.841934731495,903.8563512128114,0.8007236056488752,2.0000000000000004,0.278112071755357,82.0,0.9542425094393248,0.2204188481675393,0.1497382198952879,0.3368289142080617,5180.910628632658,32552.621539635424,1.8689413184401928,551.331906008013,-444.3528620054866,130.42205231966744,155.2861170166628,-455.2256953877026,33.51168042462659,9.696246618017136,0.0,0.5982978733264981,922.488244764614,965.6897062904364,0.0770994554313556,0.0917168243049584,0.8311837202636859,10.0,819.2576650543381,2031.439518743344,0.7844154115901081,53.0,0.3843508168529664,0.2810260819719117,9618.545357732026,763.1469065334239,0.0
191807_6927-X3598-Y18516_reg,143.66853690718835,373.3837003980543,825.8521725645246,-203.54104450306144,-326.1895984597542,209.2576691329492,-34.71097453061381,0.5216291237447375,413.7166624279025,649.7432190979134,0.0319291956083352,0.0,0.9680708043916648,23.0,603.8220030588491,766.1021741911169,0.8714087828544805,1.9271790275599368,0.2066312963363396,182.0,1.3222192947339193,0.3629845395473896,0.3161550526551647,0.2925278218635675,11970.83361928659,72501.25715932625,207.03661299353007,59.37833502065132,-783.7492550454514,-38.49707820069543,-15.889291182642204,553.8864089968806,-494.7419966396622,42.1131394713393,0.0,0.794446582974549,653.7469197050305,938.2649627021774,0.0,0.1314721792890262,0.8685278207109737,14.0,687.5826460793945,1054.1073741822945,0.8811964153519821,165.0,0.3635046367851623,0.848435085007728,13985.315816476272,558.2581004509641,0.0
191807_7017-X4048-Y11120_reg,233.128708454532,445.4552419008169,504.7330586915197,-269.4940448253265,-173.73041070072318,9.649327884549631,-69.49717211732217,0.4295547235470706,525.4967100947479,687.1498451617308,0.0198296327328585,0.0,0.9801703672671416,17.0,666.9519478478194,815.844535432431,0.8994359317759781,2.0,0.2329083181764346,132.0,1.2041199826559248,0.3076385979611786,0.2605781315458735,0.3190466785829075,9744.13332954433,61224.19536739189,20.038981482874533,224.47319147200733,-515.2022339557661,-72.7907862904981,-243.949482939452,183.0613365278925,-397.4990575712843,21.090113520417265,0.0,0.7164723275562133,960.7939855173622,892.4207366836322,0.0,0.0634815306348153,0.9365184693651848,10.0,732.2724017730877,1095.7722755255936,0.850844279369344,121.0,0.3553417385534174,0.4440389294403893,12287.52067686671,579.1857836629922,0.0
191807_7098-X4655-Y10334_reg,160.57147522430387,705.8045011029926,-363.843109762572,-130.5491158519987,-34.1225457467406,-132.47087204761013,-19.719690929604653,0.1448235964472914,388.3273674678094,845.8825163260635,0.0,0.0,1.0,24.0,814.8748241766954,988.474661532472,0.8548392931896562,2.0000000000000004,0.2158104736294528,69.0,0.6989700043360189,0.2871672150762788,0.1241399940173496,0.2931227202921011,4569.945234248619,28713.812750446217,212.53605158160644,665.8774795446816,-620.043951507794,45.259291834743486,190.4535129787056,-250.2878623796204,45.455032853403225,15.09047590765364,0.0,0.6767823917283806,733.4384646674007,950.5783197376268,0.0249581706636921,0.0655326268823201,0.9095092024539876,12.0,841.9016655001947,1327.173527854328,0.759238009886917,77.0,0.3689347462353597,0.1939486893474623,9788.558471359467,791.7163237573786,0.0
191807_7110-X4076-Y20205_reg,263.9901745383049,456.96679259841767,807.2814188223695,159.2852128092668,7.355415253339231,219.14563972657703,-296.06956065839233,0.3233986317065591,541.8139435442245,664.7426969582648,0.0,0.0,1.0,28.0,671.3604035348287,988.68161932957,0.880959624563751,2.000000000000001,0.3498569757715328,205.0,1.6434526764861874,0.2778420930771011,0.2751794396851122,0.3509486044784883,11613.609154054877,72970.45840008397,178.66133692871335,152.59767732332648,-685.240516012618,-9.7139952662964,-114.66909268707457,592.5899792913876,-453.320182041543,44.68707005377339,0.0,0.798822488352392,782.236267668477,965.7602025659194,0.0,0.2938139895035705,0.7061860104964295,13.0,693.2127969656939,1161.394572098,0.8604603403197865,169.0,0.4417964380968768,0.7944592618084831,15788.9738309216,520.8139277242577,0.0
191807_7249-X4135-Y19813_reg,228.97901125260432,456.5140953558112,375.3502988276712,-132.41705697721136,211.7347467348189,-137.79691971615463,-117.119452413141,0.4736510063500836,478.8826734934101,689.2689075429917,0.0,0.0,1.0,21.0,636.527973605245,812.3024426614585,0.8728421194034838,1.9244295887225693,0.2057943953463216,140.0,1.230448921378274,0.3450079930242697,0.3515477401540474,0.3093377676059304,9293.780469491558,56211.3972871958,12.329402616733203,181.0618209817835,-170.9590450323422,760.9859018558899,-89.01317010073123,569.736871610356,-353.0905729326346,15.55179884583606,0.0,0.919792603415418,855.493314276624,987.4429176151313,0.0066174298375184,0.1797932053175775,0.813589364844904,23.0,689.5096994778245,2310.6393118244687,0.8432956201483118,263.0,0.436573116691285,0.5670901033973412,22850.038351761603,543.2635117562121,0.0
191807_7281-X4351-Y20216_reg,147.74471020665715,503.7534353418919,386.29682606480407,-134.79088007196364,-293.8816864066023,12.741816310837024,-71.06715322184459,0.2913593771064772,386.1390566611472,713.4199490011802,0.0309077269317329,0.0,0.9690922730682672,23.0,660.9045911162028,880.6079178335854,0.8704495899474013,2.0,0.2351275027455903,153.0,1.2787536009528289,0.3101275318829707,0.2832708177044261,0.3352049444566239,8951.355632256795,56243.026187934905,236.70014666101,197.01179955040607,-293.68108786511283,188.25651027662832,-267.0676115314069,395.8515179582769,-113.24440102823726,22.78886405708687,0.0,0.7712905718120372,732.1036789219515,1010.6019722619912,0.0,0.2012426422498364,0.7987573577501635,14.0,719.421003024655,1557.275891056314,0.8259437652551336,189.0,0.4264224983649444,0.4981033355134074,20744.954194584825,558.9151565113862,0.0
191807_7289-X4771-Y9549_reg,168.13112932362037,506.8103285839261,384.5521057766196,-180.6535555851925,-102.42389674321768,107.44916211760402,60.484214596002666,0.3040004969150148,506.5567107579072,729.9566872885935,0.0,0.0,1.0,21.0,715.770285234149,991.5537497450172,0.8654468192720742,2.0000000000000004,0.3544208186521674,165.0,1.5314789170422551,0.3631411711302769,0.2330155848085943,0.3815044272919773,8926.304728760606,56085.62671915642,101.27075391523611,276.23895900233674,-497.9903573967891,66.1479363768853,-96.71813273402556,79.1774985480786,-427.8307206085439,23.53767544378008,0.0,0.8343398610520721,800.0867467375901,968.1029132049198,0.0016320313350016,0.0536394298770536,0.9447285387879448,15.0,692.2848740384001,1373.8066285376854,0.860669067568119,145.0,0.4321618975084321,0.496028723751496,12483.784885850744,579.3222847860295,0.0
191807_7300-X5089-Y9978_reg,146.31446965880696,746.5749548150143,-384.1783480888333,-36.52265379131623,-112.75361942534984,-153.21323262470045,-158.68134662590185,0.1949764275570167,335.8112794977633,854.7748922375013,0.1041127408685648,0.0,0.8958872591314352,18.0,836.7004517812813,968.5003474385884,0.8107776751390539,2.0,0.1937560605260783,64.0,0.3010299956639812,0.2499280989358642,0.1509922346850733,0.2015308833132744,4738.067633993555,29770.15694233152,10.232031315646964,382.0422245072341,-418.3654363738348,-181.51080524922853,-590.8033845228873,-34.01221987766831,377.59951395636426,26.597180586034145,0.0,0.664791948216841,956.1128057997375,526.8827782880153,0.0,0.0235927921233512,0.9764072078766488,10.0,625.724823360078,1212.622635946533,0.7238000598317065,91.0,0.3846368196173138,0.0681775961359836,14782.360911541296,862.7276441974707,0.0
191807_7326-X5555-Y22776_reg,54.94742474681152,408.8604992637838,906.455822841972,135.33806938511398,-468.8976992323946,155.78367924768722,-219.565908601745,0.4872913190996757,485.9093208286149,668.4765199996464,0.0016377035756528,0.0,0.9983622964243472,30.0,629.3700229427831,879.1744162458876,0.889576367473435,2.0000000000000004,0.2396565796772053,194.0,1.4313637641589874,0.4574516392698211,0.2852601943511034,0.3033500375807751,14884.073986638306,93519.3949838199,47.1717079158193,49.09997844641839,-569.0672791569984,-13.996865454892182,57.231016916592864,-110.78841108505722,-366.7259672794649,33.91147375422568,0.0,0.7002225472257336,968.9897354821256,1008.3683192326572,0.0,0.1340191657271702,0.8659808342728298,10.0,689.8451332790748,1413.831124639226,0.8502433925910904,69.0,0.2352029312288613,0.6801014656144306,9667.734739899408,536.1837223839146,0.0
191807_7364-X7270-Y23865_reg,21.64518402214253,601.8509247255524,-283.12699988275546,-148.12371398532463,-116.98756836403044,-152.98016527715492,124.03029526782863,0.5381203166511088,237.87098767734005,705.0574517589357,0.1240618101545253,0.0,0.8759381898454747,17.0,697.15735161368,823.967859979282,0.8109798471801839,1.9646799116997795,0.2881125090079862,92.0,1.0413926851582251,0.4845474613686534,0.0969094922737306,0.3075971673809669,6041.069910184428,37277.031496034026,163.4429908418051,155.25872031525978,-419.654409767129,-132.79475005797948,-171.62477429013788,-405.3491752107327,237.74433028911932,16.751246024424834,0.0,0.6094829701913687,667.6673444730377,675.4241883337672,0.0,0.0609407484407484,0.9390592515592516,11.0,548.1667647066904,1764.9835473900234,0.725574711574794,77.0,0.4451663201663202,0.1778846153846154,10450.726466585284,742.7189818355978,0.0
191807_7399-X8056-Y6157_reg,36.55628699605404,539.2456665729653,-291.2067167828349,-37.97870967029586,-81.98853872968958,-228.293263780488,83.1494244561502,0.2715335364909013,297.9894998664895,692.6161870314047,0.0717520858164481,0.0,0.9282479141835518,17.0,650.6915904435838,754.1286049635162,0.8350734487454529,2.0,0.2016171295143357,81.0,0.4771212547196624,0.3625744934445769,0.2228843861740166,0.2308457620953362,5648.112158332535,35488.13532653738,29.80399002845388,116.08414317603685,-470.0270620342629,-128.60928217879882,-297.4286908508656,-205.467547894361,333.3111568867322,11.438696664638377,0.0,0.6876192653788312,963.3900613764664,531.8061937752223,0.0,0.0427590863058399,0.95724091369416,14.0,556.3104265483245,1238.6638261247138,0.6744138703050041,99.0,0.4975807359063801,0.2360751659727692,12033.936832517164,733.0828226184642,0.0
191807_7405-X4847-Y21105_reg,43.682372659395696,483.6172153191733,476.49880993293374,-177.95890690947516,-311.80318716335614,-93.49834011303436,-25.515712458751448,0.3528587378792074,358.4495272733548,713.5948440923171,0.1153253526134882,0.0,0.8846746473865118,32.0,639.6844289424711,851.2893367411239,0.8662729177073328,2.0,0.3494051059532441,189.0,1.505149978319906,0.3312788906009245,0.3338864525305203,0.3920809380996624,11345.388045055455,71285.17546894411,111.75149538824826,171.8140028928069,-639.4402725422939,-114.66317448895848,-156.63681994745184,206.30457209212656,-222.9911953509893,38.73491285531279,0.0,0.7185738192459892,816.5671268252381,990.8457126342688,0.0,0.1532534246575342,0.8467465753424658,14.0,622.8054493184452,901.0281231758644,0.8751827653370347,159.0,0.3311215753424658,0.689105308219178,12658.170102588638,549.6485411023439,0.0
191807_7423-X4013-Y19283_reg,84.99884011630184,324.88204764109923,201.2098181411616,213.405263591824,-39.04871968428544,60.834754428220144,-18.64778618977742,0.5027041562343965,411.4483388971139,596.336372869614,0.4161317331844822,0.0,0.5838682668155177,25.0,481.30449668582906,710.0328752244483,0.8780850302440095,2.0,0.2442619066168505,179.0,1.380211241711606,0.3557075076751326,0.3631035445157689,0.3557508120769106,9694.7144387382,60913.687318781485,358.8558741866491,-500.6210113400712,-763.0902454533083,-57.79701222948062,72.09057426399418,106.37267413894904,-341.44509187674646,58.07215723464764,0.0,0.6519925420272655,683.2760907348347,661.2182922401707,0.0,0.2696154387941963,0.7303845612058036,15.0,780.7442856328886,977.696388287384,0.855454455914407,185.0,0.2029863361036765,0.95858571629807,9582.137000752378,481.7484005491759,0.0
191807_7425-X7635-Y24763_reg,108.63507150176429,329.5288594334536,588.8726194538697,-104.66558014273272,-141.6212879789876,124.89593462219788,-301.6800743067519,0.5971732469587566,542.0163690716427,610.1040487505404,0.0139964669112651,0.0,0.9860035330887348,19.0,552.1814689628758,792.9568634595445,0.8694995664533468,2.0,0.1925606238191058,126.0,1.2041199826559248,0.401294498381877,0.3712243797195254,0.2935655936329548,10026.407793294771,62997.77813062016,97.65084281343024,-11.006730807593613,-409.0549905078653,189.1407108524516,-199.48409448509972,159.74351849573543,-568.5151009714285,19.89116965668154,0.0,0.743774052100804,847.0027949449568,914.707071168501,0.0,0.0978883153449085,0.9021116846550916,12.0,689.6466408519874,1162.878541097238,0.8461318810531805,117.0,0.4891600187705303,0.5824495541999062,14530.477931444331,528.9090844578906,0.0
191807_7439-X5230-Y8737_reg,104.24186988342352,389.6363505985496,354.71019565622834,116.83668905828036,-62.39843421943917,87.11836086253237,13.07590930265413,0.366678867140683,460.8440861761146,682.7305515119137,0.2729451571972367,0.0,0.7270548428027633,29.0,619.7870959821605,806.9338823222156,0.8751559178340139,1.9278161567742844,0.2854823975524619,194.0,1.4771212547196624,0.43127026645989,0.3526011560693641,0.3590728597320778,9512.374553848727,57607.30171387736,65.89088936596545,-166.5657964811585,-689.9622100017979,-60.637698707852,6.395688354717907,30.79393051834067,-204.9939852452921,51.35276271721095,0.0,0.8651961486534773,922.8450558593732,690.513327801948,0.0,0.3165217391304348,0.6834782608695652,13.0,653.8279048341376,1162.233871157071,0.8401813799808675,143.0,0.3862207357859532,0.9119732441471572,10063.423751152091,507.2185534364088,0.0
191807_7446-X4048-Y18753_reg,52.41505575145675,362.9304005567501,411.1696443276146,-56.39398346987146,-254.588947408696,143.74933649097716,-179.38668351734816,0.4271394177104566,321.6806487125705,600.6242206821917,0.0008813678829543,0.0,0.9991186321170455,20.0,546.9541667946228,798.7843523963589,0.8677302881005354,2.0,0.2387108050763367,127.0,1.3010299956639813,0.4017274810505905,0.2975497972853869,0.3093431475595024,7613.098911269702,47834.511221394656,112.44613184103036,-225.57624916777604,-563.7529635336263,-86.83718085463128,-94.39772743798534,-13.962473999557556,-256.8235685599325,38.93708767154164,0.0,0.7694837539839622,643.92923520968,1185.003968836355,0.0,0.1578876646062886,0.8421123353937113,12.0,820.6370357347054,1157.8058933055331,0.8167944729224552,121.0,0.3898992542195473,0.6624362161454926,10364.52405846674,544.5453754654119,0.0
191807_7494-X6168-Y8596_reg,120.72179357174082,725.0657779643093,-442.959744057628,-122.90489851990432,-86.16714447987943,-142.1346505075364,-105.48109012878628,0.2066704876509017,289.05397603046094,887.2103855516029,0.0066985645933014,0.054066985645933,0.9392344497607656,15.0,843.9529440122308,1018.6538140731546,0.8172939282368054,2.0,0.1514740253527569,88.0,0.6989700043360189,0.1858851674641148,0.2004784688995215,0.2569683332734838,5580.506031391668,35063.35350306727,46.82884381935855,735.3692395445419,-152.71580674011716,-258.1893659854295,-784.2128455403505,63.8020045590257,824.8172049353113,34.69318357506911,0.0,0.5094638519923232,936.3950453451298,817.6868997035886,0.0,0.0,1.0,26.0,837.5739720928352,2572.889254343368,0.724573453107633,183.0,0.1949215832710978,0.0522155837689818,21783.69756272028,856.041561722588,0.0
191807_7500-X4057-Y19214_reg,42.65353945290372,267.93913745417785,339.0903457564014,288.6206740884217,-85.76029552399605,145.76152221143877,-49.476223800174125,0.4194165986322887,426.1280597411551,627.1598562165777,0.1262181519314312,0.0,0.8737818480685687,26.0,518.9453154244673,854.0798806166505,0.8587790630824561,2.0,0.2722112493818501,185.0,1.4913616938342726,0.4021011313784345,0.3122835372893096,0.3201937395979955,11633.324752221331,73094.33515680516,12.740029250500813,-308.6154280096973,-553.8916629867992,-136.09310821825903,76.2372790161426,-435.5409200329567,-340.406180382149,58.44026332987784,0.0,0.9852719582586053,554.6670584352141,1095.2443017037333,0.0,0.2113344500279173,0.7886655499720826,11.0,832.9017766982474,1041.841729071831,0.8710654398147116,59.0,0.4257398101619207,0.82607481853713,4856.204221794456,483.9467260657356,0.0
191807_7508-X7743-Y23907_reg,67.1464991644225,591.6958923134866,-280.33574984383426,-54.90192468244623,-72.75428955616273,-186.5385453160045,-98.49459151863633,0.3780681722005421,283.57249675196,761.7157919192964,0.1553719008264462,0.0,0.8446280991735537,19.0,722.4014466548368,847.4935168384069,0.8388034943932346,1.881700118063755,0.2855686470348773,72.0,1.0413926851582251,0.2177095631641086,0.1955135773317591,0.2410303554149645,5722.83390436155,33837.148006803975,236.586722868562,247.6248105294012,-610.111030661117,-73.057587033701,-22.084789842992404,-236.1106893483507,-37.5832743492032,15.497568386564868,0.0,0.9715790633231234,837.2767591918655,526.9868431294958,0.0,0.0744293747932517,0.9255706252067484,13.0,556.456391651404,1022.871626227061,0.7101995136532112,77.0,0.35643400595435,0.2160105855110817,8230.529893896599,767.4730012218625,0.0
191807_7525-X6122-Y8722_reg,158.5726051515967,725.3139432015914,-429.7763287991728,-93.96462467484044,-86.48494955458865,-104.27690217652048,-89.10354624725699,0.146649805115472,286.6598357216162,902.6459788369784,0.0140093395597064,0.0320213475650433,0.9539693128752502,15.0,859.9736552285053,947.8910834101488,0.833635618117719,1.996664442961975,0.1827855759538458,64.0,0.6989700043360189,0.1994663108739159,0.2031354236157438,0.2964475011958069,3999.162654547697,25094.512505451406,58.25388338532048,722.1176659470757,-119.53562670230406,-280.06233774868986,-182.6860750146845,-318.98641894263227,337.770099583447,35.52033243611841,0.0,0.5215227778782905,974.3351975312736,814.4417866375125,0.0,0.0,1.0,15.0,902.9144621678352,2115.4513782040767,0.7118720010768356,109.0,0.4035769126546834,0.0746996657935145,15053.22596921602,843.881213772637,0.0
191807_7529-X5296-Y9002_reg,73.74840545854113,446.4570534825466,692.602328911893,-47.94799972085763,-368.9057145032609,277.05533255305534,-48.16089157330256,0.3968359033463578,421.6272809274369,686.3957927390543,0.0021104903786468,0.0,0.9978895096213533,21.0,660.5581226727896,904.4437972168024,0.8760365415759698,2.0,0.2921845649000006,183.0,1.462397997898956,0.3832402234636871,0.3509621353196772,0.3729874321226329,10818.413149330589,67974.09454687213,83.1776997750867,131.45498290548812,-644.0446081364925,-63.89298696989207,-36.76313649744396,28.88335756722679,-208.48565459172497,45.760525459979725,0.0,0.8637426148096117,910.955526165485,970.6483058154686,0.0,0.2615606936416185,0.7384393063583815,12.0,627.1510742916979,1081.4938488503665,0.8599662362482992,129.0,0.3129269574356279,0.8243562795585917,10289.236583859132,538.2104324328757,0.0
191807_7537-X7637-Y23814_reg,36.483151612757865,591.0998854624222,-254.7430336649072,-136.21901313699843,-154.10780866830908,-123.60402080980774,0.5965687974978011,0.335820996342245,233.2232936937853,807.7366060681352,0.1227420101899027,0.0,0.8772579898100973,22.0,702.1811843289203,869.0833418933922,0.8372822232551563,1.905511811023622,0.260751749326031,88.0,1.0,0.3388142658638258,0.1813339509031959,0.2844968699183691,5808.585214348202,34768.707098331026,191.06352744357991,296.7898575930785,-195.67292580022763,-332.2772239262587,-806.9460954126897,-58.065652101261605,755.8473730866019,20.956084147208102,0.0,0.7434087267047611,696.8098629970309,651.9692751906105,0.0,0.0319022063208109,0.968097793679189,16.0,645.9841884329323,2700.371456724813,0.6914489332170134,143.0,0.4490161001788909,0.1024150268336314,18166.50544074262,747.6707994890546,0.0
191807_7574-X4648-Y20365_reg,142.55299901505168,404.53072032989576,393.6957270724921,-8.02957273858313,-227.17144092702475,77.29473607811677,-14.953335789738896,0.4130288224632676,476.5485854149574,678.7594928972362,0.0882932597556168,0.0,0.9117067402443833,23.0,584.241319426314,825.9164130873047,0.869509119659384,2.0,0.2322274992084981,159.0,1.2787536009528289,0.4722112731572724,0.3544869268164499,0.3270805522171897,10254.4283632323,64430.47362538656,82.13924765336833,-87.08003463934983,-628.901104274052,-107.4517826291588,-147.02064484824342,150.3193557511338,-274.94966618386934,43.27134547861127,0.0,0.8468338740203541,812.8715513784764,1082.766050028937,0.0,0.1932659932659932,0.8067340067340067,14.0,706.6705728348552,1252.28787240031,0.8605291051017688,139.0,0.4719416386083053,0.7848484848484848,12106.77924999889,517.786125662117,0.0
191807_7612-X8075-Y6623_reg,131.4968359591603,366.71073796712426,-312.9295384512003,-25.587902454874005,-114.68150640467644,-211.24788918748504,26.158566059865475,0.4920442286300651,286.35699651785035,440.9101870039185,0.1761932822628167,0.0,0.8238067177371833,19.0,430.2026375860567,586.6445081181095,0.8313999892573634,1.8977607542722457,0.3437862968812459,78.0,1.0791812460476249,0.1611667648791986,0.1175604007071302,0.2992395167506564,4581.478746874303,27304.434035896167,223.8444799429899,152.77744929781784,-583.6251940718743,-142.55612896022342,-266.14446236556563,-30.89811488695168,25.698952506356367,10.87655034050386,0.0,0.498520473334581,690.658343922024,487.0186121268025,0.0,0.0889175257731958,0.911082474226804,11.0,541.4320764689404,1335.3550434891315,0.6746017476248793,103.0,0.3707465718638903,0.1692483494159471,10677.538864438187,751.3677854980147,0.0
191807_7712-X5701-Y8560_reg,179.5426520234205,340.27110880737246,613.1599018744117,407.3011810776736,-248.0373540055984,364.19638806927856,52.80926101049722,0.515038768597085,550.7104616561128,665.8221735257835,0.0894442617560013,0.0,0.9105557382439988,25.0,655.8917392603759,908.7386689911028,0.8792752956831363,1.970952537542476,0.1824793154275811,176.0,1.3010299956639813,0.4180642332566042,0.3441850268552011,0.271196725909086,12292.157072570228,76132.46848457318,56.40046837874888,26.84466488767885,-483.8848207664387,-138.4875247668125,-130.76472173123906,-219.11096933165203,-162.81003962812682,44.15294304068247,0.0,0.8508121699324798,976.6864957975604,941.551411048431,0.0,0.1748933577087142,0.8251066422912858,13.0,649.5008825835098,1086.3386415978782,0.8774858640745039,105.0,0.4370810481413771,0.7713284582571602,8879.396878181515,482.4986938930609,0.0
191807_7779-X4433-Y18625_reg,294.1990248198217,209.8944061990969,397.00448776317006,331.29561582012474,124.21448393191235,149.17631110120067,75.2504761342989,0.4954381464314276,531.3907738426806,485.3324323553807,0.0082049987376925,0.0,0.9917950012623076,23.0,491.29029873385497,700.7871744934638,0.8687284044619547,2.0,0.1748417362162115,157.0,1.3010299956639813,0.3005554152991668,0.3287048725069427,0.2581893755146105,10695.419034854624,67201.29973392727,62.49201406882821,-536.6779903764827,-668.9726939973486,-57.84643240259872,33.89504675210592,86.88574673266783,-193.82029303230465,56.11868952343656,0.0,0.9306236865430924,659.9587406098963,1215.0489851870034,0.0,0.4040441632551793,0.5959558367448208,12.0,1000.7759494290628,1154.540145794292,0.8702271730090206,159.0,0.4018111896786999,0.9057188934375388,10868.691146714971,480.60677215050936,0.0
191807_7779-X6262-Y9318_reg,190.48598776935972,572.5623969339404,-421.7663313159425,-66.90337567900805,-139.8379455706768,-118.40214512083858,-88.44541673880947,0.1494758800706436,381.2811419669888,702.5579853631907,0.0525122780506233,0.0,0.9474877219493768,16.0,787.5638005628497,865.3165134307017,0.8447918343805797,2.0,0.1679289887604324,62.0,0.7781512503836436,0.2625613902531167,0.1318473743860974,0.2366066674873334,3590.030689785371,22556.828082383243,33.28495507085427,209.81881909053573,-729.3666957372689,193.30066317782945,473.9083356432151,-268.1500163643308,415.47188050691,12.154800920138875,0.0,0.8352921843518268,851.1647535784305,719.3539676751161,0.0,0.0569960568765682,0.9430039431234316,12.0,601.3537778121956,1710.9532238691656,0.7466248948940571,67.0,0.4069781335882423,0.1457760783845142,11433.355366942693,824.9534296778367,0.0
191807_7786-X4425-Y19023_reg,9.78363333435209,256.3016967047124,-189.7210875661848,231.7105662288872,-28.922286505077825,48.68462198844344,-0.7891234044524614,0.2791728820234526,309.7055170552421,461.95663023923134,0.0,0.0,1.0,21.0,375.2432952272444,613.425926422379,0.8498922224025568,2.0,0.193634968728754,102.0,0.9542425094393248,0.3685106382978723,0.3086524822695035,0.2892130032123531,4719.997752315167,29656.620527267267,24.05897619356256,-479.2794148726489,-560.2084634810138,-56.63854415529423,116.26451119732737,-336.17433798141184,-116.08698637760348,49.77550880711546,0.0,0.6972006595355664,439.4370137442874,1234.2131878055616,0.0109289617486338,0.594603825136612,0.3944672131147541,13.0,980.2111930677188,1785.2517898136748,0.7772616319970086,87.0,0.4213719871902915,0.8231923141749536,8039.408585857248,466.8753901397756,0.0
191807_7802-X7356-Y7036_reg,50.783352807070514,419.6091475442781,739.0122098223711,-430.5637317381528,-63.888585956491454,72.9856595393938,10.136579085517614,0.5774854340529566,428.60943860918,593.0983946853794,0.0430936720344749,0.0,0.9569063279655252,28.0,553.3083110882861,727.3303847105072,0.8855376094619601,2.0,0.290055340275843,195.0,1.462397997898956,0.328532547062826,0.1826944885461555,0.3256778829832973,11867.569879387936,74566.14069809715,23.197170694356828,81.11683118033352,-675.9522771286622,12.161814205275585,-21.97111563069923,479.1896008536911,-292.65734586600706,38.94882381134176,0.0,0.7142781275497027,854.8413311191962,840.6609369706225,0.0,0.2445583738082389,0.7554416261917611,11.0,587.4341739675942,980.8708118411918,0.8543500757878315,155.0,0.4499641319942611,0.6439203730272597,15111.815207605952,579.6880748055512,0.0
191807_7822-X4840-Y19927_reg,3.237144987730062,350.6334494874018,-101.77905137850485,14.274981708363716,-70.59943212515192,7.8676300738392655,-41.23393608282107,0.2787099750242273,183.0418318700013,528.7171921306426,0.0,0.0,1.0,17.0,454.0934927362021,678.2500386897387,0.8388250974754028,2.0000000000000004,0.3323786731285034,84.0,1.0791812460476249,0.4555665675586389,0.2765113974231912,0.3872965156791022,4052.099054691451,25460.0892436736,159.70276027399268,-214.355804505648,-574.4016645760126,104.08342219045907,177.3697685808744,-81.48754641564526,-201.8258829416495,36.752587843016094,0.0,0.768302492921758,676.4350515028691,1131.2820936613653,0.0002699055330634,0.3973009446693657,0.6024291497975709,14.0,820.2514733756753,1139.502861592185,0.7925963162896786,125.0,0.4182186234817814,0.7770580296896087,10015.07753799902,532.8774390578695,0.0
191807_7954-X5660-Y20932_reg,201.87567495153235,339.03823545343766,311.9104607355072,-202.1314754989768,120.9016419853522,-143.58138836990375,-91.80988606925408,0.5353447987811301,454.8879075937821,512.9483486078116,0.0,0.0,1.0,22.0,535.2626743674543,688.4554561305949,0.8562918484177869,2.0,0.2174603136362873,130.0,1.230448921378274,0.2785612422753922,0.2341942639835208,0.2910911518969405,8520.16839584329,53533.79687945853,79.65753648574082,-157.27851327388453,-297.0393165365636,500.5194466130711,-76.03753930217549,230.9672761596304,-430.1529251183439,12.49080784881652,0.0,0.8112966160062686,544.1839950011281,1005.7153074135113,0.0,0.1742523825172527,0.8257476174827473,14.0,746.3709371314285,1306.1132657681223,0.8582414217063913,211.0,0.440108445612882,0.5129806112389089,16471.08543748442,570.5143950221672,0.0
191807_7964-X7019-Y7647_reg,135.4413970347523,352.31045922449266,616.9519656591447,-73.86962601037901,-185.75741601871616,329.993268481211,-187.0368271180188,0.4548456208648317,388.79308476015103,506.83294284059593,0.0383463151587777,0.0,0.9616536848412224,26.0,508.5479496614432,810.2263124125781,0.8825375175711605,2.0000000000000004,0.3399296027138889,172.0,1.57978359661681,0.4471240263630917,0.2444577591372079,0.339609327057852,8960.210249368027,56298.6613880692,50.90226122892636,9.580318822358096,-406.2984454574403,27.00315232936628,-237.66779865656537,-88.26439638581675,-426.02563621427873,32.94868894604858,0.0,0.8924017717419604,954.6916129019828,888.6559896094404,0.0,0.1368038740920097,0.8631961259079903,12.0,664.9031570007281,1132.659854809249,0.8310898368793049,119.0,0.3536454129674469,0.6119182136131288,10058.754572153586,547.9658820744462,0.0
191807_7971-X7500-Y7211_reg,133.33276281908184,356.85424339392057,545.9646301946864,-72.03556674829743,61.58374201887362,-0.0912519162334916,-236.5886716992083,0.4112254649222339,451.1227656221199,570.4497646935511,0.0,0.0,1.0,33.0,491.3948079914959,789.1723565777442,0.8642299078972223,2.0,0.2869681815268985,177.0,1.414973347970818,0.3652892561983471,0.22822631913541,0.3230091366430976,10564.753702836628,66380.30523963446,39.64904314272644,-70.00414358488479,-349.06243385532014,63.560596493525246,-213.41972192764123,243.03726362370008,-269.4493824762979,30.36580082135861,0.0,0.8881837290216607,621.907381945417,986.5754112085064,0.0,0.2576227390180878,0.7423772609819121,15.0,597.7602065830985,1133.228554335815,0.8661431316274968,175.0,0.4779437006522485,0.6025575008582218,15781.223454922128,548.2555744297562,0.0
191807_7985-X5473-Y10063_reg,118.37144163447374,397.6405690436704,235.3978504719508,-112.50070404657946,157.31922773021265,-146.83313087432583,-132.32737886740705,0.3777810712823599,341.7609482816006,568.7862271474705,0.0,0.0,1.0,19.0,553.9358146374005,714.9639351583587,0.8842741981416579,1.9272179918540813,0.1615200804224459,124.0,1.1139433523068367,0.3743580662298565,0.3100761466265274,0.2690506362701166,7746.244158391123,46914.13325720277,121.20501040731688,-157.12401882216545,-105.60650268379815,405.9325660022504,-20.86625963941398,-363.7630654266001,-331.30374846660976,22.594402332364023,0.0,0.6509356836851985,578.8670415272591,1162.0677592535749,0.0120203982515784,0.1736279747450218,0.8143516270033997,15.0,752.2022899679195,1692.0384970133389,0.8786625767224605,111.0,0.3580621661000486,0.36534725594949,11297.542799840792,550.0507746011533,0.0
191807_8102-X5725-Y9586_reg,13.700458475789674,284.6246790295468,108.77079188541607,243.91293467862496,35.449835760980825,25.81179784550066,-37.6078329636884,0.3910019338444279,255.65685682087587,580.3949065370921,0.1989698588325066,0.0,0.8010301411674933,20.0,474.9727791589745,661.9602180838604,0.8705538870507018,2.0,0.186664801413524,128.0,1.146128035678238,0.4954215948111408,0.3847768027470431,0.2895726217347159,7032.075144528123,44183.83122708186,128.32609086727552,-288.1282247278964,-574.6119588077659,-108.21714674387066,-84.84212073367726,81.96100839299413,-256.50393823805604,43.46177999215747,0.0,0.7688951547225987,462.27069673123424,1124.2740686675947,0.0,0.2688398611799703,0.7311601388200297,17.0,789.0031254510949,1411.2765217332826,0.8497820288571281,153.0,0.4696331184928111,0.8463063956370848,10886.845227318232,480.3144948767475,0.0
191807_8158-X7179-Y9304_reg,143.8112236961697,293.12942826260223,150.13490273579134,576.7248637697927,-127.2685328776088,-27.50057457587397,-238.04460123565863,0.4943881617470871,461.9810434164119,446.7079169051594,0.029385887735351,0.0,0.970614112264649,22.0,489.77703133262673,686.2800287539386,0.9014707438569618,1.6185113496392751,0.1685062753252767,143.0,1.0791812460476249,0.4145697694879465,0.3074080591237023,0.2143181971668994,7733.296657740746,39318.76063781874,82.81726464144958,-173.59736295486437,-294.56873534762417,-163.11574662100236,-457.2706162294238,-399.30580835846325,68.75582514410809,32.42777888114765,0.0,0.6703831489020753,636.5545094397821,712.9215799682843,0.0,0.2503201024327784,0.7496798975672215,11.0,570.8672831540607,956.3022707485626,0.8429956089296128,127.0,0.458893404188809,0.6416067521100344,8703.56831878921,486.6981845685154,0.0
191812_5915-X3305-Y21307_reg,22.4971722113213,179.59651469168148,-374.1282095427247,-62.06191819062477,116.1196056660872,258.2237549312158,-56.968753198771815,0.3994591849971124,253.8747928990948,441.38407766306864,0.2146090534979423,0.0,0.7853909465020577,17.0,407.3010296807496,531.8258349203284,0.8728448055353111,2.0000000000000004,0.2238898489533264,113.0,1.1760912590556811,0.2024691358024691,0.4504115226337448,0.2947294487643465,6556.380802152638,41194.95552435984,18.851884738489275,-416.33074969584686,328.5760177650953,-429.79662536403015,-615.1223827660333,-795.5572714004171,730.9846739828188,44.75980656154204,0.0,0.6887240881722134,999.1583341650012,932.7292987325008,0.0,0.7430683918669131,0.2569316081330868,12.0,860.2992425599874,1230.9023312563393,0.8509725084437649,119.0,0.3980968029027179,0.8972410488122133,19870.352665542083,306.75346859736044,0.0
191812_6207-X4040-Y8998_reg,22.94794460921966,244.66031376709088,-283.7061427318748,283.73729036242,-20.16341621795223,124.04747757865964,458.72259680501656,0.3963552206984184,384.51401402582746,521.8283478729854,0.0,0.0,1.0,12.0,421.85356229539394,535.1944984998801,0.8453058456998742,1.853150787696924,0.2237392977170267,98.0,1.1139433523068367,0.496436609152288,0.667291822955739,0.394631886890959,7164.220939784656,41690.62926585227,15.25202117810693,-173.70994678653915,-30.742570190286703,-42.883028283152456,23.831588299535685,-792.0602338361517,189.6262792499008,28.977159910923746,0.0,0.916578554161608,978.124158679774,1025.8528532256278,0.0253467717792635,0.2787146991318232,0.6959385290889133,10.0,810.3552510557008,1314.1275085121529,0.820380404909359,79.0,0.3213252170442071,0.7628979143798024,13615.10432161005,376.7601933579389,0.0
191812_6251-X3178-Y20913_reg,19.333576131989048,267.179467292387,-113.9223142465011,515.9436330258783,62.550416129159466,-16.550761625640323,424.1526382620216,0.4129779644402804,347.460156732217,518.4343739383303,0.0904693658187029,0.0,0.909530634181297,9.0,434.9533059317983,526.1135463385591,0.8586354153104125,2.0000000000000004,0.150422088906576,122.0,1.0791812460476249,0.4611250447868147,0.6196703690433536,0.3372672197195162,7533.63114722648,47335.20053396402,13.498327141935306,-203.379302077512,554.5324952562152,-343.07805952248646,-672.3070847309555,-397.39855716157706,578.675012009267,19.021679919373256,0.0,0.5540866758656064,999.5917745682292,907.070825039178,0.0,0.1838011695906432,0.8161988304093567,12.0,754.8920866821029,1244.021132612306,0.8418754114097934,161.0,0.4046198830409356,0.6788888888888889,23298.04834788432,413.8530413901318,0.0
191812_6426-X4032-Y23056_reg,18.285506448288288,310.95560221405776,-80.01051765871843,688.5101558561299,190.92716902401108,-194.6709853502325,333.56192727107,0.3835254820231878,332.57914352605803,481.0195387321865,0.0,0.0,1.0,7.0,424.0193847120048,523.2342926772266,0.8675654487603053,2.0,0.2114666348217225,137.0,1.230448921378274,0.4393939393939394,0.5897867564534232,0.3851557635722732,7197.874617374397,45225.58003880765,16.663142628456626,-172.01373322178506,407.5638073518721,-20.012370477780145,-405.72482562074265,-682.2491753838362,364.2247855239384,21.06056271087437,0.0,0.5951239508125343,996.0901467472304,1032.2228310954492,0.0676420851407984,0.1649143445334902,0.7674435703257113,12.0,797.5730729141668,1636.0887835291592,0.8614447943019662,129.0,0.4973163737960444,0.5487096537019337,18543.771382551546,441.69054152622414,0.0
191812_6431-X3967-Y9193_reg,30.168816790936944,349.45219785790323,202.77256143028703,554.4161636178226,57.57050123898937,-180.0827900246863,-55.51995939415353,0.3761929314604859,347.55298692503493,599.3992044973384,0.0,0.0,1.0,10.0,522.8777202310307,611.3538645984218,0.8515421166047594,2.0,0.0956601393834797,112.0,0.8450980400142568,0.4903435310203384,0.4580413604512049,0.2617705024481414,7884.829590168187,49541.84543055929,13.399487229318764,-2.6987247882589145,-30.783105642075977,-3.924338375486183,-396.47086374493,-180.79392074053365,-85.25398634991122,19.564902215923297,0.0,0.5980979987215516,1002.3020730506232,956.2678266493112,0.0013981412945143,0.2005921539600296,0.7980097047454561,11.0,697.0922250318251,1373.9433719072872,0.8366347104807315,93.0,0.4217452093099761,0.5534172218110042,16537.85967251516,479.72567117125743,0.0
191812_6463-X3826-Y9703_reg,12.010688771430978,409.1082203011174,421.2424229745855,422.4979683917866,43.88745103513846,-216.9734889463194,-352.45202046819946,0.372258348415938,319.22072021251734,606.8050007335223,0.0,0.0,1.0,12.0,552.5363193112286,630.5603043494258,0.8727126325011685,1.9444444444444449,0.1301748485193532,155.0,1.0,0.4544730977395734,0.252308182107609,0.2691513377109345,8447.30453792575,51623.81488236886,25.64703987234316,54.88887495389463,215.9436210326698,242.4337596908481,-254.3773501784979,-121.3333737817822,121.72143972089418,26.15690950055236,0.0,0.5870664989910876,970.5634488737032,933.2898767674252,0.0001888336375653,0.2549883552590168,0.7448228111034179,12.0,689.4332401868329,1828.8574638411096,0.8430055975536717,125.0,0.4314219172908667,0.4372128155095361,21749.49055508136,525.2269508446652,0.0
191812_6476-X3744-Y9656_reg,49.61599873898922,332.0818296573898,-200.7909459358644,409.82704654929256,-78.88402338587342,53.78008230844568,393.6792260700598,0.3224458046781476,277.4489954541696,521.2308110029653,0.0,0.0,1.0,10.0,481.9549683704904,541.3865762772874,0.874820531124491,1.7269213278763074,0.227496230885191,94.0,1.0413926851582251,0.4010914051841746,0.3155979990904957,0.3598281079368086,5925.348370675379,32132.176535750667,5.902845706177686,-9.348630394161772,938.7234617253176,881.1770691224556,-368.03510507780527,-254.172220004072,-297.0567194626079,27.64524734602423,88.02168135749316,0.7319611256400698,1076.5214675648076,886.0450428130071,0.0191788079470198,0.1261986754966887,0.8546225165562914,18.0,698.039310688533,1672.5715332758032,0.8183182648308231,155.0,0.2976058347867448,0.3400983034723323,25823.753490581534,446.6308359669426,0.0
191812_6477-X4010-Y9201_reg,32.51540559789828,387.9654345681656,505.2511507104008,292.46398790589524,-4.762364193092064,-191.3988624641293,-304.52322905702385,0.3666719319822774,331.92621516213603,634.5766120332073,0.0200388814116943,0.0,0.9799611185883056,12.0,552.543250332674,662.5102018004616,0.8593683952921533,2.0,0.1830954913736923,135.0,1.1139433523068367,0.4356213548676536,0.3085090474054134,0.3329867057615298,8979.559338903404,56420.235303145135,11.406468600333485,-18.060654906497803,-183.052871331356,-48.20123813120954,-68.57415065067205,44.472861519216025,267.0939973247865,24.36067605189517,0.0,0.7521176135328635,1016.561195663256,969.1624165428784,0.0,0.2741201359061478,0.7258798640938522,13.0,683.3050452738346,1284.5006596089188,0.8612449815733386,115.0,0.3831014808641579,0.5601000064106674,21263.57768026765,532.9697606173675,0.0
191812_6568-X3828-Y8764_reg,2.502780306466775,138.14688092588585,-430.20034687833527,-33.984142181642234,-61.35164718754556,113.04398174692469,-124.16913684815944,0.5111591069194014,256.2979323652389,380.5544762011323,0.0133456051541647,0.0,0.9866543948458352,5.0,265.74665553869227,296.5874614094191,0.8607956300482829,2.0000000000000004,-0.0192260943631467,41.0,0.0,0.4878048780487805,0.7933732167510354,0.1350735145441351,2928.611291567626,18401.00743761799,0.8749864302315018,-435.9617548479955,969.1044032159734,-924.7029424080316,1163.817177743461,103.28033390813977,-191.3943293346984,18.48774611289188,0.0,0.4484622927235605,980.5066212190608,900.97212002194,0.0,0.1942072890847333,0.8057927109152667,19.0,833.0229916286819,1944.7506879680984,0.7808154911555102,237.0,0.3937390985036262,0.5674745249242633,29592.88639870968,276.742091155186,0.0
191812_6779-X4640-Y7603_reg,44.67301308104447,303.286033616474,-94.59267135205116,667.3565167473331,-82.59176975767734,0.4841936495655948,515.3441109607418,0.4196456822161759,301.11667138925736,529.2344326176099,0.0032545392257622,0.0,0.9967454607742378,11.0,439.0612648150594,529.0329953999509,0.8661983769624174,2.0,0.1335341829060156,123.0,1.0,0.4859540938677629,0.4787598492634464,0.3054655031191902,7862.816554626801,49403.53344907935,2.5148461968343554,-246.69196913785527,418.220780071876,365.7322998928312,-343.39323176492843,-414.73373842432,34.00712732811197,31.74767165901383,0.0,0.5296120497000624,927.9723118516412,1067.6953796151083,0.0,0.249292371418709,0.750707628581291,11.0,792.8322575555308,1573.712926946287,0.8572958042083615,113.0,0.3655357881671494,0.5197214177354847,19840.39294571847,439.1906394629581,0.0
191812_6854-X5676-Y6355_reg,52.80089146537625,354.585867859244,328.90773393151187,555.9810303270009,238.5631466917487,-284.8104819813719,-246.5306452406946,0.380685296305972,342.5551036106256,501.0714648073581,0.1441540147127876,0.0,0.8558459852872125,15.0,479.0344856176848,589.7767699334104,0.8750847017994439,2.0,0.1719675493870953,125.0,1.0413926851582251,0.406010330255126,0.344811394584442,0.2989122941175968,8664.100290759363,54438.14764682948,76.00400658080412,-315.2602965064016,-410.9293336153655,-199.3332453323777,-280.07405811319586,-318.908353397646,69.89090157132213,40.88622020844592,0.0,0.6131082838171775,923.8569801502464,1011.6251876319238,0.0,0.4806538117737198,0.5193461882262802,10.0,780.9742451387843,1244.2874055052698,0.8553742792733705,59.0,0.3490392852771998,0.7771386611185901,11211.977543299892,503.52709443677793,0.0
191812_6895-X3630-Y9992_reg,24.19546837456346,370.1322863806963,-398.3165980502356,150.74955250972994,-115.87422944812334,68.76753559039554,248.5158235168315,0.3660068935653638,216.05103451533887,490.4047200628829,0.005087440381558,0.0,0.994912559618442,8.0,436.2167869626292,463.48530132885537,0.879255831301743,2.0000000000000004,0.0844666538435734,69.0,0.4771212547196624,0.4944356120826709,0.2228934817170111,0.2135752425490956,4268.209440575967,26817.950844992178,93.96348374305852,-103.89688366835436,1511.0722789128831,-611.0629207242129,604.6335901936477,-65.532242745149,-16.900581870879375,26.65268445687814,0.0,0.7042667559420581,733.668363479499,933.9222147869403,0.0,0.123968690501375,0.876031309498625,13.0,686.6509058764884,1299.1725651276845,0.7722603918386307,219.0,0.4838163740215782,0.2507721599323038,32224.372685876453,416.1301328022522,0.0
191812_7148-X3864-Y9658_reg,0.9779176836427724,392.6790316811657,-111.88651063696992,587.2822249327636,12.531774995277688,-138.07761570065864,199.6341081349757,0.379812365617806,271.352185218032,607.4060664445497,0.0,0.0,1.0,9.0,510.991855968372,588.0544057080712,0.8408399270769182,2.0,0.1429450986958587,87.0,0.8450980400142568,0.3449844385922911,0.4855159205171175,0.3222719360259146,5585.76019470997,35096.36638483036,16.173911597137703,144.54247881731544,911.8538319083668,951.433353753825,-565.7803653332301,-288.83180888857794,-46.95531332583117,29.93658644316131,0.0,0.6624161517625348,1002.5446925566556,874.850187116203,0.0008183678108661,0.1369856785633098,0.862195953625824,23.0,691.7725727618631,3697.749836928073,0.7956687157746466,163.0,0.4795635371675381,0.342759718117754,30020.76314206118,454.7120786751247,0.0
191812_7255-X5228-Y7090_reg,18.897916601784345,315.6707063640217,-6.832707327607313,685.6173162122061,15.460494391471707,-97.90358286027868,299.6638973721416,0.371688013623993,274.419206236028,562.9936790935019,0.0,0.0,1.0,14.0,445.26520685429705,536.6614351906583,0.8642269583027344,2.0,0.1629813642024367,131.0,1.0791812460476249,0.4943130528976349,0.4937714388878859,0.3280456578986939,7473.605194506002,46958.04634978132,92.452762087295,-249.95983309259145,276.1301123334009,101.26223953249296,-752.8016676469703,-526.9805270361228,241.29286288294207,18.21123005310781,86.8265389094842,0.8199554486982256,909.673131008477,1084.9554688309368,0.0,0.1550477966892049,0.844952203310795,20.0,802.2861060246709,2130.1093175234064,0.8276248862557491,125.0,0.4528664871104271,0.5920738745671412,17755.0643545652,452.2219114680456,0.0
191812_7321-X4084-Y22812_reg,28.91949950282105,369.4324551601817,-208.7761353907821,485.4540321651913,55.4361357696699,-68.76565475796536,401.5998635576008,0.3162680749573864,222.94467926326607,548.291028093568,0.0,0.0,1.0,11.0,466.9209556381039,596.7591941360099,0.8667181729272729,1.826692740161329,0.1256503821231311,100.0,0.9030899869919436,0.4216572965045221,0.5186995844536788,0.3208114060329782,5513.218950325808,31641.16997966144,98.49040055656496,-77.24909350826783,1796.2704864667685,1481.3513952112771,-737.7462233293318,-208.78393585395352,-166.91093415004886,31.98359553561194,0.0,0.7208540248324842,908.4370412193192,994.7384853087352,0.0002569593147751,0.0966167023554603,0.9031263383297644,18.0,722.6249745437494,2234.9146058883885,0.8225607745840848,207.0,0.4984154175588865,0.2918629550321199,31784.739974612763,434.0033564518374,0.0
191812_7379-X5715-Y24777_reg,24.903497265106125,242.59652612008267,278.3119021691947,288.7106847176576,154.8688189086593,-254.29940977216503,-340.99090696989657,0.4842920214454226,386.00962384288505,522.5374630653746,0.0,0.0,1.0,12.0,416.1102603613609,547.3542925132293,0.847727003327465,1.9039517986886407,0.1120691288150052,101.0,1.0,0.4364699627857522,0.507531454899876,0.2970190845858557,7621.785070948695,45601.45391314458,9.994796666488584,-143.4113341946886,401.9680807717463,65.62692666774632,-393.9267909542536,33.74939427004107,70.22389223704226,22.374298079479004,0.0,0.610581832470821,962.3088617026232,919.1912188828378,0.0050691793893129,0.1727099236641221,0.8222208969465649,12.0,719.8121409420023,1203.0314405028605,0.8134236804486202,97.0,0.4608182251908397,0.4501431297709923,22900.02537832436,493.49808853040446,0.0
191812_7414-X5193-Y24236_reg,21.757699768134444,297.89909974352395,210.06589723173573,527.9879386616855,187.9399046020052,-233.04252780762616,-185.23758983640167,0.717725983620752,291.3566514004897,515.9407439910237,0.0,0.0,1.0,12.0,422.95088461546055,531.1612603437763,0.8412754366658475,2.0,0.1541806739891546,109.0,1.0,0.4967948717948718,0.4752024291497975,0.3107984547476635,7989.40342499433,50198.90221305449,16.177791288841945,-151.25525430748723,1176.395625542761,556.7274721403148,-456.98080293201895,-173.29772808416357,192.77454725348832,33.30822753361624,0.0,0.6508214711685246,962.523780847584,975.622207894488,0.000722891566265,0.1594216867469879,0.839855421686747,16.0,734.4423089175194,1883.320639062988,0.8433785416618653,147.0,0.3480963855421687,0.3670361445783132,28329.516602399897,483.8761261557343,0.0
191812_7460-X2919-Y19536_reg,77.3192839764306,256.7400911355276,-175.67773458661443,458.3439528154945,117.91440094064232,-150.8384958068216,115.9584476124125,0.4024138299442815,324.6371723753564,448.7684908682072,0.0,0.0,1.0,9.0,384.7643732930629,513.348296281589,0.8242680670396645,1.0895315075777718,0.1610572449052017,94.0,0.9542425094393248,0.4724807232119117,0.4129220951874501,0.332212570340226,5095.893106005393,17482.453185031973,259.35045524328507,-292.169335198058,2022.8126340630056,459.237393968373,-427.8970543598782,4.967154099068175,121.22219828338532,31.84742276596636,0.0,0.7023456920678871,931.0859944004432,1281.8429969068488,0.0196228235956411,0.0782902408621175,0.9020869355422414,17.0,812.0224062018942,1710.8264502386123,0.8139384867781835,261.0,0.3925771040250915,0.2431139169246853,34003.445432451874,465.7079253601006,0.0
191812_7487-X5132-Y7313_reg,32.921442534167,309.94575852347407,-411.4778264123472,67.19946774930068,-125.10279279520368,136.8275377168858,179.45945804192417,0.4158456334418381,241.3135378300376,423.67237455135546,0.0,0.0,1.0,10.0,381.6792528367242,470.9936551052949,0.8735612649427861,2.0,0.0879792781301548,85.0,0.6020599913279624,0.3217414388107247,0.1879479692062649,0.2367566960636385,5060.005534046337,31792.952425767275,14.062728464703468,-312.5886488121564,1040.792564397215,-785.9580824331837,744.3890655389345,-132.0413755015289,-81.97452495691068,23.206711044897503,0.0,0.601979870163531,960.327769234711,1030.7896136744453,0.0003075436052897,0.2131277184657967,0.7865647379289135,18.0,822.4296281745052,1316.3999260141663,0.8023256995025271,251.0,0.4100874302535038,0.3269188524230043,30988.13947336441,393.766164739675,0.0
191812_7534-X5622-Y24592_reg,13.48165229012011,268.74485896698684,56.89234515037789,540.4050446536837,140.5453316433426,-253.65564877228965,-156.8035481340045,0.5400255115923636,287.3787800511345,469.5868678378568,0.0,0.0,1.0,11.0,373.76169217296734,459.9812594370965,0.833746404660036,2.0000000000000004,0.0925637689460462,100.0,0.6989700043360189,0.4703398775596369,0.3396664555625923,0.2474574786247212,6377.184242535836,40069.0303338783,6.051841478417373,-205.81926367828143,64.16715448831891,-143.73255635472728,-483.8591282518679,-181.51654635552504,378.8585763400496,21.756023133662325,0.0,0.6016479827136144,998.7599018139164,955.2964222507984,0.002059405940594,0.2644752475247525,0.7334653465346535,10.0,755.792763167055,1495.8359311747242,0.8001485644690617,89.0,0.3288712871287128,0.6228118811881188,17148.310423075058,488.5737802453681,0.0
191812_7586-X4315-Y23900_reg,142.32227298193038,35.756201499660165,-266.5644645398783,-184.94072952944572,494.8972253487594,210.371488879128,-7.055320847971411,0.7666446884053565,355.8325026459779,173.98638069413755,0.0007618080243778,0.0,0.999238191975622,11.0,289.0273691123382,376.6763195974976,0.8751036243482747,2.0,0.0633334584809852,105.0,0.4771212547196624,0.4347384459116302,0.271457592686643,0.1389398135344109,5318.629498551041,33417.93471962787,42.94047146247931,-659.318090498281,319.1057539062017,-179.8727662868129,74.2815180781728,-305.342581003685,-116.25937553135924,44.49385432597615,0.0,0.6271626832980532,906.9536806242204,850.4119523405489,0.0,0.5221317280453258,0.4778682719546742,15.0,893.9181515546403,2439.648267851024,0.7905302325957809,83.0,0.4814093484419264,0.8464943342776204,15361.027444718582,129.05733401476908,0.0
191812_7597-X5133-Y23993_reg,38.55120493820232,278.91546238279875,40.49927475108763,670.8205879218561,238.3700170005829,-216.5761516532979,131.28718362197534,0.6948853677100374,332.46107408906846,495.7773401797565,0.0,0.0,1.0,14.0,409.42486780727046,507.8379804513157,0.870706199568939,1.3319037754761114,0.1415096834615353,123.0,1.1139433523068367,0.4822920147009689,0.5148680253925827,0.3105936142954815,8181.985403129621,34237.530285778965,41.46032685180489,-224.4107385836476,803.3212877180066,277.7861927250833,-569.1817610987547,-392.3949460231764,279.82363881358884,24.0030237063516,0.0,0.6234903464373934,1007.1479926996008,995.050777588853,0.0,0.1174742106908409,0.8825257893091591,12.0,777.9078754624489,1457.7695499128176,0.8390681852544708,113.0,0.4566427008440137,0.4313848077524226,22084.844606810268,450.432761040767,0.0
191812_7717-X6201-Y6443_reg,32.719490992745705,248.3956941921624,10.155708401958378,568.5393632218082,58.26355326400859,-165.75135647397053,96.4793033381648,0.4554269165504568,281.47867440165646,525.6544986384351,0.0,0.0,1.0,10.0,428.9710629308735,510.9517105696077,0.8460080763631335,2.0,0.0615103553357269,103.0,0.7781512503836436,0.4586342067258098,0.3802351970290901,0.2467971153049728,6524.993133635238,40997.74098670457,87.26932311171367,-225.6009855244617,601.1490273602609,-160.88762955832868,-1002.897801763818,-198.464984762421,619.6311682940269,18.608604868648523,0.0,0.7379122055645868,961.3045958928068,998.4416541022016,0.0005426819341184,0.1359960926900743,0.8634612253758073,12.0,768.9830175434143,1613.6630194921877,0.8085558911158316,145.0,0.4904759320562218,0.5248276984859174,25164.77450155745,469.3267319089552,0.0
191812_7881-X7006-Y5915_reg,1.7461472935874554,288.1967659679194,5.639914719254125,557.4643784059728,17.00737696051036,-82.31568165120474,-41.32551403386592,0.9042988309095245,346.01032414878955,515.9800676477107,0.0007708614376565,0.0,0.9992291385623434,8.0,427.8510385558402,507.5151969359163,0.8690699164029494,1.9067257660435537,0.1346339102556466,100.0,0.9542425094393248,0.464251300828676,0.4147234534592407,0.2748688369545924,7087.5605407057565,42471.179105708805,19.82998249233969,-238.84054166493115,457.442396198553,-373.1710953497414,-1413.4633267023687,-71.4212712621987,968.845999522572,16.03753784914004,0.0,0.6332925127932434,1035.9614375832589,1015.086429576314,0.0,0.1930847740054155,0.8069152259945844,11.0,754.6869627086397,1448.1750670046245,0.7474180049422537,113.0,0.3802054343976117,0.6627536305216819,27123.662912205127,470.2543511580141,0.0
191812_7886-X4342-Y22754_reg,6.216015781385977,186.91001175843465,-426.3652141853787,-18.39158662095514,-83.3952695307846,157.61929322824986,-102.48839828851084,0.4726127145710888,285.4785816455724,392.1272454985667,0.0319251854240567,0.0,0.9680748145759432,7.0,298.689711562016,344.2955658718326,0.8781407452563811,2.0,0.0752083427360339,65.0,0.4771212547196624,0.4263140922283134,0.4792002579812963,0.2392435886278854,4182.226253116481,26277.70254488229,6.119477543903486,-469.5727016040271,1195.6921450876132,-1204.1026596924191,1229.844415327513,69.26528787934033,-294.00822409081934,14.879630908551428,0.0,0.5632831787277265,970.371279150242,962.9053817742204,0.0,0.1278524812754588,0.8721475187245412,16.0,741.0541086243295,1378.1515493089153,0.826455283008652,259.0,0.3195217029477465,0.335333537733783,31051.71993095473,321.8853049166381,0.0
191812_7938-X6892-Y25312_reg,21.75277415885671,118.65643233223273,-253.73260314353988,109.45848571560512,108.7424230663719,287.2121384819905,-116.49211906471156,0.8516851970210699,279.8693524686598,394.7062809924337,0.0097297297297297,0.0,0.9902702702702704,10.0,310.4634640404555,401.9472788620337,0.817373021601347,1.9167567567567567,0.0489312500978789,105.0,0.8450980400142568,0.4801801801801801,0.5174774774774775,0.1926731672147117,7500.813081907791,45186.08360425448,254.6678454768462,-408.5825639187733,1687.118646534705,-869.6054590881387,-1171.5059950844804,353.2930793696952,989.0632187914728,20.90278927098599,0.0,0.895856745651779,680.4766115971897,959.6109962426216,0.0,0.1675812003680856,0.8324187996319143,17.0,788.7990306186178,1672.7974044221537,0.7528598653445226,257.0,0.3919046654513537,0.6474242117345217,40401.582981911175,277.7294374809699,0.0
191812_7977-X5136-Y23324_reg,2.017098432896092,271.1505477468,92.95721338924584,599.8477744378712,112.8317917550277,-120.61914425025118,26.062937610389923,0.7545175512994657,279.3605152901928,483.5682269846275,0.0033094318808604,0.0,0.9966905681191396,9.0,416.4544487536056,532.5671301557776,0.8446276237417851,1.909358337929768,0.1419563406393926,96.0,0.9542425094393248,0.3973156830299688,0.5760250045964331,0.2816942974506415,7342.168348823874,44059.66402531549,136.09290140485336,-290.5000254920242,-82.19027954722254,-291.90960728487573,-826.3429063666122,-81.29015354304128,385.5973574710204,34.14735184182406,0.0,0.6421146282185975,943.3521481816816,1037.8742503041858,0.0,0.3031801582471089,0.696819841752891,12.0,801.8605433467792,1412.217215529999,0.7711537933323528,87.0,0.4189660400242571,0.8464220739842329,17981.485725664006,449.98414261776594,0.0
191812_7998-X5408-Y23691_reg,8.95940272390726,215.4934625865253,17.61065114155667,717.0997399383724,113.45934875593512,-199.5785712888462,107.5121997140679,0.4615585270785367,353.181489370716,484.7261460550835,0.0,0.0,1.0,8.0,361.1253757990433,449.3059507518655,0.8627067826261364,1.8824677860210857,0.1001888866883528,99.0,0.8450980400142568,0.4166341272940258,0.5501757126122608,0.2860442757234758,6896.825950525546,40807.244950078144,37.87969039054224,-324.3925106885349,827.4986572505862,-89.85230287577528,-806.1842637278763,-260.40421541170593,641.6596285545414,22.803644351296057,0.0,0.8882373971973359,1009.9294432405604,1033.3369300413256,0.0004698757439699,0.1569907069019526,0.8425394173540774,12.0,784.7680297949181,1496.1582746198742,0.7879728243533904,161.0,0.3182625039156311,0.4951968257283074,26019.415604820915,460.768450899202,0.0
191812_8013-X7581-Y5690_reg,0.5958786439578034,243.35159088539424,89.85750569633724,473.6865753773159,135.4772683279416,-121.57302495667666,-233.501924529486,0.4896355779727424,325.9223390468951,473.4626584238167,0.0013776476666092,0.0,0.9986223523333908,11.0,384.2578396779954,498.80093748659607,0.793519557710642,2.0,0.1402376298049753,102.0,0.9542425094393248,0.4010676769416221,0.3273635267780265,0.2537948021788727,7855.660417498988,49358.57011342151,13.895689718922767,-172.78921145934146,679.0588571528209,-276.7066763264221,-537.8047075142049,-214.49945103262448,377.7741869183012,14.291647944544424,0.0,0.6377261594342579,475.60767649883655,870.5830929743643,0.0,0.1041076060075999,0.8958923939924001,19.0,723.5211172676493,2034.702330997404,0.748704572523046,141.0,0.420848035404581,0.3513545840559775,22786.43557744821,487.0178204604245,0.0
191812_8096-X5297-Y8332_reg,43.15127016785209,274.63495401946375,-160.57533245107882,422.4281291224388,-33.55297243795473,-71.41014880173964,195.31821814420056,0.3302935406011444,271.49396676725064,543.22909920764,0.0176844432163581,0.0,0.982315556783642,10.0,428.3355678476637,530.097932791898,0.8551833495460396,2.0,0.1496004157268891,75.0,0.8450980400142568,0.3625310859353413,0.3727549046697982,0.3076783747561454,4860.3058280188825,30538.202167007585,1.6117210111178792,-343.4119451783886,1029.388573280526,-131.14587012438074,-570.5608371221738,134.22882535165004,222.6947308751562,19.789877820952285,0.0,0.7513893574190667,1037.0167240718483,1144.4085689488445,0.0,0.0913455355994684,0.9086544644005315,15.0,871.4501328534014,1888.7912735863088,0.7819941989833178,211.0,0.3694792773645058,0.407268862911796,31931.853761886203,459.9265123890824,0.0
191812_8172-X4789-Y8339_reg,91.2667044305208,3.95816579315715,-329.2879968115401,-145.08907750948973,291.09337405214825,278.9656642814832,-71.36676219095186,0.645451021406794,312.19033246857816,251.1998359987415,0.0019550342130987,0.0,0.9980449657869012,10.0,240.7519835904551,385.5099367886856,0.8782450707746976,2.0,0.016697012243503,114.0,0.6020599913279624,0.4860703812316715,0.5366568914956011,0.1659346261089465,5482.707749781848,34448.86877698905,105.87990577729306,-795.9912562395339,370.686265345192,129.03236824826456,194.91452699129323,-115.44492048303664,-353.1704709328864,36.959367044915226,88.60071634586255,0.9752995938845628,734.89990945099,1023.2876071811596,0.0,0.4033380794178136,0.5966619205821864,21.0,986.4037659837884,1372.9906085332605,0.7676009669754938,141.0,0.4124347413383958,0.7147603227337447,17102.46516920489,141.45848428418986,0.0
191812_8233-X6397-Y7234_reg,95.09962703205474,185.24115419518057,197.2454396393572,541.8775280443043,18.89741919359616,-36.12960720258528,-251.02283347650985,0.4853038776038281,464.1385006623304,428.7507022598202,0.0,0.0,1.0,14.0,445.9485022135097,562.3746938608236,0.8428165410769823,1.254565075415954,0.1448104032990554,108.0,1.0413926851582251,0.3954283937179287,0.3783237443632405,0.246874255294022,8782.761827064624,34594.33957161716,11.398534986084089,-403.44366341602745,260.733212630013,362.0387853892698,-1.4941734123449886,-307.94301613249985,-336.1398801328844,30.403490002344284,0.0,0.5502374417899933,1030.423683039281,1028.307436727487,0.0001796138302649,0.1759317467444993,0.8238886394252357,11.0,804.6917875308449,2158.222618173739,0.7185956983135672,63.0,0.4091013736474561,0.3886117719284782,18011.43557174163,482.82083435605495,0.0
191812_8235-X5804-Y7784_reg,2.598255162068199,145.57367628892007,-252.3628811313621,237.29944812776287,-131.36274793123832,128.93103745301173,60.54287686826522,0.665229672090798,276.9790277137008,392.62643850324,0.0055478502080443,0.0,0.9944521497919556,8.0,288.8971344769599,378.2813570615634,0.8438015635067944,2.0,0.1347198544433209,89.0,0.9542425094393248,0.4339186691312384,0.4981515711645101,0.3271410260697292,5862.947740116444,36837.98709746151,45.2695439333429,-440.65668560001,167.1684997893717,-61.97706784448176,-300.8859212093734,-82.58231453154865,179.9196156034656,30.177528975686823,0.0,0.7084799760098132,987.4028058140038,947.2396896257868,0.0,0.4005239211360816,0.5994760788639184,15.0,871.8843520113915,2259.385561667225,0.8324181402061027,141.0,0.4288890386040558,0.6882031934245099,20231.071206695942,365.3834747488716,0.0
191812_8356-X5861-Y7841_reg,8.237313030496807,53.15933865770057,-281.4618574610636,-127.98796294645553,212.30453840624892,275.8354591225711,-50.968495080789225,0.7449045351160802,310.51026399103466,226.4483694776627,0.0465182648401826,0.0,0.9534817351598174,9.0,259.5130319232545,323.58587277419184,0.8970307487593062,2.0,0.0692161144039359,105.0,0.7781512503836436,0.478310502283105,0.3570205479452055,0.1717304833140021,4698.965512022542,29524.47106408368,12.150987489381803,-666.8195260381508,260.40809306726453,-299.657215512008,-37.45381406226878,-393.643279531155,79.6508244499434,52.93984814051511,0.0,0.6674307221887705,904.62781102999,896.9689490750006,0.0,0.610556471915965,0.3894435280840351,13.0,892.8265818720483,1979.6420345839133,0.7431762111391625,111.0,0.3539845116162877,0.8366225331001749,16267.119786146408,159.049645412527,0.0
191813_6154-X4714-Y9350_reg,47.90405612318728,287.4219917529517,-102.35959248802274,540.8423400348186,70.73125233450833,-40.43283503165145,347.5557764845488,0.4019703941986768,411.1154723701079,531.2630878766577,0.0,0.0,1.0,9.0,479.7469607985869,578.7574853227748,0.8568399422941924,2.0,0.1444129038094808,100.0,1.0,0.3971981057616416,0.5473559589581689,0.301153355696197,6831.61654248874,42924.31268405033,45.36361125307712,-123.6578814252498,336.6140426671171,214.60179261019107,-15.603258116325769,-409.453976972828,-130.5614894634367,26.358717912434173,0.0,0.7112714725226847,904.2198335672842,965.1477107358188,0.0081916537867078,0.2315301391035548,0.7602782071097373,10.0,728.5647564651307,1382.252906106769,0.8365846539433702,89.0,0.377047913446677,0.4172333848531684,17673.477233644706,431.2886839321592,0.0
191813_6215-X5154-Y8328_reg,47.382598534491535,289.66963409511754,-234.57300140876384,358.1607573498578,-64.8358202343076,103.4674462794647,443.5690303190833,0.3980273374333579,326.4863118149472,511.818039759376,0.0053191489361702,0.0,0.9946808510638298,11.0,447.615818730984,559.7078672800895,0.873357641840822,2.0,0.1241671118387909,123.0,0.9542425094393248,0.4117415287628053,0.4458234830575256,0.2894897549027452,6848.429022861244,43029.94861370394,1.838177162310444,-127.30129955460144,279.0970405691115,-124.83832423573368,181.28546829680857,-711.2783964207872,191.1875362909801,16.119738515936323,0.0,0.6079396287303098,1032.3513417679185,903.5285791269451,0.0,0.1898973724434092,0.8101026275565907,9.0,732.4815627239602,1168.306276574227,0.8314403912340929,91.0,0.4849697940170318,0.502074386782153,18766.07020437501,411.2792169398902,0.0
191813_6524-X2579-Y18950_reg,79.46577346644062,289.89970482474564,-258.7849288604393,354.74975315176283,-146.8132231261919,162.1174594805481,487.97911906858087,0.426946243522685,353.5138500711719,504.078827614705,0.0,0.0,1.0,10.0,423.5565741220408,504.823689519419,0.8545318761278468,2.0,0.1554980313797636,119.0,1.0791812460476249,0.339706450366937,0.582078022402472,0.3351714583890503,6961.245999120312,43738.79858133552,47.508974761228274,-104.0040674620559,449.61303237578335,240.2525879074865,-145.95824530368026,-635.113273670832,202.8975367563814,19.506596039864345,0.0,0.8101262222129291,961.7026424610748,907.1587169319846,0.0004635454605655,0.1900536388318654,0.8094828157075691,11.0,713.2297324723536,1248.7943334958454,0.8022457192755615,101.0,0.4457982915038739,0.5639361631680021,20598.76951947647,391.3813661082213,0.0
191813_6588-X2661-Y18498_reg,66.5028278965392,331.44909731110783,-262.78700154755745,442.1309418067296,-140.1933674502549,62.84598568955613,512.1660162273577,0.4374822819330952,344.93551840646705,523.4270186760041,0.0174326465927099,0.0,0.98256735340729,8.0,475.7603919968548,557.3735785782093,0.8640057982200048,2.0,0.0797951990130572,104.0,0.7781512503836436,0.367472266244057,0.4797939778129952,0.2496279923117697,6819.103416459474,42845.69039443641,11.558824040492254,-74.14800289117011,225.54578344688787,39.88123963112403,-181.8786946216069,-420.1564887045028,88.57408453737058,20.88123988331236,0.0,0.7812329745049057,1006.2862481210286,900.4673126396756,0.0,0.2434650665563142,0.7565349334436857,11.0,698.9479489333089,1255.4586465003351,0.8342823793718255,103.0,0.4703082971239396,0.5096213531967722,19830.059819817347,414.03607377701456,0.0
191813_6745-X2825-Y19481_reg,32.591578476610266,63.982566636060255,137.3963978606964,283.22657518757,-68.69210015357284,-241.7493611289205,0.1537214154823072,0.8781260019529216,441.5624236473541,269.61337106378505,0.0,0.0,1.0,10.0,302.1746367020226,385.04142339944025,0.8449873348287359,2.0000000000000004,0.0788191958229916,102.0,0.6989700043360189,0.4729831144465291,0.24953095684803,0.1863710753341852,7187.946221781908,45163.1980894975,26.517352041430968,198.157554744982,965.5190429937596,936.1178519291932,-94.75355403605464,-345.0005191450377,-404.4258140468674,41.019268425898616,0.0,0.6058145823727139,1016.8218753846812,922.4660272846932,0.4909593791281373,0.0704260237780713,0.4386145970937913,15.0,729.9709801368832,1897.742004671204,0.8151589247461797,179.0,0.4753550198150594,0.1705746367239101,32934.115629984975,539.0185532258223,0.0
191813_6829-x5209-y8545_reg,14.144306727564071,418.7200379976207,27.39892662472808,741.0589998326003,9.85489912783432,-153.73420707121224,232.62592919457416,0.3831884916950578,384.2994633485805,625.2897363027118,0.0,0.0,1.0,11.0,536.7645150165945,627.6868717854024,0.8583626904474786,1.3143812806094683,0.2144726884831797,106.0,1.0413926851582251,0.3337565753673136,0.2929439506620714,0.3514926494019194,7475.6035078031455,30861.697767860933,2.6723373675577022,57.15850371024044,746.491347922443,852.890239595962,-692.5053593899597,-131.08029041355826,-232.39118766526383,29.056929808534647,0.0,0.6502370302443506,1006.2015752687184,986.0446550965362,0.0,0.1256859283294364,0.8743140716705635,12.0,703.9794516643464,2201.661517979884,0.8527688678550231,161.0,0.4692942692179224,0.3514338884382306,28784.09845136982,468.9339393167343,0.0
191813_6871-x5237-y8478_reg,9.36982423183963,380.5153248875968,-82.11098224279063,582.2273993611085,17.300957752687484,-114.65801370913022,269.06016614772875,0.3392681081477058,330.35060627717667,619.8039131461983,0.0,0.0,1.0,10.0,520.9106710771046,595.5930725704372,0.8764776476737595,1.3296319654427644,0.1225902980708345,83.0,0.7781512503836436,0.3298056155507559,0.3980561555075594,0.2813978487173834,6296.002636284609,26303.44472978133,18.324383224688063,19.7334343778648,1005.779450431182,676.5518182816118,-688.7415762993166,-65.03415697029213,105.2832597525928,25.99140290160889,0.0,0.6825335374752591,991.2562434691464,984.2435352101812,0.0004962555264819,0.1540647839032753,0.8454389605702427,15.0,692.2150890453449,1736.5338751771408,0.8243105745921618,165.0,0.419561490571145,0.3917260669493819,30472.80361659513,456.6589651184528,0.0
191813_6879-X2723-Y19955_reg,22.65084464567053,343.0006183025507,-175.26159628712395,651.5708978954209,-182.29243778303612,76.47627794448236,750.954132333512,0.4493762792248936,371.5575525774143,574.6765697541086,0.0104535220328079,0.0,0.989546477967192,13.0,480.3685209024416,581.8482044664901,0.8786984307087785,1.3526413637825667,0.1505954364458012,135.0,1.0413926851582251,0.4305242843357993,0.4355098102283692,0.329234635794051,8455.938945797856,35924.64563831825,23.87478623535208,-13.450502828542083,182.27895412175812,320.2849201418772,-55.59098635446868,-524.7057633144994,-185.0709651190872,25.0341995462904,0.0,0.6411856655159915,1006.3364955577636,909.637355850822,0.0,0.2303656960389264,0.7696343039610736,10.0,677.230921919988,1519.928094517143,0.8593535635924321,83.0,0.2285410172584201,0.4031779822093819,18114.340788674344,425.9699623316986,0.0
191813_7160-x2719-y18910_reg,20.425778877713128,355.9020697191172,-419.9334016445003,-5.273121320695002,-104.25965860916892,135.60225861171537,-15.231155597566657,0.339912727545137,283.4225581268538,428.8112912370725,0.0,0.0,1.0,11.0,410.1390202187543,466.7027297142788,0.8696079934810863,1.310425037257824,0.1097752806025385,79.0,0.6020599913279624,0.4691505216095379,0.1195230998509687,0.2427996558994482,4548.423450102672,18721.06700355349,191.1869566586456,-27.22533944993802,1923.7762208382223,777.5258787283284,411.2198163262981,-109.46634267985053,-554.9886026616234,28.903097326094887,0.0,0.6856545765013033,807.7321278310656,838.6071336629179,0.0025741554789909,0.1397964437051998,0.8576294008158093,14.0,667.0139421688173,1634.9081855499985,0.7564557521314225,195.0,0.3801829630509683,0.1972199120826898,34602.10891369726,374.9209964036386,0.0
191813_7214-X4724-Y9812_reg,29.14426429744708,322.6350226181364,98.41491951011182,344.39593003786194,107.4072167634435,-255.1884199552341,-377.64164726081714,0.4209606627469372,284.86439070101915,525.3371683366618,0.0,0.0,1.0,10.0,475.7885444501583,557.318625299124,0.8410784047871128,2.0,0.1337503055382723,97.0,0.9030899869919436,0.339265850945495,0.4883203559510567,0.2983282615003125,6058.481281542592,38066.56057201092,25.368563368500872,9.035930349928208,746.4381123030595,-171.5034728975557,-819.3435236771909,0.0762809568425161,465.60461722400055,21.630527446054625,0.0,0.5815524243160823,1093.100983778998,1038.190218360356,0.0795442775763853,0.1094251683065769,0.8110305541170378,14.0,741.4870345908658,1675.3767421023765,0.8229033289304599,147.0,0.4791161133770458,0.3639836852702772,26486.005750645927,492.89510419063777,0.0
191813_7224-X2864-Y17670_reg,13.83435973077576,304.93620852093045,-149.3913680407062,526.9844314963178,99.250208855682,-131.00373740915632,281.94691298104294,0.5148556029859281,310.43544819521776,507.05357907713005,0.0,0.0,1.0,9.0,445.428097902634,546.8542138011777,0.8624449295723287,2.0,0.170590715968394,101.0,0.9542425094393248,0.4379979570990807,0.4010214504596527,0.3349241994971592,6611.098000542362,41538.75382133193,17.012357845158476,-131.1491170068266,209.24505268461164,-390.6911956483407,-246.073763149296,-332.7422262919825,286.97217500892344,15.072937378753917,0.0,0.7648369762902966,1059.858328282242,948.875967903402,0.0,0.1895824546604808,0.8104175453395192,11.0,748.9416392648251,1413.0542508179185,0.8075170675302218,93.0,0.4738506959088992,0.4819344861521158,19400.18243520641,452.2470088549336,0.0
192337_6620-X4736-Y30611_reg,129.16924407417287,388.3507008086999,-445.0004844029773,-138.02154849782966,-221.81837415399332,-265.4790733741106,-209.48667683615488,0.7271033837563348,794.1908400079344,520.7064527399853,0.0,0.0,1.0,13.0,506.8899412308352,678.7784598811255,0.8201328467328027,1.9370740212394992,0.091174583882446,98.0,0.9030899869919436,0.4691710255190997,0.1619908067839594,0.2064960077889312,8425.705973122534,51275.483666216256,49.69883322077726,803.5733851111272,1133.6046250150916,180.29332290422167,829.417031909115,251.15513119687,287.99848464785947,74.25293187108124,0.0,0.5897098244104717,1062.4350065192564,992.5133099984614,0.5235387922068918,0.006274700131734,0.4701865076613742,19.0,978.9815167259694,2529.552443862482,0.7670927041961594,285.0,0.3828953754420023,0.061256326700409,38595.94735847255,961.7547120004634,0.0
192337_6764-X4864-Y14655_reg,106.39245110698266,273.67967587581825,-517.8589123724208,-112.06973450540764,-212.8696689497481,-217.96142792148487,-209.3298671203506,0.7893506340022266,549.7374637087532,491.50338100034514,0.0,0.0,1.0,10.0,428.9625363000828,630.5320017732708,0.8132412908983094,1.996384671005062,0.1207030562500441,79.0,0.4771212547196624,0.3922631959508315,0.1784164859002169,0.1938209291801657,7402.936935307826,46449.31512649408,25.337683198275045,848.0713662758608,495.5070542245032,12.82936204924261,761.5349021559119,-94.893012106136,415.27865787597113,69.12247225931202,0.0,0.4943667988990763,993.39799870388,1175.4377545864409,0.5421538741526002,0.0041858137312889,0.4536603121161108,12.0,1056.765424294763,3246.673316744665,0.7769556190895186,145.0,0.4283590829241925,0.0456285752894013,29772.735991235983,937.3569759343512,0.0
192337_7344-X3850-Y25781_reg,235.5584021742461,127.37711868703082,-446.1348314651614,-46.614280784310914,-108.2480108472249,-56.78157903296833,-140.38668571679494,0.6288262896238239,527.5008687753789,315.13920328819404,0.0,0.3596014492753623,0.6403985507246377,6.0,427.7777618997972,543.5089881997609,0.8352122012409605,2.0000000000000004,0.1344431076518585,40.0,0.4771212547196624,0.1808259587020649,0.4814159292035398,0.2327278262443272,4514.735359582757,28366.918877134514,47.373987360338106,1021.17447750067,40.317673701983225,128.7348597385604,377.84123691226216,-384.6978493176025,-14.476794784774784,87.77559569183765,18.90791998751192,0.4710987326397555,1020.8896042309544,1069.211184924272,0.5914849262347659,0.0,0.4085150737652341,15.0,1106.9848570481702,2753.4342499806166,0.8007665364883346,79.0,0.3843810134701731,0.0182007697241821,16713.06820047417,1036.0661009035034,0.0
192337_7585-X7231-Y9932_reg,239.8745842988983,218.4488636048295,-454.537247172213,-137.21157466676698,-206.79296687709345,-238.0367575015341,-161.11507961827866,0.699003350325837,544.9657295632433,414.2309362128849,0.0,0.002488077959776,0.997511922040224,12.0,478.7624354542147,643.2642604689146,0.8038631306215953,2.0000000000000004,0.1269449145637741,71.0,0.6020599913279624,0.3754924320962056,0.3821273066556085,0.1967609937309273,6403.357880425389,40233.48415090144,87.42881555363329,763.5580034711179,292.6522606066657,1439.7861930064958,475.4460231588493,26.4606539349971,336.49410015601273,66.98983588621118,0.0,0.6277192491918199,1004.5305485446416,947.6019304371462,0.494486575117852,0.0,0.505513424882148,16.0,965.743205750128,2694.8280259279622,0.7726040456612715,203.0,0.4286944045911047,0.1330600532896085,32335.53698169163,814.7625404122065,0.0
192337_7659-X5929-Y12351_reg,173.18279580763283,329.5720913603791,-378.3300166835206,-188.72939931192795,-188.10331591626587,-230.52109926326372,-110.77865788525868,0.7190979198359125,493.86353409340063,453.6320338527303,0.0,0.0,1.0,15.0,511.20225100103255,623.8942126541774,0.8253855978590032,2.0,0.2280676430533535,69.0,1.0,0.2592671952003428,0.3145489607885151,0.2653085981686801,6194.87604015022,38923.5541152704,106.57599800660046,809.0485454606569,3290.9309082236687,3595.8597151395875,122.68394938802814,688.6780648729401,-482.9554397956575,91.5396271578528,0.0,0.521242804686822,1062.9959377367568,960.472084012219,0.675314600930874,4.309601792794346e-05,0.324642303051198,21.0,999.188503826935,4413.923258141286,0.7598922246687022,379.0,0.3744612997759007,0.1087958972590932,61742.75633721636,899.1449973742606,0.0
192339_6660-X3904-Y20076_reg,180.61181361953183,317.5840164203546,-376.8782322340674,-52.105004981475446,-151.24382433528618,-199.9586195416724,-122.29221817986334,0.5937518114092092,342.4944268913687,518.6427914188571,0.0,0.0,1.0,13.0,588.7022418232907,728.6717460681738,0.8745056308384302,1.3292274368231047,0.1703826043122951,69.0,0.7781512503836436,0.2472924187725631,0.2202166064981949,0.2624781971423122,5334.547766526731,22276.425440383005,24.25843299193275,780.5946626894961,835.8667041999862,1352.5638672025943,360.0864348664813,100.78266971113224,31.70798603452507,67.43463507421333,0.0,0.5280105631699118,997.600756488414,995.6426664009246,0.5209060793267078,0.0007162682424568,0.4783776524308353,14.0,982.4959800680964,4220.215651035187,0.7358826812554345,111.0,0.3015936968394664,0.0853254543826663,30916.28824759271,865.4483621741294,0.0
192339_6826-X4163-Y21198_reg,69.75565321392241,246.7759759925489,-445.9945530017137,-104.5267184898998,-154.4963704705044,-138.41933314688586,-146.7807099539089,0.6008779713838265,433.5128319719988,514.6282626186135,0.0,0.2627594627594627,0.7372405372405373,10.0,554.1186520340214,732.2781548120986,0.8687698336957012,1.332,0.0893177028178707,66.0,0.6020599913279624,0.386080586080586,0.4214896214896215,0.2408075544606235,5628.386393958967,23552.553665972533,55.7657567804481,927.1533503264186,718.5966251821272,1447.360903497554,106.96511768980608,-214.8719725804752,-373.7744976060396,97.11861387139524,0.0,0.4853655841566335,1046.6131499061985,1077.3892901783324,0.5855664387359083,0.0,0.4144335612640916,12.0,1052.892105460479,2757.9783477802275,0.8192056515895012,89.0,0.4096285344668268,0.0740620957309185,29991.803693061425,963.4119531077132,0.0
192339_6840-X3817-Y19709_reg,159.52420353009165,165.28173842378146,-476.97748682273294,-80.45109611139729,-155.18617075545487,-133.8435060227137,-161.16101867838182,0.6306003321852899,812.9595929364978,369.0039136236419,0.0,0.1639776094830424,0.8360223905169575,7.0,497.5130489313823,568.9284678921424,0.879534777972782,1.3320000000000003,0.0716443099410964,28.0,0.3010299956639812,0.4217978268027659,0.330589397431676,0.2116520096196783,4211.219038254392,17622.273144592265,167.00996079338802,833.3851314004978,-178.02581047332612,199.47342030485083,232.15137422002724,-479.2138559622731,-150.1899591188102,79.41372650940582,0.0,0.4327628242914416,991.2869088533788,894.2352207907616,0.5646334639059877,0.0,0.4353665360940123,7.0,985.353030182346,2207.633567077473,0.8323014405587135,31.0,0.1708170117515389,0.0602965864577504,9877.229387076404,884.9310171383632,0.0
192339_7392-X6785-Y6440_reg,105.59540550048496,767.5632309977095,-167.30202260910235,-161.2647021772521,-62.98749695804474,-197.7970343950377,-85.18380134808837,0.3119706914543095,520.233070062056,873.4300926454475,0.0051589514779698,0.0011154489682097,0.9937255995538204,14.0,841.2465156968533,1633.0956146408696,0.8293948464672105,1.325722253206916,0.1562896313188141,88.0,0.6020599913279624,0.4173173452314556,0.0843558282208589,0.229563340121381,9890.36882582928,41191.63462995715,11.0384232399374,781.5731906914962,-282.62628641858146,273.71525997452056,127.56986854558905,-556.1125913459518,-164.3374403291009,24.151756985986395,0.0,0.5903897516105431,980.037405950623,850.0164283751665,0.0,0.0,1.0,9.0,928.7999109917498,2098.027515184791,0.7812196504884819,35.0,0.3493536625787206,0.1042426251242956,8271.584889544461,891.4186714963481,0.0
192340_6224-X4867-Y27176_reg,68.5247454086998,286.0687122568743,-409.67385931706895,-169.49652584777414,-185.2496539367168,-228.51234951814973,-113.1331130970173,0.872523391522431,399.2345327526368,452.1376809614376,0.0,0.0,1.0,11.0,448.23655248875065,535.0269946915756,0.7986665820959906,1.5370152771715409,0.1403400291678506,70.0,0.6989700043360189,0.4063727629855958,0.2047140986468791,0.169539294079828,6112.2966076483335,29496.000716311904,24.721141862471768,724.4768181150084,1208.841829832346,1960.246493284764,156.08818444294326,-43.81837459052921,74.52566508887556,65.24896281150824,0.0,0.4926755837069532,1020.0437768668236,996.92997945746,0.5250624298794832,0.004777242951757,0.4701603271687597,15.0,961.5354616778552,2523.2129597216617,0.7762032434008491,229.0,0.493576055879266,0.1475154717527415,37022.735617342354,922.1773176838964,0.0
192340_6365-X5976-Y13673_reg,232.82662676181823,356.7400510554844,-490.6774999531436,-144.17673001881602,-228.915836977986,-274.4415567847184,-185.04264267174176,0.4992913831887863,557.863489535217,598.7954512972328,0.0,0.0229885057471264,0.9770114942528736,8.0,481.90233548925687,861.206541154046,0.7996761272337883,1.279357531760435,0.0795042761202377,67.0,0.3010299956639812,0.2531760435571688,0.3841500302480339,0.1947547471684053,8893.420285597085,35634.0883098751,1.714346821869185,818.9632552376652,1092.1262171689195,2186.9975542393054,224.08736071815463,251.12904615018007,14.116381730367191,78.25126206825323,0.0,0.3746925996869763,980.9926800642444,994.4089286613116,0.4794286861118544,0.0,0.5205713138881456,14.0,1005.9028992497098,2598.976467140271,0.7606957999630282,197.0,0.3368009098207118,0.0969360449558469,40137.03295136365,912.3138484600822,0.0
192341_6482-X3479-Y8069_reg,83.60308175007094,292.10452603826616,-486.38404997088486,-112.35359649185308,-200.56284185258767,-196.36508660891604,-214.763294425022,0.3064870833422575,428.820028698281,467.1683521152072,0.0,0.0222463374932175,0.9777536625067824,13.0,580.9370729040459,880.1135144284772,0.8380775946767586,2.0,0.1661413092712441,96.0,0.6020599913279624,0.4181587990595045,0.3223005968529571,0.2124562275836488,7454.610871281206,46838.70149717518,3.518502055107092,842.2684363889794,234.6315040560028,1055.1181048694766,256.82735875917086,-247.97434042370887,17.959562065802558,67.89572928173078,0.0,0.5440812855251435,970.4546260803118,996.97594441423,0.4233091504797566,0.0,0.5766908495202434,11.0,1002.8161547107312,2483.5299927924207,0.7632210004128046,111.0,0.4122162415164989,0.1218347765036274,28928.25164498616,968.0350777634704,0.0
192341_6527-X4499-Y23282_reg,239.7408274873369,225.949600077096,-516.8050725559251,-121.86723917420451,-231.03796477439465,-237.94431325361947,-251.67318034020863,0.5933660896391646,599.4332123252798,453.3161916090212,0.0,0.0,1.0,14.0,540.7708267297716,761.0106768304867,0.8288373193262395,2.0,0.1369006601473609,109.0,0.7781512503836436,0.1537075537075537,0.339015939015939,0.132872743838657,9777.998200235876,61436.97462535068,245.0220788099168,980.7396028121676,-163.34534887726676,107.90700587329177,204.79163553802772,-437.9453549072778,17.10547315127946,67.97310113695866,0.0,0.4496698789743522,1018.5947265447984,1048.272443947366,0.4481127521961579,0.003861376580751,0.548025871223091,13.0,1038.1141136048743,2287.9512002571023,0.805228022034567,69.0,0.4361489381963622,0.0213313017807827,14212.642864390247,981.0636329130316,0.0
192341_7115-X3118-Y9770_reg,169.24503724253827,384.3804723224239,-395.380912586284,-115.78432358640856,-167.97320158368709,-176.63443141579617,-186.9144946331696,0.7111940102475202,454.33338740491945,564.5412022334149,0.0,0.0099731492136555,0.9900268507863444,14.0,503.9242362032221,829.0681332699584,0.8482263547402599,2.0,0.1548812536887475,82.0,0.9542425094393248,0.4976985040276179,0.3245109321058688,0.2749486437389264,7071.712856394816,44432.88231589304,30.388718382322622,949.8496658958484,1222.8463772693603,1503.6656154678583,178.26376370597592,-106.85306133035836,-439.23418022272574,91.41924197356737,0.0,0.4329308532587718,1034.1537961142712,1103.2680661349823,0.5847244277470081,0.0,0.415275572252992,12.0,1095.7912952245972,3230.7034801587374,0.7079934074529601,117.0,0.3290987257446067,0.1067818273364576,35111.8958898049,982.2124351603488,0.0
192341_7303-X4923-Y6376_reg,110.61672907333376,365.6711409581394,-292.4279003610717,-204.24732554288585,-204.35579951148767,-292.3026794073158,-146.53395007658216,0.7627654615644911,398.14595302240105,479.093905337234,0.0,0.0,1.0,13.0,515.6050321338854,719.0853061280844,0.801615458412283,1.4956774642981543,0.2045382341560288,87.0,0.6989700043360189,0.2241379310344827,0.1799024730059212,0.2243627882979369,7852.506944001147,36918.49633123444,18.26811094761092,734.7493502389143,647.8445743487156,1345.8637985820062,180.58450273496865,221.3133459957319,406.1351806043135,50.39243703226639,0.0,0.4904022786189934,1000.355519414362,904.2650116427347,0.4172256045127782,0.0009286967289237,0.5818456987582981,15.0,925.2735098902182,2569.0104830499045,0.7666746256866717,191.0,0.2386894939493949,0.1094265676567656,39810.303586371534,928.5770940564712,0.0
192342_6838-X4850-Y2371_reg,4.5667159699252124,239.59887635146697,-429.7501525667385,77.42676331169838,-106.3119379863184,61.600553176627365,139.0002865315369,0.6056672492048903,261.1414338495521,364.16539233489857,0.0529022777369581,0.0,0.947097722263042,9.0,335.8791282470517,403.0041047673699,0.8809809573664071,1.4823659074210138,0.1046254271888524,53.0,0.4771212547196624,0.4684055841293166,0.2575312270389419,0.2358265333151069,3684.683872883832,17122.98059383545,117.99281854885204,-334.3278020061043,117.67838999698752,-559.6008451605107,381.0958814652479,-321.74983399943056,6.117117025272384,19.636205804951963,0.0,0.8099560376363457,779.9793743025607,809.6386863502503,0.0,0.3046009656347628,0.6953990343652372,13.0,727.2725053405258,1315.1861727531605,0.7475464439907956,103.0,0.426370349332576,0.4572564612326044,19212.77439548542,400.4073095133092,0.0
192342_6941-X3482-Y21640_reg,26.68056609824316,163.06585317364895,-392.2814398542132,-70.77862574886741,23.28343319306873,259.2613798371465,-138.7103763280138,0.5219329505310714,269.7947523240896,352.9561217815635,0.0767790262172284,0.0,0.9232209737827716,8.0,302.90719277197684,354.3809020398891,0.8889272543176724,1.988139825218477,0.1294687139374224,77.0,0.8450980400142568,0.3995006242197253,0.3373907615480649,0.2081873340156471,4323.971268218575,27019.292999560857,26.87378976126365,-322.77675559145155,209.2212089870855,-499.8584974705854,-141.0761702764036,-122.80172950534087,4.553819630284708,35.78623984329353,0.0,0.624310690456022,946.6925195725244,773.098918191029,0.0,0.5932659932659933,0.4067340067340067,11.0,738.2346730724466,1565.2950298441572,0.8530613851523926,123.0,0.3432846988402543,0.7340815563037785,18388.76090313081,258.4347774025015,0.0
192342_8032-X5502-Y5809_reg,26.037776208329888,285.58157402208826,100.36230963092945,709.7097257472972,72.97514981549669,-129.9758458619122,10.37341104293165,0.8190403581493805,293.7837026783345,474.6229595723466,0.0299071845995187,0.0,0.9700928154004812,10.0,389.0212188698703,495.1802231766832,0.8195008473017839,1.7808160880027502,0.1724660063976152,114.0,1.0413926851582251,0.4876246132691646,0.3889652801650051,0.3296782320467043,7874.379875692099,44107.09919328624,49.17416602843605,-183.78844516526885,1410.3976560137753,26.03840257397372,-781.6019781128867,-66.37212637870692,516.7765224659709,21.10114964940457,0.0,0.597796233277929,962.5423105377496,942.4052716104314,0.0,0.1098392282958199,0.8901607717041801,14.0,754.9159804434958,1494.812031962845,0.7607511636533693,173.0,0.4369560557341908,0.3670310825294748,31721.36756572558,472.5520489737805,0.0
192342_8141-X6037-Y23548_reg,63.419037804865184,269.81784549606004,269.2812748494109,418.9831867252648,295.04599714777004,-280.61944348473617,-397.242646795418,0.5048637180883861,273.08439649906086,468.0642301268485,0.0067419517950446,0.0,0.9932580482049552,11.0,408.9389304284926,514.4814170559847,0.8290262485124203,1.8675206472273729,0.187510701730095,121.0,1.1760912590556811,0.3810888252148997,0.3923815944715995,0.3058542285127495,7984.39349524757,46844.97269041571,153.45193715689402,-196.1706189668854,416.6790356398262,59.147497201421935,-347.1460077569166,132.34875997898084,16.62803258450954,21.2828993171902,0.0,0.7349539379121447,894.4551901203658,917.7513472177264,0.0,0.2089973647885556,0.7910026352114443,13.0,720.93468610637,1471.6037006009844,0.7950781161276724,109.0,0.4453962775791938,0.4367681498829039,22149.18416325704,498.039722412102,0.0
192343_5742-X3633-Y12817_reg,75.47288537742907,150.75859182409022,-344.0351433099111,-124.56696155183673,201.4544372265597,296.9372980777142,-99.78575383599214,0.5782300386153908,304.1198986254799,307.96647253979336,0.0,0.0,1.0,7.0,304.43749168096883,416.86786983583664,0.8165911618339353,1.7751877751877752,0.1350267292453955,77.0,0.7781512503836436,0.3312613312613313,0.2201502201502201,0.1486797174938321,5239.285127643187,29223.59919470284,71.57124700194345,-613.0781039051217,565.9875338448787,-101.74270130102084,-19.384404935129314,-133.00412916692818,-172.67222436239496,33.043071844441705,0.0,0.5043425654019525,980.0915883050238,1146.3688343515678,0.0165641599105395,0.422840369024322,0.5605954710651384,15.0,1005.021631239156,1539.4337127560163,0.8081426024565487,129.0,0.4438849417120784,0.5279023246188866,19969.40865019509,210.46661629254507,0.0
192343_6777-X4052-Y23666_reg,26.02283947987757,272.84483167708004,-403.9424219330276,0.0222517324599818,-71.59940900335967,87.12841731396396,26.345192938548,0.4271119869984197,265.79987267101365,395.8258417936386,0.0069384215091066,0.0,0.9930615784908932,9.0,352.85045789115884,432.1589369756789,0.8645889304871436,2.0000000000000004,0.197233916984817,56.0,0.7781512503836436,0.3482220294882914,0.3009540329575021,0.3048381908262106,3118.19657596384,19592.206910993704,295.42205649823154,-380.6158178364303,1116.600259583853,-184.61569354755252,427.3864680542279,-171.72574942412086,-165.74628959028897,23.652317646447813,0.0,0.906109210716439,717.6557908730956,963.5938357506992,0.0,0.2208087702968249,0.7791912297031751,26.0,804.5550849798265,3464.409856127656,0.785586804689774,283.0,0.1820250284414107,0.3472437687454752,26274.17693990054,371.4945014904257,12.56637061435918
192343_7174-X3824-Y23571_reg,19.86114023954633,187.96759724320668,-432.5215584499925,-26.18886027380123,-53.72018777020919,116.99564042488132,-88.21154593736877,0.4093240003749131,243.5229437359312,378.0960715542881,0.0081451314328026,0.0,0.9918548685671972,6.0,305.5736349703629,361.8641622261465,0.8447385261148147,0.9270640503517216,0.0004653241796248,58.0,0.3010299956639812,0.4835246205109219,0.5849685301740096,0.1491590455430295,3636.20020648162,10624.637151473537,87.904547519488,-506.44014170579385,983.2900103691742,-868.3366186842505,967.7099639918968,-141.31031695698624,-334.9474203072103,17.132280036113812,0.0,0.7399146063187002,616.8949631320911,1043.1751758436217,0.0,0.149568552253116,0.850431447746884,12.0,892.5281342408814,1349.077022977507,0.7486126811637853,197.0,0.4199957387876851,0.37535953978907,25624.956038395867,314.5681615350948,0.0
192343_7524-X5744-Y25593_reg,63.80219891272827,289.78845408488223,179.54553826009575,527.261219942331,281.7955777035752,-257.7436840938625,-241.5071552063588,0.6229382389233838,363.16935131511855,461.1006305966853,0.0030254493682149,0.0,0.996974550631785,9.0,413.1834313873188,511.7241626956703,0.8568353788339602,2.0,0.1702875112292723,111.0,1.0791812460476249,0.384232069763303,0.4732158747108026,0.3121651882979417,7610.72565022353,47819.59958245929,23.639636074075497,-207.33524061763185,499.13105641891934,50.38067112138895,-358.74422616740327,-246.69359908830089,177.8211405264451,23.04325970269266,0.0,0.7212181858399328,988.4024232791608,905.8192560738888,0.0,0.2015889464594127,0.7984110535405872,12.0,739.8418507617702,1242.4443811849424,0.8377693738225941,101.0,0.4889119170984456,0.4151986183074266,19917.21342651445,483.7423559876585,0.0
192343_7862-X5206-Y6520_reg,1.084338066791133,138.5243281233852,-364.6384319750438,-30.036709375800097,-51.47438281199764,222.7667186107595,-67.16972457510367,0.8729387422188651,270.8346614780721,351.5989036749252,0.0060189165950128,0.0,0.9939810834049873,7.0,277.82183325829567,308.8696131023583,0.8822273690566276,1.884338769670959,0.1329348660495361,88.0,1.0791812460476249,0.3928469241773963,0.5350500715307582,0.3013636479885334,4726.332343616054,28003.31500913016,3.934442474383104,-498.75978989463056,1491.208142009065,-833.0442040612064,861.7221391829443,158.76793923307207,-128.19261726691366,17.748396872051377,0.0,0.6406245822840575,962.1487877634264,964.7233476329684,0.0,0.1951161594174219,0.8048838405825781,15.0,811.408661018902,1608.1663261932545,0.7645189181314789,235.0,0.4579491035738314,0.4236751494043614,34586.392366038126,297.3060473272013,0.0
192348_8164-X3381-Y21012_reg,53.68740458745015,494.0101614461764,-420.2223765804766,-32.42687617253688,-126.33819335260104,-108.21472933702748,-38.5982603556536,0.2604251607684741,233.1196618048016,596.0053953174502,0.1598119858989424,0.0,0.8401880141010576,16.0,575.1233473490703,696.0117621003316,0.842028973324215,1.8136451233842543,0.2411770942108216,59.0,0.9030899869919436,0.3701527614571093,0.1746964355660007,0.3036945055193965,3441.367089675569,19600.58552030437,269.33075200375515,157.67542526660964,-601.7790056271745,11.676144364930389,248.0938378913839,-544.442820191466,1.1784506004583752,14.534225739067985,0.0,0.6467514822998798,593.3823215379953,579.3308169116453,0.0,0.1148886283704572,0.8851113716295428,13.0,530.2084103231106,1035.4750496556117,0.7486142329202695,57.0,0.3875732708089097,0.3167643610785463,5790.397182105433,801.3738228745892,0.0
194065_6750-X3779-Y21393_reg,22.28557392539733,53.635396075504616,-322.6554933281298,-144.9521387055689,289.43183498411565,270.0296642122869,-60.204091784277175,0.7918259545135331,409.6217520369173,254.78515889388703,0.0184751496226906,0.0,0.9815248503773094,9.0,255.2620052514676,333.22393393440404,0.8770458857874247,2.0,0.0715512388798778,91.0,0.7781512503836436,0.457455113192818,0.4238875878220141,0.1576626313174233,5165.026055630773,32452.815823938985,20.49843691448677,-611.4036562235592,1266.2873428232135,236.2057863376504,-610.8737434346855,682.3249007311402,-145.52732096071983,42.47416425586628,0.0,0.7662898423935284,1002.1435683050704,902.817188081533,0.0,0.5498545572074984,0.4501454427925016,17.0,891.9166891173154,1776.0694992928704,0.7860526090520585,215.0,0.2704831932773109,0.6597446670976083,33655.407450671984,165.6317439683102,0.0
194065_7154-X2800-Y12603_reg,8.858198176435508,77.53398963691279,-413.16454186223615,-83.70595901393948,73.7862373442459,308.2608711430498,-156.2833421278169,0.5509468266743097,303.71158620026745,291.2106531791256,0.0733736762481089,0.0,0.926626323751891,8.0,220.5097851525627,299.3050669560748,0.8702028318868662,2.0,0.1369495398057432,91.0,0.8450980400142568,0.4357034795763994,0.4402420574886536,0.3120419653815498,5342.789191161432,33569.73454526354,304.77436182746806,-522.8262583443732,658.5995161379677,-916.1317685445896,329.40140991037134,89.97353763981098,-155.5676780953904,23.44339228978638,71.95033811595344,0.7922742723716142,835.2297717800657,881.3107175432594,0.0,0.3077471482889733,0.6922528517110266,14.0,786.1211939368214,1095.1814881858395,0.8068650558710471,169.0,0.3732770912547528,0.6939757604562737,22887.89346286013,232.1554328332217,0.0
194069_6480-X4276-Y11858_reg,174.7954793189283,335.58985064198987,652.4933365239926,313.39107666631685,-327.5664409107829,234.35754422176228,-279.68831727812585,0.50660420316798,492.29430419344953,614.0338499484906,0.0153055123759416,0.0,0.9846944876240584,22.0,583.5642405296945,798.562241485833,0.8764075429050864,2.0,0.2082228800849582,154.0,1.2787536009528289,0.3942365179959344,0.2753796484515126,0.2687827532753811,11335.758991235003,71224.67433945656,69.90885891537891,0.6313244405509977,-351.18828784474886,-320.8018613876236,-738.738500349284,543.7345614392322,-66.45707496979568,38.87491860768059,0.0,0.7145599802056186,940.74581098213,892.5963518929248,0.0,0.1616586117531694,0.8383413882468306,11.0,680.29640649325,1046.2645611433898,0.8282835047763342,133.0,0.453456608531204,0.6182671429572039,19517.69015978188,515.480883667818,0.0
194069_6614-X3338-Y19996_reg,230.934549720464,438.2014077225994,386.5905423032185,-446.0124585885618,-303.8748108728951,110.9850795422195,504.6795358603792,0.728816133425156,570.6948381829361,754.9587562431898,0.3440222761160514,0.0,0.6559777238839486,26.0,722.5728337863258,916.6811378122042,0.8853896106136683,2.0,0.2051102659981685,185.0,1.3222192947339193,0.2589598490972783,0.3424054612413545,0.2973590050943973,15112.108933694586,94952.1808126879,7.207989967436333,-281.9777711148299,-714.8685140152998,162.58558890184497,404.194702072407,-258.6882078513209,291.21247448654657,60.01859282475655,0.0,0.8041951819467608,992.7128821977884,627.0747832293118,0.0,0.1885415399586425,0.8114584600413575,9.0,649.0807161184075,938.9466621775156,0.8530256955094377,87.0,0.409439240968252,0.8734947086729108,11188.331300154923,626.3113134880641,0.0
194069_6665-X4527-Y10686_reg,210.95881237646063,371.1594078595017,584.655167919309,170.00855332559306,-424.5047989999517,181.7447609565085,-88.04353032464539,0.404277566115314,462.649304704586,675.9912733743977,0.0,0.0,1.0,19.0,611.414201485376,808.056630742046,0.9042789884160642,2.0,0.2710989725271829,169.0,1.4313637641589874,0.2853390042531898,0.3676507380535401,0.3593920272494541,10823.125110478986,68003.70067192819,31.17016081809288,82.07727309253823,-665.9084545778729,-79.54502346284819,-117.33437130502097,212.1222932831003,-197.3976435333133,49.56375199007694,0.0,0.6694244156633297,901.6918249091368,974.6538505536882,0.0021526208158432,0.2344204068453342,0.7634269723388225,10.0,677.1636914147041,1295.170202828277,0.8680816899029486,99.0,0.3793994187923797,0.8474868151975029,12684.02101849093,515.2334532016921,0.0
194069_6771-X4023-Y23667_reg,357.9397847899327,454.6070510856962,480.8718428473436,-548.2224548042058,639.4492012986851,-251.8976115671369,97.8318404104472,0.6534857853426026,608.0019715599065,681.0922265553081,0.0,0.0,1.0,23.0,727.8602744687631,940.6937588417458,0.891435396822683,1.9980472217290968,0.2470820602995473,205.0,1.505149978319906,0.2244807385052369,0.2132966447718799,0.3028797078866893,15299.68325781418,96047.36528616423,4.866477202713213,159.49805295395208,-309.31940807565303,200.8134048153186,221.0173338872908,583.4834095691699,31.71667415974296,31.49550884703154,0.0,0.7731094008041797,984.4508298685269,1027.5756398369108,0.016576493611143,0.1793484517094509,0.804075054679406,15.0,745.2446936529998,2238.037051764996,0.8571665147674329,179.0,0.3376056095177884,0.5558940168975228,23786.62278717614,595.3798823709897,0.0
194069_7166-X5939-Y8426_reg,170.91718057651997,698.0533352204616,-353.02107121952866,-121.48976687547714,-93.53436059158456,-112.80594858786723,-12.806787888465474,0.1468435953060825,356.25949033318466,855.7238914678378,0.1702660406885759,0.0,0.8297339593114241,18.0,822.4012297167882,917.4954176240124,0.874812640443124,2.0000000000000004,0.1871438149919805,70.0,0.6989700043360189,0.2845070422535211,0.2553990610328638,0.295999122746448,4319.179622382734,27138.20594242464,73.6264044133568,32.98852462183277,-580.4490545311456,-10.057218615199666,195.8023507584724,-465.1778410923711,70.50821963321633,16.35802839176276,0.0,0.8808673810845443,731.3791185141799,721.4129771846801,0.0,0.0871376497135913,0.9128623502864086,9.0,571.1528251652906,793.9800972493074,0.8006034021975988,43.0,0.4735289012324249,0.3176531852109009,7858.030935881493,754.0145619495419,0.0
194069_7189-X5459-Y8724_reg,262.4938540612511,490.0156876436509,574.9212695861149,-153.37548248160854,-212.9758441413397,121.25040173484236,-75.71939366756871,0.3758295822112562,517.782133247576,728.2440374764387,0.0,0.0,1.0,23.0,699.9189248870453,931.9151589194174,0.8813685425851819,2.0000000000000004,0.2484967127601952,156.0,1.3222192947339193,0.3083099156965074,0.261207011909541,0.3336295686789288,10079.97231122117,63334.33392264185,47.766625272630336,105.43835550781569,-444.31655517156014,147.7863167890415,-8.758834592106851,310.32332907542065,-397.2031243443395,28.453053620149124,0.0,0.8989858627643085,938.8048139795392,1106.0836294195697,0.0,0.1601924058013264,0.8398075941986736,18.0,712.3787212909685,2065.842816244932,0.8553853008080624,163.0,0.4930398658989869,0.5737919976678084,18652.969203581608,559.9180093732438,0.0
194069_7216-X3715-Y22464_reg,126.77629554708756,626.544144581495,-256.2345728417426,-192.2269666420684,-27.163419142212664,-62.47493732452468,35.652433057492146,0.2772245502106157,362.1401001118061,813.2608010927024,0.0,0.0,1.0,24.0,753.2461911194775,864.2486327945003,0.8725594047908163,2.0000000000000004,0.2810450700486052,136.0,1.255272505103306,0.325076720736519,0.2023235423060061,0.3580676628675372,6152.477158416207,38657.15408451868,42.18889377469532,396.9193917936673,-188.12932891582983,784.1273733982257,379.3831060878484,-115.51986033908378,377.9329969559686,18.568889151776776,0.0,0.5971152082440898,872.1031103223759,1070.0575797024076,0.0078609221466364,0.2112370874275636,0.7809019904258,16.0,845.1182466594926,2003.1971899488133,0.8117520462053913,145.0,0.3947089947089947,0.472562358276644,27145.83259380603,730.1349464055303,0.0
194069_7313-X3495-Y20668_reg,204.90061475209225,583.9619852460337,-60.22156709762796,-336.8616466567157,-271.8797801655126,23.022569319087825,101.45639890877878,0.3477607806489353,520.0452450326338,983.992390789087,0.0,0.0,1.0,21.0,844.535600694843,1026.1303938803746,0.8751878595617408,2.0,0.250848463681836,168.0,1.3010299956639813,0.2665392882732266,0.2925722474325292,0.3594000520128714,11351.225923629254,71321.85594182323,103.80080605923558,402.7120477765861,-563.200628305241,158.7758949000314,402.2115647532612,-466.1473989829088,131.78467765481042,28.43165850791527,0.0,0.7391388862188498,758.7760986104104,1164.1091717309323,0.0,0.0649555491826785,0.9350444508173216,9.0,826.7957928477744,1296.7949223125222,0.8572351222242991,85.0,0.4586004637839312,0.5096166962215251,9998.46087108894,753.3857056400495,0.0
194069_7382-X3692-Y22255_reg,161.49762351922982,603.4775818362136,118.66844497434936,-453.1170527498848,-142.13707195463397,38.72974430989064,317.0584886546064,0.3503193530197621,427.4740027050757,871.690332733076,0.0047614009099566,0.0,0.9952385990900434,26.0,779.461019229313,1020.03854549167,0.8813416400641161,2.0,0.2756214449439199,188.0,1.414973347970818,0.3950904666172892,0.2649455084118082,0.3564184654856374,12792.93998404342,80380.41254337206,95.09694397584826,300.32809708969296,-522.3467275470674,639.7442154325091,623.9002285715192,284.39498398243853,670.6303232379311,32.83297777386552,0.0,0.8449038115813108,881.948098377201,1141.3533115321293,0.0,0.147278209807967,0.852721790192033,18.0,828.4149203140915,1503.690337954666,0.8677136038694953,239.0,0.4248118349338178,0.5512587594082533,26234.875380115143,695.7985588419001,0.0
194069_7406-X4443-Y11111_reg,293.0896561452405,344.8851799392751,288.8403707448295,31.59278074964692,350.1721785737778,-207.6102699272075,-245.26803640585,0.2691697552117349,562.0652658281429,622.712998009868,0.0174717368961973,0.0,0.9825282631038028,22.0,587.8571821777805,861.7992171747718,0.887665714128353,2.0,0.2814013177084601,159.0,1.414973347970818,0.3291733959770958,0.340919101453531,0.3512343287748988,9207.615109361384,57853.15196930378,116.94716318905375,-33.56185895744238,-503.0619417771911,-103.0475167209782,-81.7722728932672,81.64475331550128,-343.9660941182927,33.27930047964115,0.0,0.6757180506590842,899.9475891307284,1055.1983467934006,0.0,0.1219482716944646,0.8780517283055355,10.0,752.3402311752221,1245.322066621202,0.8563081638834611,107.0,0.4442832970751752,0.6272661348803481,11294.726558110371,524.622280613444,0.0
194069_7408-X5410-Y9170_reg,260.33663496296776,530.1453643695431,269.7359740421662,-289.6051600230273,-111.8561517515072,-11.462772039053592,70.39332789559134,0.3450868281288373,499.14559596462186,757.2088621120047,0.0,0.0,1.0,21.0,721.7596760974334,945.5066919159422,0.8864188173254899,2.0,0.2510065426696711,138.0,1.3010299956639813,0.2505421184320267,0.2473728106755629,0.3266157786067166,8080.459396465713,50771.02375513448,4.714279929125041,249.2992273686814,-283.6156572536067,608.7227098871565,163.51388585740224,-225.8530161109537,-323.94587149349087,22.104182679466007,0.0,0.7763375927931968,939.0288145595424,1042.628004164033,0.0006971677559912,0.1492810457516339,0.8500217864923747,15.0,788.2217853756799,1722.4762373043754,0.866956544455314,173.0,0.3782135076252723,0.4133333333333333,15604.502519467467,592.4187839351116,0.0
194069_7499-X4635-Y10487_reg,63.36359627517322,306.91794917843094,208.80948204945872,358.78453409757054,209.634999582035,-42.08223811729986,45.76494245131432,0.4311789567998947,388.06271404786185,609.7144859022972,0.0141119951959165,0.0,0.9858880048040836,19.0,576.420412760924,758.8938733591648,0.8828790331374896,2.0,0.2560616390689071,111.0,1.255272505103306,0.4535355051794024,0.3353850773157183,0.3207410356697899,9021.762036043448,56685.40266973883,9.797499014654932,-126.25914776767672,-485.5788084683096,-48.6479975656463,-180.9236499037005,75.98633972929976,-169.3738442045174,44.00768362106864,0.0,0.670904112766502,680.4750398264723,1058.4913069574857,0.0,0.2216266364292341,0.7783733635707659,12.0,763.3732015893821,1240.5000796613497,0.8302241146436624,97.0,0.4694361406040614,0.7756932275023194,13221.651962373866,485.2414785735765,0.0
194069_7541-X6312-Y7823_reg,160.44757392458996,439.0724559982416,694.0608308932788,91.11116546513009,-303.2510639120084,58.37892295693312,-54.97757108761728,0.4099812863773795,603.5792039260887,660.3703993935694,0.0,0.0,1.0,27.0,664.7740112737564,865.6345458131898,0.8869521509918971,1.9989754098360653,0.2399350559225698,213.0,1.4771212547196624,0.4243852459016393,0.329405737704918,0.3229665767221466,13199.07991824638,82897.80996679989,22.364251981106463,95.79922912826784,-651.7394902105439,-81.35736048392708,35.10768301445865,-6.976281086011116,-382.0170480332575,45.643602138100334,0.0,0.7418271412624624,939.9495328968088,968.8631643840524,0.0,0.2292011019283746,0.7707988980716254,11.0,652.522301937261,1065.2541877807553,0.8918532159060814,141.0,0.449862258953168,0.8239669421487603,9846.882754852424,526.5315928817067,0.0
194069_7629-X6739-Y7566_reg,82.64992946787152,405.6098016320561,-76.69606653340868,-214.6119319318243,-126.01013402218464,-67.95752974774268,60.81611940378532,0.4183707377203618,549.6763525378001,701.0506677220515,0.1192390139335477,0.0,0.8807609860664523,10.0,593.3701946761404,692.8092222732954,0.9003040723553953,2.0000000000000004,0.2366751492755366,76.0,1.1139433523068367,0.4504287245444802,0.4595391211146838,0.4084015562152331,5056.402918731268,31770.3165261523,6.495560466950337,145.20423036630427,-605.9129205643653,19.543407835553765,80.4242335477859,311.84993517407605,95.6325312657555,29.67197286187951,0.0,0.7723929544557622,990.0414811090322,870.5547238662261,0.0,0.159077950639407,0.840922049360593,12.0,691.314178568996,1144.098703746748,0.7676925258308819,87.0,0.4373218212918465,0.6362303494339008,16755.004949736274,582.3590979823259,0.0
194069_7724-X4289-Y23661_reg,137.65062453268638,453.9326122003308,564.1268083686443,-429.3835858669223,-436.9069466990488,211.736700123214,350.87093171441046,0.4362567383933368,477.19511876985325,691.4868173070377,0.0107833163784333,0.0,0.9892166836215668,25.0,648.4126630572539,1141.2696277770483,0.8934417173673879,1.9989827060020344,0.305035594787766,200.0,1.5440680443502757,0.370498474059003,0.2492370295015259,0.3498719310796331,13339.314892339416,83775.04396400687,48.28695940295165,58.24475828322193,-738.7863774030815,138.85343746112727,272.5486979553582,254.30841013519168,42.05909190669274,53.1971198989058,0.0,0.728023055540907,921.658434189868,1076.8022724068933,0.0,0.226452014586854,0.773547985413146,14.0,724.406895682985,1530.142701018367,0.8807979312346701,165.0,0.485344903922784,0.7169042769857433,15423.58816396305,602.8678603568962,0.0
194069_7827-X3508-Y20244_reg,32.98482180791325,238.3117614680359,-141.36314709927709,-313.60815009117954,-146.4400570787922,-301.27979234904046,123.2113016230646,0.4523018872873115,248.6031366055304,452.7819009217647,0.0,0.0,1.0,14.0,350.42213159131404,367.2375671579012,0.8991219035528383,2.0,0.1311499225623781,108.0,0.3010299956639812,0.4598954783003863,0.3226539422858441,0.1655982266686634,5965.315737848829,37481.18419673903,47.99705222669127,-30.62276341916549,-609.3729983041782,389.2415748892016,339.18607044096854,480.0542785683033,362.9797471589922,23.151000172704865,0.0,0.8554891661263729,693.4057132507251,1306.3318642247914,0.1064150069476609,0.2132931912922649,0.6802918017600741,18.0,718.4167402709317,1569.392403820649,0.8439528670747619,201.0,0.4569823992589161,0.5620657711903659,23606.46929424438,636.8692019868821,0.0
194069_7890-X3746-Y21746_reg,107.89880121814986,452.8173718937801,527.0538567391436,-343.07261829280714,-245.08460326729303,184.51387505277296,15.721357460180188,0.4870600773759229,436.1012830209993,738.407351447047,0.1345400513305416,0.0,0.8654599486694583,19.0,655.8028065053006,843.3332436856417,0.8542228859613119,2.0,0.3127379071989219,163.0,1.4771212547196624,0.336485208699176,0.3229771714169931,0.3747526207839988,10030.195450440391,63021.57668234649,41.56802858930496,-38.10695462959893,-705.0209514338754,85.41312892025556,333.2778119658456,-74.13965766540296,9.015619998221725,56.14716377667905,0.0,0.5803605941103803,765.016428614701,1167.866517122698,0.0,0.2297941767068273,0.7702058232931727,11.0,716.1202327722277,1235.9268203483605,0.8685905207454984,117.0,0.3789130979213624,0.8407212622088656,10862.24380333254,564.0155760521781,0.0
194069_7949-X5085-Y10196_reg,4.932699997833879,376.5840028520929,456.7886394205258,105.07930728593672,199.3138614304808,44.64747803267963,-14.112007807772487,0.5142787705463782,416.01248351112827,596.4605404051567,0.3157684630738523,0.0,0.6842315369261477,26.0,525.8212641516134,753.6073885057431,0.875576879121865,1.998137059214904,0.2107015669965088,187.0,1.3617278360175928,0.4570858283433133,0.2995342648037258,0.2977257309999441,10141.522662173284,63666.07912623041,118.4834322167153,-506.5234181139437,-653.1778339570691,-105.02136338930768,55.92126192068746,-158.42620536572815,-343.7659032663496,54.76016467282975,0.0,0.9140051945614932,690.9914671569677,1107.5338819106614,0.0,0.3695692709304494,0.6304307290695507,10.0,856.6256178227956,1171.6315176073376,0.8922009552673681,99.0,0.4678351668842066,0.8558642550811113,7285.815463291422,520.4730363513538,0.0
194069_7960-X3680-Y21513_reg,69.16774756965879,398.3030356287986,161.13885431236767,-51.04617984519649,-25.10223871237736,-26.724961667128365,-62.15536046196687,0.5566690996908636,359.33731681947665,715.079686393507,0.5036075036075036,0.0,0.4963924963924964,16.0,566.3236363758797,770.8654892819086,0.8836358783813654,2.0,0.1860528834506074,124.0,1.0,0.4806998556998557,0.2996031746031746,0.2853474056879036,7524.240962205619,47276.20026140913,34.743389519638185,-598.5852852840817,-722.1161479890494,166.5651911608998,460.5118062715839,-304.72136235320227,248.856008415858,73.63773922226133,0.0,0.7248945438398244,776.7167357622975,767.9455212497651,0.0,0.6166515367656594,0.3833484632343406,14.0,749.044363735538,1500.5573147133646,0.8705887540110271,137.0,0.4666061470626378,0.9839190766437556,10488.688772766807,531.9296974220581,0.0
194069_8027-X4187-Y22761_reg,80.42454832829299,403.4119926567455,592.8998233046418,-315.143713714604,-308.1070553498466,366.2910592140557,121.58695661442756,0.4580403906633177,686.5224654121566,720.3376648087597,0.1092457420924574,0.0,0.8907542579075426,21.0,714.386865993911,1068.3049889678334,0.882799107268933,2.0,0.2507007653187805,154.0,1.462397997898956,0.4137469586374696,0.3250608272506082,0.2863771148774104,11126.094854726083,69907.31571750143,46.9378700342877,43.360012219757664,-608.0117652762088,161.98000101824402,280.16657611628995,-278.1006180153775,-116.44260330291688,58.3169131995608,0.0,0.8245247164597739,854.4517226764874,1025.5533800127996,0.0,0.2757599376461419,0.7242400623538582,14.0,670.7460264752654,1466.5728145354103,0.8805145744648813,125.0,0.2927513639906469,0.7946999220576774,8732.208464306648,557.6592594275149,0.0
194069_8053-X5370-Y24809_reg,131.64265723898188,393.9074914055952,543.9836655491598,-443.8081927062101,-328.45154086893524,153.68867061441756,41.97389309910636,0.6250781758139442,449.8637206446574,620.0139064756711,0.1668003207698476,0.0,0.8331996792301524,18.0,596.8922103143922,785.691237149563,0.8816072876287306,2.0,0.2200828624511893,167.0,1.380211241711606,0.3366746859128575,0.2913659449345095,0.2959742656699917,10093.399375442874,63418.69865527814,27.556805872422046,81.28805688413013,-803.3159977557391,-52.76489180957304,56.16255041400918,298.5148552480519,-573.6427778900058,47.73951293765339,0.0,0.6261645140698667,992.6262457315152,855.8772301834829,0.0,0.0751789976133651,0.9248210023866348,9.0,641.7550235800022,915.5045425442044,0.867289181733032,113.0,0.4818926777689664,0.8773460216759186,10243.382887690532,574.7859470917072,0.0
194069_8063-X5880-Y9133_reg,17.28656805436458,269.1654786670915,390.0134859442918,49.62505140317754,73.15665983446664,-15.075161891262416,-25.843210875290666,0.4189634428572816,376.3542126778784,529.068337958689,0.0018779342723004,0.0,0.9981220657276996,24.0,508.4973973866532,763.1616369967402,0.8852854657907078,2.0,0.1431983570848719,176.0,1.1760912590556811,0.4439973172367538,0.3515761234071093,0.2503895507630865,10072.358378908297,63286.494175003776,90.69626005855388,-245.3031322532084,-705.3953283564427,150.34748071408325,143.14260577879614,196.9263872385665,-40.07238235431912,46.6072667879972,0.0,0.7251901658452637,615.3790473714907,1049.886954536873,0.0,0.2874228016861092,0.7125771983138908,12.0,781.4261160291727,1361.9325230107506,0.8679235038500053,149.0,0.2924223115380845,0.853249681403784,13860.108399419953,515.584906916473,0.0
194069_8151-X5946-Y25268_reg,14.027585171614191,181.1264725472506,443.3728596190218,-271.6808744898985,-125.6574409652989,-328.5400082782019,-300.6676255097206,0.5831263086144544,325.71344891453737,397.4734772830866,0.0,0.0,1.0,18.0,310.0105228794658,330.1957029369632,0.9050238467221672,2.0,0.0848306185207203,140.0,0.4771212547196624,0.4762912039485281,0.4394500264410365,0.156643381304132,7657.592746836269,48114.07423528683,215.52503940549468,92.28581423178343,-156.3691573354852,144.27832630628018,-534.3550857514707,726.4213434835925,-399.4269652390905,27.019977857337764,0.0,0.9239009976857256,740.7677494377513,898.5538169227445,0.1938295676109645,0.1080399128340406,0.6981305195549948,14.0,657.465308957456,1310.475999643388,0.8620929625585702,173.0,0.3493502051983584,0.5014249886000912,23920.175633396004,556.0043342211428,0.0
194069_8220-X4330-Y22689_reg,30.501846818470767,394.13718261685904,589.8896797623413,-121.80769579574176,-266.8231527912526,225.15914723131505,139.04790818106906,0.379621986184448,395.5309226625841,728.7022144700134,0.4469696969696969,0.0,0.553030303030303,28.0,610.5929710510912,851.665955345142,0.8945026208660599,2.0,0.2641436754153281,195.0,1.4313637641589874,0.3846675712347354,0.3171641791044776,0.3344041378306706,11981.78882001794,75283.79946766558,59.70094722511385,-537.2535359689548,-730.8169015891045,55.51850106031882,279.8261048460553,-155.89567476933132,-43.59328500049369,67.90804799188611,0.0,0.939715371780067,885.9518900872372,680.6881302769368,0.0,0.3422184006878762,0.6577815993121238,12.0,723.981460860123,1440.7735027155684,0.8682094707203069,121.0,0.4893952421897392,0.9346517626827172,9490.027581021635,549.1821782075422,0.0
194069_8231-X4410-Y22897_reg,185.9348222741428,344.3645466516264,646.5337716995044,-187.0485646778077,-98.45517531585372,43.05606792369203,-68.78047084206904,0.5051232064426842,497.4701678762431,650.2793683525542,0.0,0.0,1.0,22.0,642.2947899718633,829.9914433935086,0.8836881625913199,2.0,0.1667527686556092,187.0,1.3010299956639813,0.3834479487787526,0.3394593312781598,0.2645035280388282,11419.875978149945,71753.19695572482,1.682829836624478,-32.584465905598336,-605.1109894850044,-11.633250446713106,200.15332860416763,-286.7476463742448,-292.7980257938567,40.7892247985795,0.0,0.7444247968265368,933.08346059821,1028.3057962803578,0.0,0.2112570356472795,0.7887429643527204,11.0,722.8628341807704,984.9228391421776,0.8864665482282753,109.0,0.4784240150093808,0.7876172607879925,7242.08896084435,540.5184659175393,0.0
194079_7452-X4416-Y23624_reg,17.92770866675346,321.82731479560766,587.969825371312,259.857481360847,254.85218954098323,-362.070632230087,-518.4526733298022,0.6176612657291793,305.78954424686344,572.5184182664868,0.0,0.0,1.0,9.0,494.6652867924934,633.098006516938,0.8305677909591148,1.344840118909138,0.1651710075418323,136.0,1.146128035678238,0.3765025203567274,0.5632674163112318,0.3129897753442121,10545.713964363422,44678.07415691259,35.33705977435875,-143.4435041536908,252.9162165517815,-233.8931783814601,-1204.3278001192307,316.4385132890396,588.0381843669264,13.148976273667618,0.0,0.9001983285317827,1002.6318907341912,1048.3370555290358,0.0004724657462333,0.1770171662554464,0.8225103679983201,17.0,753.3063111738375,1819.788745777784,0.8157706317635043,157.0,0.4405480602656307,0.6147829282377028,26223.83250309313,497.6068611581526,0.0
194083_6175-X4064-Y8142_reg,11.387329863639025,352.5994590280038,-402.5492195018807,-49.88291793261991,-129.35247504360242,-115.8605203209141,63.2291340393731,0.3203303213319168,239.7525492714176,454.0194141374218,0.0388663967611336,0.0,0.9611336032388664,14.0,416.3158802484007,494.1742516516178,0.8235593522239518,1.5424663967611334,0.2981049253576776,65.0,1.0,0.2692307692307692,0.1736842105263158,0.321369173461407,3364.8436868331105,16319.010414909248,77.1993176246915,208.56826112894805,-563.4627000328127,-63.40600301890183,170.36174867339477,-575.1245850872256,-155.6761322996982,10.032723719112104,0.0,0.7025806558527727,510.0895159727379,552.3289849887101,0.0,0.1583765639304241,0.8416234360695758,7.0,550.2989845696733,755.3046352243965,0.7663053613840932,29.0,0.301495270064083,0.2532804394263045,4500.508151155049,741.2107864259224,0.0
194083_6472-X2866-Y11440_reg,77.4491443119532,207.6285354275551,-0.3037075968190562,-111.11498495001028,-110.18301740645803,-107.51416916261542,-126.91248752859768,0.937210325700079,529.8897087812002,792.4464154390316,0.1441154881331049,0.0,0.8558845118668951,8.0,506.42218576499926,616.6851667580825,0.8697965408800569,1.332,0.3418901838286906,47.0,0.9542425094393248,0.3821874235380474,0.5446537802789332,0.4204712903822614,5632.495753007149,23569.74969565853,18.96167238110047,43.935544613376806,-661.0861992723054,-318.9725820491051,-867.5876135798678,1664.0611577512498,-203.02159261674635,18.225077839693704,0.0,0.528023415768569,983.59161551924,808.7631287365557,0.0,0.0051703443818668,0.9948296556181332,12.0,540.398184921082,1171.9105890763194,0.7828177830623257,229.0,0.4108115594127965,0.7498384267380667,29670.22703773204,528.9502469944091,0.0
194083_6690-X3219-Y11189_reg,66.62502813343644,363.9135658938885,-380.6435532365101,-29.198696004159103,-118.19308770957424,-144.0924968832613,0.3446574470426383,0.2898053776908734,194.3195298642572,489.8208262055323,0.0330514988470407,0.0,0.9669485011529592,17.0,428.0798652888119,578.9266138270211,0.8350836983489451,1.8885472713297464,0.2142918608623306,65.0,0.8450980400142568,0.3274404304381245,0.1771714066102997,0.2783024044177753,3550.255401076293,21062.739355476377,299.6975615205124,276.54988154006423,-501.1474367398888,-100.95405741702848,119.97783752658634,-575.9949898658958,-88.34255829937999,13.352901480388994,0.0,0.5771292287645218,602.0456917760298,525.7469778285704,0.0,0.0895591647331786,0.9104408352668212,8.0,517.6566105789881,889.1174023547902,0.733690985743887,41.0,0.3707656612529002,0.1587006960556844,5918.185362095443,746.9493582087174,0.0
196476_6791-X3395-Y20868_reg,31.912665731633297,292.32669250037,-367.8592884258747,-94.97443946040848,-154.39433066027203,-169.04525613216865,62.01568633404424,0.3829423247337318,232.20835911006043,442.5108423828861,0.037474776592678,0.0,0.962525223407322,23.0,372.9008041584246,476.3220970685963,0.8417992856430286,1.2424571922744303,0.2156872589728695,92.0,1.0,0.4093398673969444,0.3176707985010089,0.2856530253650661,4681.508948654213,18216.90868670253,153.07337184940616,28.81397506372377,-556.3030874977993,31.0631873574913,263.247993082533,-488.25852321671465,243.16291178706612,8.992776053126695,0.0,0.7885503767046328,708.6863691610156,620.6177218577614,0.0,0.1091945830363506,0.8908054169636493,10.0,571.2133346374492,851.0591122503066,0.7185884496438392,67.0,0.395295794725588,0.4715609408410549,9534.111718597103,723.4302096059181,0.0
196476_7159-x4408-y23171_reg,45.230253879014526,415.0962387989625,-391.3234812528767,40.446233770077775,-122.75344609596328,-173.91272399566552,-67.0344222391229,0.3465193953926959,276.8345122422188,560.0440868095461,0.0227886056971514,0.0,0.9772113943028484,15.0,493.33212673816456,574.8363497378092,0.8367960766603167,1.1807088455772112,0.2565482353992427,75.0,1.0,0.3100449775112444,0.1889055472263868,0.2732896236030346,4494.33882244692,16620.354968148906,208.27620435828248,204.2430072766815,-573.6686713714438,-15.007439563284876,157.43586013195056,-488.9660751128211,87.69028120405541,8.615532781554428,0.0,0.6237773199838549,652.7649193897942,675.7144043853182,0.0,0.0790867579908675,0.9209132420091324,9.0,530.8731781913164,984.1206196779232,0.7269471130942301,55.0,0.2730916378210967,0.1559482601566769,7496.90482194049,837.6860185937356,0.0
196476_7565-x3166-y19635_reg,107.02693636897176,261.9816247224935,-288.75331327931303,-139.40549656643313,-120.7489942210165,-153.48752828173556,59.34725018466407,0.4934940241622428,280.74468688946445,429.2419697513778,0.1046979865771812,0.0,0.8953020134228188,18.0,401.1456132304063,536.8149652630691,0.8301887337182643,1.3632389261744966,0.245588823694543,69.0,0.8450980400142568,0.2342281879194631,0.209731543624161,0.2612124963268743,4031.3776234237407,17261.239820711864,202.4322019026468,-7.66577462620171,-525.8102919961319,-116.25650987620033,-50.5964321616097,-343.7849547207797,-80.07131330670374,8.031644114644962,0.0,0.7276416430707492,792.0900979209346,686.8694503819033,0.0,0.0691453566621803,0.9308546433378196,9.0,606.5439512163252,904.1824412236928,0.7702224563246298,49.0,0.3146029609690444,0.3226783310901749,8125.324502843291,661.637992529544,0.0
196476_7607-X3603-Y20075_reg,335.3310390340994,673.4620189907628,-398.1606014933116,-88.25367173854151,-112.60466719566048,-142.90524367028712,-113.05596570539268,0.3142514906354552,591.9994909978159,824.6919977238022,0.1470289487049263,0.0,0.8529710512950737,20.0,863.472374749187,983.188679384826,0.8462109824070921,1.2796089385474858,0.2202107411658163,78.0,0.7781512503836436,0.2138141188420518,0.164804469273743,0.3110055741211884,5329.42822775833,21381.04449921543,117.481052332766,389.9390615223633,-54.41311870261204,-384.995322148994,-1521.2178390678662,291.5382098359694,1142.9539292012523,35.94023185665283,0.0,0.5510537649375261,1037.7973037385482,582.1558689705294,0.0,0.0,1.0,9.0,670.1438986046205,1998.8482138587133,0.7019422204410696,89.0,0.216141429669485,0.0375608506277222,26692.51050877812,867.5828520611817,0.0
196476_7824-x4173-y21243_reg,155.56179454177982,743.2691040880964,-394.908951225924,-106.32235608607652,-80.19691406247108,-134.25105727290594,-91.3178063910144,0.1650969161750738,356.61355328508216,901.9271638572228,0.1301994301994302,0.0034188034188034,0.8663817663817663,18.0,851.3297639593015,961.7742294214024,0.860520437938017,1.5205128205128204,0.2321642492621736,73.0,0.7781512503836436,0.2116809116809117,0.2042735042735042,0.2909806827224335,4729.997925926005,22602.541357091643,14.196340118572152,423.57998802412567,-279.9501740285822,-128.9331098814834,-468.4775172608027,-283.75118350890057,684.1611383259834,30.704725198183908,0.0,0.5678870885923092,983.9623248067992,696.7783343624951,0.0,0.0,1.0,14.0,680.7669218435462,1802.236933094084,0.7093742321905324,101.0,0.1547015535568274,0.0723630417007358,16555.60912340248,865.7469270558595,0.0
196476_7922-X4174-Y21695_reg,84.60169599573237,536.1898948863934,-386.11695254235207,-102.89523178999735,-105.44278259383888,-94.81305119486112,-8.854372924970566,0.2151030979665382,242.4783113923368,745.3043665593857,0.1222222222222222,0.0,0.8777777777777778,16.0,651.7903320317049,749.539968715107,0.8294424479261283,1.3896551724137929,0.2118458895043141,56.0,0.6989700043360189,0.296551724137931,0.271647509578544,0.2619469284356223,3498.641298129341,15240.072636704244,222.8677125896611,71.36727714471772,-507.87648333738287,-87.86741671387726,153.61519610259182,-530.9491666397813,-51.09185936166864,12.933397547036536,0.0,0.7242357599322524,730.200311244771,715.0020585412854,0.0,0.0855326526680793,0.9144673473319206,8.0,576.4826634813944,903.1061381154012,0.7700603236867675,45.0,0.4001155846657677,0.2460026969755346,7070.062088002336,734.874277675527,0.0
196476_8116-X4425-Y9934_reg,56.92139013607448,363.1010495414152,-353.5622207009499,-153.1239330221506,-137.80692504692334,-138.9274306578646,38.378009746903246,0.2831709095967269,235.20696587557725,595.1452499396706,0.0,0.0,1.0,19.0,481.5008133284933,640.804973331756,0.8299909078133502,1.6182650452135952,0.2233743015339107,81.0,0.9030899869919436,0.3741814780168382,0.2740879326473339,0.2790155486364307,4291.343072695003,21786.835303225023,170.19750725734048,393.7888228608152,-454.1701258233248,-86.71453842564124,74.97133373017765,-380.2113577348569,-57.43899745304384,12.378019032492375,0.0,0.6916815687344686,677.1804574076668,1000.30290141562,0.0481099656357388,0.0602121619602569,0.8916778724040042,10.0,752.1245763169939,1203.3113963960752,0.739867445373836,47.0,0.2538473031525474,0.2342746152696847,9104.340554809954,705.586987765503,0.0
196476_8191-X6571-Y6695_reg,12.546734753349485,325.62487883869983,-345.3196350103068,-32.29792827562872,-114.15273789564284,-167.8805159838529,-41.05230649652604,0.4401057840912088,190.2363060368216,448.3764889516152,0.0248306997742663,0.0,0.9751693002257336,15.0,397.5857064596272,479.6972756332117,0.8311378216573541,1.486832204665162,0.2033940095296017,72.0,0.8450980400142568,0.3465011286681715,0.2528216704288939,0.2706150914942958,3547.1755685175194,16538.01484912211,102.85744506380706,183.2647192183623,-564.5855461392945,-62.63464360635622,-5.927210015952323,-315.30596751288306,134.95382062667002,7.003143422999943,0.0,0.5572522282085572,835.0974666220745,647.3230793097715,0.0125425828429854,0.0704552493031898,0.9170021678538248,9.0,542.5488794184704,1009.077025743362,0.7422718301489983,53.0,0.4075565190461443,0.2401672344379064,8794.349395055784,735.1081350595756,0.0
196476_8380-x4209-y10481_reg,38.50620011554111,433.4435238503729,-245.3021987712696,-118.75199619418107,-57.47805408129732,-106.34650973812325,58.97735900724805,0.3647186826139608,187.7912938585896,582.6623243773183,0.1136099263280341,0.0,0.8863900736719659,17.0,516.7187547002726,612.9997539364456,0.8282338717298037,1.548274525009694,0.1979124928847518,58.0,0.6989700043360189,0.4897246994959287,0.2264443582784024,0.2711536057492275,3457.77562133223,16784.010097926013,78.03062631330613,-289.5696532815541,-408.6635750133129,-193.97341397518025,3.560787984515437,-456.2840185023803,-77.8211897573581,13.606410300225829,0.0,0.8623509423112742,477.320748754164,961.7930488483894,0.0,0.0979849253960929,0.9020150746039072,10.0,743.0656868099574,952.5030169162304,0.7541260844622842,71.0,0.366712813413321,0.2758037225042301,8851.89833991105,612.6175487655364,0.0
201603_6288-X7138-Y5937_reg,225.4070381776287,145.20973628662978,-467.9762095799185,-69.9009870725066,-143.37142917603038,-111.7320307956035,-164.64498476113678,0.8158466336206905,604.4666835602743,473.5422561412124,0.0,0.0677480916030534,0.9322519083969466,6.0,494.88750556918257,617.3244355088651,0.8617945190674575,2.0,0.1074349807105359,39.0,0.9030899869919436,0.3540076335877863,0.3241094147582697,0.3676776080630553,4267.851514063179,26815.70192638594,36.02677962039786,828.6032751554603,534.0359197777432,716.027849245676,309.42534026871124,-375.72640102474816,-194.48149337236816,99.82409439790352,0.0,0.4788840042850029,982.3306930936928,962.3897220713088,0.6508872029594331,0.0,0.3491127970405668,13.0,1011.2828264208508,2517.935433530902,0.7860850596011174,107.0,0.4007774782118001,0.0296570317888268,21527.5267005421,972.0626668530882,0.0
211541_5773-X16604-Y16219_reg,106.32734993903978,391.370605915331,152.02067069087758,-456.424163236035,4.6670314543632525,-253.9092943212396,162.05954877279896,0.7710615082382246,555.7443022574053,767.3877311352617,0.0,0.0,1.0,19.0,683.7598158205711,859.36942794931,0.8808952615636834,2.0000000000000004,0.2931953495724455,115.0,1.255272505103306,0.3747700962890836,0.2581412961159796,0.3626723752396229,12578.248569748084,79031.46660349412,6.156627415012736,203.12166799737952,-561.2644542486706,5.18864535416461,263.08290348937464,-316.2303843157215,52.1478846773498,35.17035774015724,0.0,0.6407490608343778,938.4139597529283,1025.7572618880304,0.0135447129444358,0.2011697706633831,0.785285516392181,9.0,726.1049770040759,1604.7744227207688,0.8429767606255596,43.0,0.3179929198091427,0.6818531629983069,8850.2788519643,605.6356483276752,0.0
211541_6633-X16017-Y16343_reg,39.13633650480142,482.5287975323072,-422.7317937694594,-77.88584015507496,-144.66413140073848,-125.19767423893356,-149.9276352486845,0.1841136732195463,333.5013751469337,800.8564230557522,0.0490925319845284,0.0940196370127938,0.8568878310026777,16.0,864.4327135520718,986.2001251918858,0.8260852485407366,2.000000000000001,0.225918087102737,52.0,0.6020599913279624,0.3199052132701422,0.1925355450236966,0.2742984515807969,4596.889976801559,28883.11156096071,56.029466830369074,545.0591115837806,-631.0106730015892,223.78326753635736,249.91168398522524,-186.05048461763715,293.5930427087414,17.58099072562447,0.0,0.5633424791701738,688.6410875805709,647.0219825755057,0.0,0.0,1.0,9.0,735.2075729458987,1610.4001581961256,0.676806998617187,61.0,0.4014356709000551,0.0573348058163077,14772.716607153816,963.5326904067516,0.0
211541_6809-X4199-Y14576_reg,12.291047932862966,230.7295554365919,-136.28349540854956,422.4150657115162,-14.790814504768202,-50.057696443707705,141.48330606894174,0.4216943709400469,249.95314560457427,488.5994399017754,0.0,0.0,1.0,8.0,409.1634965511961,471.7701302484222,0.8557985630135426,2.0,0.1033774856911761,84.0,0.8450980400142568,0.4573304157549234,0.5390226112326769,0.2890470304594719,5534.595733703755,34774.89059518623,217.68235241027105,-257.6119081801021,405.5425514904517,-118.27508850885664,-212.36587703108472,-630.533988055318,236.9297514389596,15.039174416230637,0.0,0.6167282482747182,785.4827561158327,983.9818042550372,0.0,0.1236783528102392,0.8763216471897607,11.0,780.3685801488085,1237.2097922850332,0.7503245458382253,105.0,0.4512991524246214,0.4324023898846741,19513.839592262728,436.7253605422728,0.0
211541_6961-X18505-Y15909_reg,90.84484772471389,397.7992104816617,-435.3072431785363,-100.06900670274446,-166.63016784191876,-174.9473607707476,-160.99701683563578,0.4389822886460727,391.8075937084386,550.7124566797606,0.0,0.0347328244274809,0.9652671755725192,13.0,474.9333783213365,763.8919597713675,0.7972224767784701,2.0000000000000004,0.1671541077255062,69.0,0.4771212547196624,0.4736641221374046,0.3020992366412213,0.2237131526019939,7113.807884901912,44697.3731805139,80.30073904863366,907.8544020598896,313.2648391855382,948.042799176162,-289.5570359814866,410.6850015125785,269.862502933106,63.96617174390849,0.0,0.4558492590635079,947.870062513498,1038.9006944647558,0.2981037151702786,0.0,0.7018962848297213,14.0,1039.875208459658,3086.073916669104,0.6465244380590474,147.0,0.3135061919504643,0.0554953560371517,35038.2993393443,1002.7975818743662,0.0
211541_7083-X17997-Y16517_reg,293.11145039708845,456.5801107448879,333.7523794613785,-459.9151953708579,446.6408895736746,-226.7466327524156,244.3716328957083,0.3003363975983842,567.7061249063654,791.7086307317022,0.0,0.0,1.0,24.0,756.1422784463261,1016.8137267832146,0.8775202438062918,2.000000000000001,0.2418586348895695,157.0,1.3424226808222062,0.3056310200049394,0.2201778216843665,0.3191023947447525,10971.691232325487,68937.16914585854,104.35171806394284,216.834050737722,-676.0600655804667,88.54474097752569,52.44239514278131,441.2323904393308,104.7559355199246,40.21365494843567,0.0,0.8402581515171149,737.6118089025513,1011.590687468552,0.0006414882527463,0.0593376633790393,0.9400208483682144,13.0,730.6871274054315,1385.0904594328492,0.8010341253151708,129.0,0.3301258920696015,0.5583353379841232,16895.789595924645,613.461028798004,0.0
211541_7198-X4422-Y13840_reg,104.6702103089965,-34.21600569033626,-490.5461408664201,-71.20293292022217,-160.73757841177104,-135.3913979717927,-173.18052304063286,0.4513166503292142,323.7644034560044,177.59148619956295,0.0,0.0,1.0,9.0,318.1253612225849,376.4947993968457,0.8195014411124072,2.0000000000000004,0.1709430312939123,68.0,0.9030899869919436,0.4287638935668575,0.7571572920175144,0.2819038029976214,3966.6591168866426,24923.254281812096,37.44142783224834,398.58493934139415,-607.8203328099887,387.66501952999033,448.66587292766354,-76.27354693056411,630.3573118436918,23.10065739436176,0.0,0.4377484999085074,966.2109308100744,929.0492984807364,0.4022369228670804,0.0669030894087158,0.5308599877242037,14.0,806.6065778439927,2198.0533206682067,0.7761517508459844,63.0,0.2460615153788447,0.4549546477528473,19798.65759574406,811.1153377254675,0.0
211541_7381-X7249-Y16155_reg,77.1943593592041,406.2662260338511,437.10036051961976,105.3746520923314,106.23497577364331,121.84858935525726,-196.256986188827,0.3453235758944225,421.9713553882884,604.7080900195406,0.4801686445971267,0.0,0.5198313554028732,20.0,650.5358897386055,944.886670074254,0.8753181745987982,2.0,0.2102361516627863,138.0,1.3424226808222062,0.4347282948157401,0.3096502186133666,0.2755661154957949,8625.527594970876,54195.78825139338,121.79367426684712,-519.9620371780929,-700.8203128306347,-27.29437726895993,120.99461959417536,-140.57915847524026,-239.9514107835336,69.61173715627699,0.0,0.6816771961578982,685.3028388076937,666.7823924461381,0.0,0.5234621124191676,0.4765378875808324,13.0,746.5054381162236,1196.7523436124277,0.7308326965126936,65.0,0.4049079754601227,0.962526944122036,8147.182491409711,512.6289132276422,0.0
211541_7397-X6860-Y15587_reg,160.61322847103293,386.6461443692572,-334.79444921706784,-87.51913213629858,-123.1753848185392,-209.568418224603,-39.01629284194478,0.6552280702020805,427.04741698073485,841.093907968929,0.0,0.0,1.0,8.0,620.5762370966208,767.3819238365628,0.8319075308805707,2.0000000000000004,0.0567890831172345,51.0,0.0,0.41790318657261,0.4449039163220628,0.1161039828544183,5573.174392984819,35017.287460351654,11.020510128279057,303.6310606646873,-1116.101202643258,1426.869874699096,1811.379548534512,1022.5775134418832,2950.3578288391845,22.930080486214603,0.0,0.8957392738201935,1007.3605264923664,973.258277130874,0.0021837549933422,0.0551264980026631,0.9426897470039948,16.0,702.8680965743358,3565.2098981254644,0.5912337272031103,191.0,0.3875366178428762,0.7116378162450067,50797.545517396895,709.1045230576511,0.0
211541_7408-X19719-Y16313_reg,52.39549540008738,277.3938154141597,-421.1290216512049,55.22681864320325,-68.32335616558021,49.57242047016948,112.285260821449,0.3584628283256455,279.9711622990108,432.6950735150749,0.0393401015228426,0.0,0.9606598984771574,9.0,382.6151976411807,459.4378207109618,0.8425197208291851,2.0,0.1562586106987122,53.0,0.6989700043360189,0.3840947546531303,0.4403553299492386,0.3186144689844221,3168.181445650356,19906.27110978929,144.10148964865311,-362.8580270572952,1272.3951031928116,-1129.2083928104094,925.32860556404,-297.808497042953,1.4069396938759848,18.11653736129113,0.0,0.9151549453017436,779.0467305388675,1025.3913552250192,0.0,0.1258602890571231,0.8741397109428768,14.0,847.4109882677432,1869.80567719302,0.6920332403217058,187.0,0.3737525808671714,0.2894872677219546,31218.442768275225,387.53104782602753,0.0
211541_7642-X7572-Y16296_reg,142.07055685365867,280.17937575057204,304.80981488663514,219.608939836554,-126.34733860223636,195.92260537228785,-170.35588549179906,0.3560633969258973,432.51815130944215,534.8208671488574,0.1143457868348698,0.0,0.8856542131651302,21.0,478.1975786596989,789.6534853173239,0.8875844765598826,2.0,0.2461414426160881,133.0,1.3617278360175928,0.4171114345786835,0.3871906841339155,0.3084126239207975,8345.619607139992,52437.07449489167,37.06918163168848,-416.354220046592,-570.359160016391,-53.91278961277077,124.25898349314924,-292.09219253676497,-154.1597132576884,63.3931539919657,0.0,0.839075239826674,663.9841510107199,1172.408603168674,0.0,0.5192560895325873,0.4807439104674127,12.0,881.2363617414375,1650.4016902447609,0.8166365083267446,61.0,0.4506254114549045,0.8461158657011192,8196.963055620317,485.8769418117552,0.0
211541_7867-X20439-Y14832_reg,69.99733730293246,-88.01552657569641,-474.2333043750009,-71.50301792255661,-143.46464640912524,-115.1853256131558,-133.28017855444307,0.628599569500535,266.72145970614383,250.8575095078197,0.0,0.0,1.0,7.0,201.9842845297621,284.4362887828105,0.8669207972624723,2.0,0.0951660425986625,51.0,0.7781512503836436,0.4079515989628349,0.6754537597234227,0.2407635508192132,3106.1558721662527,19516.552937804547,336.7596755942286,342.8356131799071,401.7302415513713,-304.6960906049603,-334.0699187629194,-94.00331764867954,865.8082332241265,57.282044968506895,0.0,0.5969183728145052,668.7291486751274,928.3793560335632,0.7405649818686484,0.0208174777275372,0.2386175404038143,17.0,805.1161429390179,2268.2197238380186,0.7618494311910642,143.0,0.1101044363117022,0.2075783272337766,30111.84342576208,779.8365873103263,0.0
211541_8004-X20499-Y15083_reg,133.59020994341518,356.7678321197427,171.21085160947962,-512.619520309315,318.2183195706402,-58.95323021162828,328.8180942129598,0.4643358681135336,405.63022932521744,585.2580346201657,0.115927750410509,0.0,0.8840722495894909,20.0,598.7394198188396,899.8484159828765,0.8732071026627398,2.0000000000000004,0.2890572666573147,148.0,1.5185139398778875,0.3300492610837438,0.3323481116584565,0.3048403720625509,8175.223606065409,51366.44484453787,13.791626315332906,-16.57726384932721,-713.4790589591184,-57.52906484924687,113.021621237375,-7.150107101255725,-298.9302444161684,54.61747225739183,0.0,0.8257076445783307,979.875936867882,917.477424243627,0.0,0.1928417155199012,0.8071582844800987,12.0,672.3890574735624,852.3428271560867,0.8300115330659661,83.0,0.3538461538461538,0.7358461538461538,8745.333843992998,592.0939791689219,0.0
211550_6674-X20158-Y16621_reg,52.62799366371473,500.394141226956,40.16124403589285,-443.90820884300257,183.4127985311188,-215.11488745807435,295.50768524892845,0.6427387814617241,412.5039523257629,772.6432003332975,0.2689308434229427,0.0,0.7310691565770573,25.0,655.3155756007949,796.1413773045815,0.884248852082237,1.6450309870716195,0.2666791601404785,175.0,1.3617278360175928,0.3384978452698543,0.3623024830699774,0.3772382178307841,13179.330969251734,68128.33324113704,50.20994809047943,-22.107456071682464,-681.6877519553858,148.96430022351063,438.2040913342394,-382.345070915998,164.22627307170936,54.04064468939639,0.0,0.7889857135853293,917.0360737688092,742.1541371514868,0.0,0.212,0.788,12.0,601.1699903868237,887.1869264071343,0.8211891623832921,83.0,0.3942857142857142,0.7582857142857143,9503.280298841635,669.0200866299239,0.0
211550_6721-X20655-Y16337_reg,129.3303091684993,431.02647838927714,43.40827035328757,-567.9378225106246,269.3023000288595,-325.22806637038434,361.3563294318912,0.5851858195861371,525.4936836413585,788.7409924977974,0.3671890901689395,0.0,0.6328109098310605,23.0,681.2787731215467,841.938108717582,0.8879381677056966,1.7426456340321594,0.263095316302387,157.0,1.3617278360175928,0.4041318949725219,0.3417463871361693,0.3637481655310972,13272.55191805658,72657.93686274742,51.11757659225805,-289.6736786486845,-789.9701154755563,140.96385394786898,409.3296513292471,-59.07090212731777,67.71346611384693,52.78004911539848,0.0,0.776990064793845,953.0364693311768,503.496053960952,0.0,0.1754884143571104,0.8245115856428896,9.0,622.8698099973318,1130.6423998850669,0.8446629512787448,93.0,0.3452975920036347,0.7371649250340754,11961.95544749805,651.0306087122278,0.0
211550_6742-X19175-Y17279_reg,78.79362445556035,404.6423765910449,357.78580073107133,-600.3298425619743,257.00686895508903,-201.2116341349221,332.9487678136777,0.492288080264387,497.2438333363989,708.660935779707,0.0102683780630105,0.0,0.9897316219369896,15.0,622.2197007689487,787.5356338997711,0.8968957299846986,1.7513418903150533,0.2565648402214343,122.0,1.2787536009528289,0.3659276546091015,0.4281213535589265,0.3437547000007767,11666.657642101263,64235.977939681405,22.50408592551048,86.22325045349044,-692.3071325294467,192.06934811280595,459.8563058730469,-91.19249646314302,276.6736648804279,49.42294215790213,0.0,0.8704412389977597,935.7915415571832,1013.0618606198504,0.0,0.2462427745664739,0.753757225433526,11.0,650.1736871662115,1192.5165322934115,0.802737473780029,79.0,0.4985811875985286,0.8351024697845507,12955.50312666746,585.233969163121,0.0
211550_7524-X21483-Y15565_reg,42.95300911299091,384.7539846125901,324.48354243735844,-121.54967717228462,293.1579461603608,-185.4821451778282,-197.65408773945933,0.3590302139887923,428.6931175430309,632.5730041229299,0.0099447513812154,0.0,0.9900552486187846,17.0,550.7127303524794,726.0176881188737,0.8842412807571046,1.9741120757695343,0.2276895615066814,107.0,1.146128035678238,0.3689029202841357,0.3627466456195738,0.3407061597478225,8605.233564346287,53373.39247194368,65.35935571475056,16.32043905639057,-564.9344830667037,-6.123679722086166,10.85346487847154,-153.72369211088773,-256.39118381029493,45.25547963091155,0.0,0.6896842766362705,853.3982831811263,995.698092030595,0.0,0.2966215210596815,0.7033784789403185,11.0,686.911367391157,1954.1203371135327,0.7900021156901369,67.0,0.3101652031552314,0.7949099568388153,9171.805925587429,534.1570780315963,0.0
211550_7555-X20812-Y16162_reg,29.9889243778116,340.53906679701413,313.47930316366507,128.4728481749359,370.4640500207423,-239.4860127655888,-25.44121986375215,0.4575252524563379,341.1361487478089,702.6427453180468,0.5520441434662654,0.0,0.4479558565337346,23.0,553.0643251458185,737.7037891021539,0.8715407725864363,1.9998745924253825,0.2389866626633801,143.0,1.255272505103306,0.4184850764986205,0.3386004514672686,0.3487675947073481,10795.725593477937,67830.81894071474,235.19828292838332,-489.3013470130736,-648.9504665933918,-61.3458991734289,176.37922718755533,-415.9341956744904,-281.177127545476,62.84811830516281,0.0,0.9044690614587338,722.4263623768793,546.5051932146616,0.0,0.3011088996303668,0.6988911003696332,9.0,711.261382502762,1309.8085251387654,0.8087362672685227,39.0,0.3679272106909298,0.9894796701734432,4780.616252977668,510.94424920543753,0.0
211550_7718-X19461-Y16950_reg,0.2638774276292679,354.24302943458497,-16.067327222458466,-93.82381794981384,107.24656777043836,-150.03112399140667,-200.8940847103531,0.2687960242492553,324.4434847132852,612.8186113756765,0.0002384358607534,0.0,0.9997615641392466,12.0,542.8155450915172,713.9178219820096,0.889352480404128,1.999523128278493,0.2694771027803209,74.0,1.0791812460476249,0.4930853600381497,0.3724368144969003,0.3571166753236666,5700.470292947791,35818.35099473161,174.7892861087039,-194.4195749663886,-187.6048668188788,-149.4581417143569,174.929633960646,-340.61035660510413,-212.9861946482389,19.376941880670127,0.0,0.7534155061149441,747.9165196685044,1131.266639202986,0.0,0.1500581057524695,0.8499418942475305,10.0,747.3786901613663,1259.021197586476,0.7917821545083151,57.0,0.3301859384079023,0.3895990703079605,9400.225292223988,537.6203577609036,0.0
211550_7772-X7691-Y18498_reg,7.92002728780426,410.8295840272213,252.71413577116925,60.875787012126494,-112.22439123011792,-119.36489656652914,8.702811636535513,0.2682907500332951,329.9916504221273,731.5279265776262,0.2638099402419472,0.0,0.7361900597580527,25.0,586.5823154087118,714.4117746077253,0.8694026879127991,1.5831511441480837,0.1611506113023006,131.0,0.9030899869919436,0.3960064130593207,0.3964436671039207,0.2628306931013547,9398.177586983253,46741.790711688736,125.43415876214384,-288.8248173432248,-699.5930444248246,-84.49728066775998,-23.42462824857802,21.88334468267572,-256.5293897340902,38.88312770533385,0.0,0.5669710659184415,831.0604102783745,558.3149866867989,0.0,0.2311206281227694,0.7688793718772305,9.0,659.6559960053187,954.624397025744,0.8268168387184128,67.0,0.4690935046395431,0.9029264810849392,9582.769534655248,522.8730686225417,0.0
211550_7942-X7116-Y18251_reg,46.90238984260304,401.296791404654,305.9918407700943,451.6282439428626,-72.74599681174048,85.48672767408864,-138.84228404743232,0.3861023810958668,346.1074224615595,635.1003040579917,0.354002624671916,0.0,0.645997375328084,16.0,557.2232219730266,774.9171498089879,0.8835847204290476,1.6937335958005253,0.2586215606799542,111.0,1.1760912590556811,0.4565288713910761,0.3784448818897638,0.3751129229035151,8347.883596297574,44380.43392346924,191.82012106366344,-378.3015711416565,-619.3141163037185,-127.39930798650406,-195.5751183384428,14.39137473290345,-158.29617509298794,52.53505494052233,0.0,0.9207307665587766,780.8749095926632,562.7745212088203,0.0,0.413775444885418,0.586224555114582,10.0,688.9193294969432,1633.5198344462628,0.7728741880299214,67.0,0.4817564972474715,0.8846498527717321,10787.873229597692,481.772093857679,0.0
211796_6490-X17276-Y17066_reg,57.28957563013955,176.89077062045635,379.8243214260448,-271.7511190740003,116.54680681345192,-192.59814352393013,-51.74327315613288,0.4545864826977854,492.7999388803864,783.0375667521321,0.1047997727918205,0.0,0.8952002272081795,15.0,562.3202398171342,750.8632505333494,0.897749845910985,1.5494177790400454,0.1571943371140441,81.0,0.9542425094393248,0.331013916500994,0.4358136892928145,0.2791259478776881,9616.40503484256,46817.2691777082,52.605858089459616,4.446405060522011,-588.523178247653,-96.86140213460423,-160.57540708110307,344.5348667999327,-425.11236531224506,22.607742386549827,0.0,0.8063535339115804,938.3152395995083,888.9907741968545,0.0,0.0394325057375339,0.960567494262466,10.0,660.9105935617753,1120.158832777293,0.8658177646614144,69.0,0.3434174838305863,0.6616941372835385,13187.981960477568,545.2723723031528,0.0
211796_7238-X7037-Y16980_reg,95.5101958219384,383.2787125424748,382.01147287581176,243.10787290100072,-156.43434611957397,-16.0033432560881,-200.5215343983263,0.4766285367646083,478.1040254116761,679.6596416940538,0.3222763716396793,0.0,0.6777236283603207,15.0,605.278395401653,759.7576660457607,0.8966597972265447,1.800345857569566,0.1962230041179793,102.0,1.1139433523068367,0.3872032699261122,0.3820154063826442,0.3292932142323262,8628.575558877288,48789.079597102565,6.464446149516334,-438.3221757028477,-625.6410525295184,-107.56482058665632,-130.9781827903713,-84.28680260145438,-80.86060192768181,50.718951123795776,0.0,0.8090813294461052,972.3904774553912,553.3357960868852,0.0,0.3201493569354169,0.6798506430645831,11.0,706.450210721606,1028.304497007711,0.8104093052015003,55.0,0.4480708062508643,0.8756741806112571,9888.430156395503,510.4420338659202,0.0
211796_7334-X21168-Y15440_reg,60.16841735318485,321.86810545326443,522.2479038808924,83.748502940861,562.3456241561222,-149.92357705174337,59.81042303371061,0.6699450396863744,580.0780605443397,647.0624247675078,0.3570070461917011,0.0,0.6429929538082988,18.0,571.950794648457,760.4965141148622,0.8915825657352354,1.997203892182083,0.2367118431374419,141.0,1.3222192947339193,0.4615814785818141,0.3449278604182977,0.3104883635390128,12164.513760977496,76325.64910227977,46.69395907654052,-287.5128766537728,-666.8836182255668,-157.0091033328054,-174.40767936217864,73.62468725765297,-381.7655490712205,50.61202805929821,0.0,0.6475560590686914,831.8787113047301,648.0659215563628,0.0,0.1240241567241125,0.8759758432758875,12.0,678.1871630012239,1283.380333203433,0.8132647743482886,83.0,0.4376196788923258,0.9368095448519664,9227.268733279709,508.6446910657006,0.0
211796_7385-X18532-Y16902_reg,66.43810080239655,262.7138413987277,-17.674893010441906,483.55222154925264,440.3715288165836,-135.76352200656063,265.7800359212104,0.4110480986633233,475.399651388806,571.3905243857944,0.7066048034934498,0.0,0.2933951965065502,15.0,518.216099985326,761.4551306791788,0.8799320808341659,1.979394104803493,0.1787051046644382,116.0,1.230448921378274,0.4467794759825327,0.3296943231441048,0.2610255120798312,9974.806911190686,62025.54813778535,7.486495081136127,-650.9384770559495,-549.0890658736857,-153.6244530505449,-111.17708722662596,-400.61345188560847,-218.2556718032595,56.49659324983841,0.0,0.6662800416312875,810.8414641421123,736.2320068047325,0.0,0.3345688164072152,0.6654311835927847,10.0,803.96899979715,996.9527600695228,0.8510545937604187,63.0,0.283419817148505,0.9723251791450456,5505.424214039552,456.3096292940127,0.0
211796_7534-X18739-Y16699_reg,25.719254915003148,291.42553764870297,255.94815491440707,325.42227807846143,496.1090732838204,-242.40690734122268,-84.72032921479118,0.5048255749665739,458.8710046041497,597.8798108749423,0.22001982160555,0.0,0.77998017839445,14.0,492.47502923194014,686.7948030645733,0.879921028106261,2.0,0.2504278443188023,118.0,1.2787536009528289,0.4764264476851196,0.3012884043607532,0.3166724882648706,9596.203004571498,60294.72172303618,205.666389409168,-301.86155074711087,-430.17896192727056,-179.44369799724052,-179.26127864971366,-394.1884651593736,14.94735081193813,42.60336797330214,0.0,0.6758648655978279,591.9256231729041,1075.8076700402817,0.0,0.2599902136682434,0.7400097863317566,16.0,804.0640838947772,1459.019524989492,0.7951063609089335,53.0,0.3188713097374001,0.7801337465340075,8387.808347968601,503.76537814075976,0.0
220307_6913-X8802-Y21284_reg,102.96773872204405,208.32179864441605,71.32447281968335,-150.2407388592171,-0.8924279306647892,-211.6925571857759,24.1438305415736,0.4594143946809685,441.55409775484486,810.482667281025,0.028169014084507,0.0,0.971830985915493,11.0,555.6929555599926,672.877847641165,0.8853073233608804,2.0,0.0746856740666657,95.0,0.6989700043360189,0.3176650263023927,0.4892245036483964,0.2470846306033388,8023.700981858677,50414.40011841717,28.622241131821283,2.603503530776834,114.9159219802953,-294.4335228649948,89.6108084822145,333.9352370476615,-14.862247485952784,16.97135960121021,0.0,0.62663951708494,985.645593218972,975.4396732657216,0.0,0.0684070008899436,0.9315929991100564,13.0,678.3492847072655,1452.1321991140144,0.8223226784691479,119.0,0.3524176802135864,0.4415307030554731,22987.888585629946,550.0145106626694,0.0
220307_7080-X19635-Y21599_reg,133.037031237458,356.3706832012849,-386.4166158640557,-4.627263148115056,-128.45597653499556,-165.38973731156193,-59.49579099275714,0.4633950702184108,306.12354524580405,483.7421606988637,0.0764023210831721,0.0,0.923597678916828,18.0,462.9529307435051,620.4327004429904,0.834356907187255,2.0,0.2469876460817041,63.0,0.8450980400142568,0.2759509993552547,0.1279819471308833,0.2917212400995397,4187.531384241096,26311.035666817075,108.20005325260172,164.1254775712664,-636.6543220151622,57.7679468496613,147.95575412329134,-229.9371564860012,172.57609375031447,9.453851119509462,0.0,0.6116527221685192,726.2483371686849,541.9599463639365,0.0,0.051153091265947,0.948846908734053,12.0,587.2115152204028,1226.409274415544,0.6978408563544826,101.0,0.2409224730127576,0.2228900883218842,11049.458750169148,851.7206802213939,0.0
220307_7098-X6694-Y19987_reg,8.87992887734049,378.4373996228842,-384.8351749782662,-4.582133622236056,-127.98000346816596,-141.48008105145638,-60.35546195601234,0.3200749823900127,209.4549914617876,496.0095705387812,0.0,0.0,1.0,19.0,446.10000071686096,534.536174037016,0.8455219677660777,2.0,0.25613878472619,65.0,0.9030899869919436,0.3964539007092198,0.1734042553191489,0.2915912238366686,3802.975177009714,23894.79775575621,64.56082704737287,467.1264110734992,-443.51461121584896,-24.61017281671984,60.58830657290972,-517.1522391479443,210.6694929877421,13.81342027361283,0.0,0.8599137773094511,679.706408310112,693.2349013255516,0.0207501995211492,0.0579941473796222,0.9212556530992284,18.0,587.2584610443623,1024.842988063167,0.7800936578541362,153.0,0.2919842312746386,0.1659658344283837,10258.79573244916,836.6827240431813,0.0
220307_7116-X8416-Y21177_reg,73.46841600581502,328.955401848003,266.40505489217327,-82.70295280773449,-37.75646131600035,-115.0481215342075,-127.17063399649882,0.5233874837286517,376.27525587665696,646.2389001568954,0.0434860415175375,0.0,0.9565139584824623,13.0,514.2473568857691,617.7335519967762,0.8772745466815203,2.0000000000000004,0.1535767044098489,88.0,0.9542425094393248,0.3840372226198998,0.5110952040085899,0.3057246987583811,7602.422271907157,47767.42791782186,54.24340256054256,-43.01709115398444,419.6638097780647,-366.81862333292895,-75.90701154905793,256.8779036389076,-31.0933524069693,19.917996317249933,0.0,0.7234179110043115,926.081871214893,952.4131329908942,0.0,0.1157646283895048,0.8842353716104951,12.0,690.4385567538035,1394.4015500260564,0.765513670517221,105.0,0.4146448567350972,0.388132616093973,24844.52720071204,517.6481898718287,0.0
220307_7229-X18109-Y21959_reg,29.56466095650967,257.03571243107217,-411.5316635214279,-8.704113554528135,-136.636881560621,-144.88499346875048,0.5119851709887292,0.3151374744360358,241.2080613356597,451.72374394914186,0.0020986358866736,0.0,0.9979013641133264,15.0,384.15997237218704,514.4379600665196,0.8400107378807578,2.0,0.199265090945084,58.0,0.7781512503836436,0.4630989856593214,0.254284714935292,0.2681530875282727,3862.74433042618,24270.33842232498,115.70516104884337,71.06011229787691,-574.9519216141304,27.29608051166028,286.29700202597,-606.2794735663322,129.98937908374535,7.7787652716780755,0.0,0.7031482717216906,537.2818299098617,617.4155968422383,0.0,0.0849096258932324,0.9150903741067676,11.0,551.9124504182753,805.0361653060112,0.7624277449033778,89.0,0.4691046658259773,0.3465741908364859,6461.5757165139285,773.3725681976051,0.0
220307_7390-X9129-Y21344_reg,7.560101277853391,98.79570723568575,205.51068329031483,452.0890702147016,-13.239483603825253,-169.05550243244272,41.79490472163765,0.541449272764893,395.8117488161061,726.5341522693107,0.0603624901497241,0.0,0.9396375098502758,10.0,452.4713062902431,586.8112318760825,0.8674631892790127,2.0,0.1106272007934664,104.0,1.0791812460476249,0.2973995271867612,0.6081954294720252,0.331159820453369,8627.981581907912,54211.20710605994,26.353856676047144,-267.8530439368069,460.82414581015,4.856459212099868,-575.0791196357528,120.67689906132524,425.9927458951402,17.235933885970525,0.0,0.9043543859488684,929.5494941961788,1046.2670889056435,0.0,0.1076276337115073,0.8923723662884927,15.0,812.466838183495,1439.788026450772,0.7865430337370581,161.0,0.4501114262560778,0.5530794165316045,26870.19566495628,461.20841898287296,0.0
220307_7919-X20996-Y20456_reg,15.002863109916689,361.9579376965057,-394.45324721486105,0.0123380894740255,-128.6584756818765,-142.3332182046535,-53.09730686151662,0.3080018117222139,208.90966400378147,541.196844617617,0.0459201695513952,0.0,0.9540798304486048,17.0,466.80967688448806,552.5937177102014,0.8651601551459666,2.000000000000001,0.2984829101182267,66.0,1.0,0.2182974214058636,0.2228894383610031,0.335098085925923,3825.4852675747375,24036.23282605762,137.55476408345294,117.85704726369931,-526.2180497576242,-23.20603815688067,112.50011912270848,-547.5834492257743,74.72127196602182,8.63633750623257,0.0,0.7474169689818109,539.265908362192,666.2890915234375,0.0,0.0660649819494584,0.9339350180505416,9.0,545.9751230209562,836.9664150717797,0.7973817401484414,95.0,0.4632718239886444,0.2711142654364797,7633.669403215854,819.2416920659327,0.0
220307_8198-X20188-Y20372_reg,27.79323880571724,471.46460048325207,-415.5680389871012,-24.661388574781327,-143.73746450818055,-120.67771865193268,40.464605732876805,0.3915643489914941,244.82160558191688,619.206074792628,0.0292261707074061,0.0,0.9707738292925938,14.0,566.5921670904734,607.4221671364054,0.8391604889650424,2.0,0.1984150934230735,58.0,0.8450980400142568,0.4483560278977084,0.2544005313849219,0.2499408714892495,4065.2411647390218,25542.66355642993,254.36231977628225,167.45868767371667,-409.5383865973768,-68.74906686217626,101.4100949171232,-564.9919803120509,159.15892428650918,14.925983692071576,0.0,0.8528348327273078,531.0207829390979,695.8270938757987,0.0,0.0618501732871234,0.9381498267128766,12.0,547.0189924219441,1247.07148943967,0.7452203886928858,103.0,0.3333777659290856,0.1728872300719808,10124.175880416542,783.8156588344433,0.0
220308_6054-X20031-Y16355_reg,124.92005634031337,537.1947919438626,-405.5762673854271,-39.2664775407377,-127.60304090904296,-124.67685030822516,36.22633331267007,0.2845910654617067,390.424197031579,730.6121723178167,0.0870069605568445,0.0,0.9129930394431556,15.0,708.4913264881935,811.4702111153242,0.8342098426419555,2.0000000000000004,0.1895382087968836,65.0,0.4771212547196624,0.2726218097447795,0.2215777262180974,0.2680473111650455,4634.055655321914,29116.630406171167,196.78374764175123,173.96656944118786,-546.7252527006835,-78.50011968075198,136.75997317871904,-627.7482423345434,-122.58000293643046,18.272043303968967,0.0,0.623034439132209,511.0282467519089,682.3684400192678,0.0,0.1640106241699867,0.8359893758300133,5.0,553.1933359570897,1068.304858315445,0.6421784328661501,15.0,0.3642098273572377,0.3330013280212483,4057.359698395217,763.5134187049495,0.0
220308_6492-X9152-Y16947_reg,54.53851686800499,408.5051116392952,-394.1422542421512,17.532448455588586,-127.70874722822673,-120.50087847592376,-8.628868915744489,0.5597019777421217,232.95417014379564,516.5318280271113,0.1005405405405405,0.0,0.8994594594594595,11.0,470.7524312300478,550.0877553667646,0.8503944988999262,2.0,0.228431245478792,58.0,0.8450980400142568,0.4659459459459459,0.1708108108108108,0.2694352018289284,3745.7817704475688,23535.440983977274,169.61991742206646,138.02171752688264,-606.9105537280832,39.09962556044093,328.9919278739583,-612.0782471796042,66.97244928644626,21.126298883152813,0.0,0.5412946332287009,536.6499548355687,577.4722921482698,0.0,0.1118601747815231,0.8881398252184769,11.0,528.6670994794601,804.611614457862,0.7505470200142355,69.0,0.4759051186017478,0.2581772784019975,5392.7428912052255,820.8317555426136,0.0
220308_6541-X9681-Y17291_reg,3.0244143636591616,508.3520299204838,-234.93117555001345,-177.02885206989876,-114.0829669789558,-117.65016004123396,115.41997025000556,0.2702092416006272,248.1557124874544,729.4541228870157,0.0634970284641851,0.0,0.9365029715358149,9.0,635.1268893969141,713.9284519315961,0.8805901475033057,2.0,0.1377556459329821,53.0,0.6020599913279624,0.4485455114169534,0.4294651235533313,0.2964198694226189,4329.683970939041,27204.20671093524,43.65094558911642,133.051903422368,1017.5519910477618,-577.4811890102852,884.0457592107005,700.7861285024858,-31.89517923393216,37.597931487088665,0.0,0.6945496992210614,1125.9426847627592,1068.9483648104606,0.0,0.0762388318180029,0.923761168181997,14.0,708.4924540740386,2272.904124531375,0.7236653156446903,177.0,0.4147672303703417,0.2373360164080337,35051.96175679666,623.6906337244928,0.0
220308_6638-X10400-Y17315_reg,99.19448265621122,369.21165709011257,-274.4917805392274,-216.6483279582692,-168.03366919170557,-181.92049806223653,77.04963148153239,0.4081064856864771,372.17473041515495,955.9517331884944,0.0333333333333333,0.0,0.9666666666666668,11.0,695.7682378479204,829.0504944462766,0.8833204164819117,2.0,0.123284496449573,70.0,0.6989700043360189,0.3063314711359404,0.5148975791433892,0.3138877304569929,7289.728346667756,45802.71404111354,30.16218810336977,269.970099827724,-329.5326143565593,159.04609787143005,393.84533556401874,-5.606946100740336,157.20427265378862,13.118294448134428,0.0,0.6080487344935225,1000.4076453990384,1009.6437379038724,0.0,0.0187211281303185,0.9812788718696815,12.0,765.7661203284762,1627.8525279574894,0.8118470122315878,93.0,0.4418510414134046,0.4828592268417214,16729.07256519597,668.5069672517237,0.0
220308_6660-X23024-Y15563_reg,62.04269275822696,304.5149546236871,530.2782274915143,-424.8489259001332,132.4110567752122,-430.3019205009822,-19.442673614474792,0.4938379092249551,508.9482362709422,731.915910207973,0.0001122082585278,0.0,0.999887791741472,15.0,599.6852785878615,749.1461386669004,0.854884627447709,2.0000000000000004,0.1569128702386598,151.0,1.1760912590556811,0.4487208258527828,0.4092235188509874,0.3053009631506249,12050.160177407395,75713.38937584693,9.18311190485781,-18.519182093843483,-330.1495759819982,-91.64034866742188,73.54912604857894,430.4504600365629,92.79753397154096,20.118467014806384,0.0,0.5880183322266045,1009.0120117004424,1015.4439901270362,0.0,0.1487709428885899,0.8512290571114101,12.0,700.844193725809,1595.081175086725,0.795688728240516,115.0,0.4094964556343192,0.560254216572965,22071.73804840604,569.1730451148514,0.0
220308_6702-X23195-Y15415_reg,28.449426975541314,391.2934443335089,46.02117233619295,-357.3091837355464,20.6936089536182,-246.09087205225185,131.43556904169185,0.3380527095806293,355.59159440498195,660.0113598806474,0.002923442353371,0.0,0.997076557646629,16.0,561.1050727501932,741.6999771851329,0.8823826007051144,2.0,0.2083384197002895,110.0,1.0791812460476249,0.4562397222729764,0.4120226566782386,0.347665215328739,7383.960381152296,46394.79137565228,10.203661296151324,6.770539782316519,-75.67617116635046,-279.1811827873352,124.71054863421544,588.4648385045721,-35.71950302920005,18.14425908742448,0.0,0.6429411125668191,952.9999385097688,1027.3884746368576,0.0,0.1706266860344469,0.829373313965553,11.0,690.8773747009916,1262.0033591657143,0.7897719532013939,139.0,0.4706370616310438,0.4692882340734592,26077.571625106342,583.3606679309823,0.0
220308_6723-X23664-Y14930_reg,19.4901030421247,331.28465015969505,-119.79661738958964,-418.4152136334332,-43.29238707379009,-282.89152256174333,173.44862539880435,0.4573177050356199,393.9812765786714,769.7420038513583,0.0,0.0,1.0,13.0,611.8389547863073,783.4985234190939,0.8695097785133937,2.0000000000000004,0.2028723979700768,93.0,1.0,0.4065822784810126,0.4486075949367089,0.3319208779551639,7975.880640229156,50113.93605050608,36.56721036284716,100.62215982451744,-395.5050676473124,-15.6516772614527,147.42353747475846,389.57519160379,83.29059923494067,10.762935659473992,0.0,0.8512959981432836,998.5303761344172,1039.6932282347716,0.009740932642487,0.0803454231433506,0.9099136442141624,13.0,715.7377384140093,1369.8408077419026,0.771740480758233,121.0,0.4664594127806563,0.4824179620034542,19552.87577678778,622.127434448434,0.0
220308_6761-X10353-Y16971_reg,32.4754065943398,169.6543101121133,-510.2539572111265,-92.76890115458686,-197.31661681799952,-187.34636201992373,-221.8071786846237,0.5910651954399678,377.1777712561488,370.0651462068672,0.0,0.0654716981132075,0.9345283018867924,13.0,518.9507436516637,678.4974468106894,0.8336376560877676,2.000000000000001,0.2134444599232322,71.0,0.8450980400142568,0.4990566037735848,0.3437735849056604,0.2690037901943632,7185.312726494205,45146.65135059911,39.439471945440346,882.986908865536,1207.6853070780196,2700.8629674010635,98.78150400576662,-224.9553813022009,-566.059571804325,106.87662085665876,0.0,0.4588724585333343,1004.3696839131252,994.8021402875784,0.6513737783514659,0.0,0.348626221648534,12.0,1038.93238441191,2985.3314062537124,0.7499042691928124,133.0,0.4712520744975106,0.0391665130001844,36824.29153565688,952.0903128356498,0.0
220308_7065-X21542-Y16233_reg,2.4075738118835943,532.1413703313738,-274.356538429914,-263.8079738189388,-66.4703953491069,-169.8696606461619,129.53747146945705,0.2174914694386662,308.62974769556695,792.9552170447505,0.032320980774589,0.0,0.967679019225411,11.0,674.9447335108273,789.7578706568546,0.867305262908435,2.0000000000000004,0.1523529106101147,60.0,0.6989700043360189,0.4733909166898857,0.4059626636946224,0.3095167180522607,4852.5584974319545,30489.52425329398,19.32087634265463,272.2906783497183,65.99476037994125,-211.5604090924821,555.0544274971347,315.37874125522404,169.20553666800552,26.815041555853348,0.0,0.6131417243672023,973.6730537344656,1003.0389381403083,0.0,0.1186041163619639,0.8813958836380361,14.0,754.4725416810767,1735.6601993912875,0.7876083960910963,125.0,0.4663218390804597,0.3635632183908046,23554.19889185125,647.435974416863,0.0
220308_7099-X22371-Y15536_reg,35.331522115913685,646.3838066299754,-421.3353696146769,-40.02769893154893,-102.3288955736176,-121.02932808907777,-100.12620459379264,0.1562735554398866,208.9834776923817,810.6374052984779,0.1549479166666666,0.0,0.8450520833333334,19.0,738.787199937844,852.3912818560575,0.8546544554398605,2.0,0.143066550929824,72.0,0.6020599913279624,0.3525390625,0.2473958333333333,0.2340603888939988,4132.926170221578,25967.940988394294,251.4411344757782,142.5300090389915,-521.8780792513763,22.89828068769567,107.0936653147561,-477.56136721711806,227.0247908297728,13.919332720943656,0.0,0.6620348166307388,742.7715527632618,683.3753091614894,0.0,0.0681042718711614,0.9318957281288386,11.0,536.6009946162123,1934.6191169066587,0.6929685583608053,49.0,0.4789136072062235,0.2670943087211683,9907.197642061505,831.7394477914412,0.0
220308_7209-X6269-Y16507_reg,33.51950980001584,188.6545279454053,-368.92030751329753,-12.049494392511145,-98.72313800915803,140.29342030780953,-23.999381474117865,0.5307192002290413,314.9030643685119,404.1490948062888,0.1555936562366052,0.0,0.8444063437633947,8.0,355.5327660441442,429.1584158416198,0.8580594303471132,2.0,0.1460005269366587,41.0,0.6020599913279624,0.4479211315902272,0.4766395199314188,0.260398296424273,3154.683141472233,19821.4587633055,152.49125297509545,-477.8065300677709,373.35959810910526,-615.3542309623851,508.2349760298793,-138.2408569649829,-178.75530200429543,23.47033379389017,0.0,0.5904430551060453,816.220956191627,972.8105223765468,0.0,0.2895489002112588,0.7104510997887411,12.0,864.2927600457999,1328.238049257638,0.7594943727985718,137.0,0.3993413694544551,0.5306946688206785,21811.16527587199,340.20509034472315,0.0
220308_7210-X22027-Y15603_reg,2.751952374604116,729.5665011021235,-396.5893398404561,-71.72107380281086,-101.66314660814152,-97.70081948030388,-133.02371500467632,0.2133116483697748,188.8522504583607,844.1332070540846,0.1490593342981186,0.0,0.8509406657018813,15.0,791.6562439632496,896.7530973831016,0.8309720503580394,2.0,0.2139117399045802,51.0,0.6020599913279624,0.4833574529667149,0.2051374819102749,0.2923862865851065,3719.3381841804608,23369.291031274694,145.82986872306537,298.4926936525794,-533.7861147627073,22.73849105204282,178.26864666132713,-557.4139963617408,99.98936367979114,13.091204367065426,0.0,0.7845496537514636,752.4109521456976,649.1651859842918,0.0,0.0774938169826875,0.9225061830173124,10.0,529.0779421172269,1096.5607176162675,0.7208425984566987,57.0,0.4992580379225062,0.2276999175597691,8190.477411376391,878.1324635358578,0.0
220308_7775-X8240-Y16877_reg,10.49215707671192,394.9917866349229,-261.38505872108016,147.62111828691798,-26.430440515291043,-39.807023828450106,-56.50338868695733,0.2664066550038119,259.6744094749856,604.3804692845874,0.034976822587442,0.0,0.965023177412558,9.0,504.92187625490254,617.5459544062278,0.8212818409727575,2.0,0.1436217972544497,37.0,0.4771212547196624,0.4121365360303413,0.337968815844922,0.2386175489794858,3186.316449374175,20020.2166987324,58.181425775581374,-112.29025983826024,1795.7170664795035,-1185.4486638195126,1067.4227874040505,757.071140692377,-230.1200144155847,26.2108583962486,0.0,0.8787487679988893,984.8714046043916,1045.5158055638835,0.0,0.1156098045053091,0.8843901954946909,15.0,733.8376034497269,1770.52244534579,0.7077660279443416,215.0,0.4806986206212166,0.222916873408091,40800.1774239967,472.64328895151897,0.0
220308_7820-X21073-Y15878_reg,57.44023829700018,605.9595219226014,-389.4921658374363,-81.70945213272597,-99.52336281868033,-120.56857291472988,-111.06013624614646,0.1812627213061047,266.296900950214,806.1718687324667,0.1357238605898123,0.0,0.8642761394101877,17.0,711.5879549352976,787.7685282769536,0.8425577589811161,2.0,0.2226332273527181,58.0,0.6989700043360189,0.2503351206434316,0.2345844504021447,0.30057504185752,4012.944627185927,25214.07472005982,127.8819237331636,103.10877635197312,-499.0082907337274,-36.62197753573052,70.55665988747367,-353.9676521381852,227.0193708343893,17.504817215297166,0.0,0.8847328469518104,773.5199312540017,769.5685209799699,0.0,0.049942726231386,0.950057273768614,10.0,567.6091234178779,1149.3260830602776,0.7210463147888629,85.0,0.2540664375715922,0.1891179839633447,11801.106505304157,792.6027448501147,0.0
220308_7875-X22200-Y14877_reg,58.50473288287503,502.155849434952,-416.4207539078348,-49.710782163858845,-138.0989310158771,-126.26973374737749,-60.30099928813232,0.2677630305158368,229.9430481764321,648.7970315369294,0.069681742043551,0.0,0.930318257956449,19.0,594.3503201353556,672.7184506509146,0.8525413718693793,2.0000000000000004,0.2474373892481673,61.0,0.8450980400142568,0.3631490787269681,0.1554438860971524,0.2685930635555448,4015.6943406129913,25231.351679063773,163.0664292039246,232.34258477631732,-575.5782438727571,10.077443008689851,237.17516547923532,-528.2933819073946,61.07789525852676,8.660933940076173,0.0,0.7227234446622771,756.570338225215,709.4081748774552,0.0,0.0722913616398243,0.9277086383601756,11.0,521.2747935664177,1046.318280740925,0.774158853863733,67.0,0.3962401898156598,0.1562328892133601,7402.670994635497,852.9536872085395,0.0
220308_8021-X22273-Y14515_reg,16.803938589318932,411.7771635108393,-367.9231154447282,20.665266554971804,-99.83673318185876,-126.55891444191585,-150.20575906333687,0.3264887704728316,234.39257626710423,561.8104158173237,0.0393700787401574,0.0,0.9606299212598424,14.0,506.0368407171553,629.196998658688,0.8563938741598733,2.0,0.3017588836461473,58.0,0.9542425094393248,0.3763779527559055,0.1818897637795275,0.3603682360882477,3414.893611081567,21456.40936272916,17.10768929358528,166.46255001629743,-569.915036695638,-15.525405890552296,57.821222568494754,-370.12743894157234,77.35655793001888,15.150435820694351,0.0,0.8708759167833685,621.3138711704487,840.4103500416395,0.0,0.0559376432828977,0.9440623567171024,10.0,554.0615474520856,1046.0642556278635,0.7841638317509381,95.0,0.4598655029331807,0.1827156960938618,9438.694265152892,896.1013554603601,0.0
220309_5824-X3486-Y10261_reg,64.64205047679934,472.6578937342183,93.7247598469403,-409.3907101247336,-114.50602096770234,-350.23152200089294,263.7196951318787,0.4596780494441803,472.36158904065815,808.6256615616876,0.0068911511354737,0.0,0.9931088488645262,13.0,653.3089078552356,713.4288389637759,0.8608974784818877,2.0,0.1103197035615437,83.0,0.6020599913279624,0.4848864526233359,0.4012529365700861,0.1837723133402491,8740.931058284952,54920.88959648586,8.550028032803311,-174.19632331462708,-1314.268893304218,138.97902709824322,-449.4968103593199,3221.117627036592,345.96713964720544,17.748362328263095,0.0,0.8010145552750136,973.0705529587722,1418.1465257332457,0.0,0.134820418130919,0.865179581869081,15.0,883.5454162339677,2175.4017185420626,0.6526405151000148,207.0,0.4721719792438844,0.594069681245367,45817.01242508299,606.5515441274185,0.0
220309_6744-X9496-Y18547_reg,4.738112129618457,180.32859732206447,-300.1921729739266,-66.22323968516162,-88.17503615588356,491.668499121177,-146.14880036273888,0.5585897729371636,314.44066516364,383.56706682523327,0.0185032894736842,0.0,0.9814967105263158,8.0,321.9646729704985,442.83170961437406,0.8730717054587765,2.0,0.1927620644022845,105.0,1.1139433523068367,0.4346217105263157,0.2263569078947368,0.2853925903281231,6581.367984642327,41351.95462224671,136.5766449084722,-445.168794535527,543.2104527485563,-333.0136162756372,35.14150457211608,-147.58567025545392,43.18897966947532,37.08165722548879,0.0,0.5952362088705907,698.1383437256927,987.986986634588,0.0,0.5,0.5,17.0,871.7199979276271,1435.4420128682414,0.7750266965785567,119.0,0.4847865576748411,0.68358310626703,23867.02820067782,273.80244368619867,0.0
220315_6442-X7542-Y17434_reg,80.93269205286924,233.84823953951263,-323.8452954193373,230.6312018876749,-17.303108797807777,14.22513064922286,245.996985964292,0.4931452561901692,350.3347763034435,486.709081326168,0.0566480774875256,0.0,0.9433519225124744,9.0,412.0562332218751,485.7145161861977,0.8953924787524263,1.987085412386264,0.0798518789116136,69.0,0.6989700043360189,0.4831229820956853,0.5142353977105958,0.2822345299872399,4629.399023146527,28909.49019227952,15.357311468197622,-335.906314543563,179.3399362225973,-498.61508240854346,-208.36159302031743,-401.942657892241,141.293075786194,19.319107940670253,0.0,0.7356650570993687,1045.9996392840776,1005.0263807222836,0.0,0.2524689031285337,0.7475310968714662,10.0,807.6677578188021,1247.1839507832372,0.8000547107134024,99.0,0.4328684508104033,0.6165096117602714,18303.95632252575,404.8216556599425,0.0
221686_5481-X4093-Y13144_reg,12.505610670856186,-62.943678513344366,-397.1591435728021,-305.7890429583488,-244.80212938327884,-357.991843279848,35.67112198316235,0.5396419756457999,414.9939782667734,653.1504281993061,0.0,0.0049050632911392,0.9950949367088608,12.0,471.7286825803581,580.2931672136434,0.8684277282347611,1.2435341772151898,0.0037444077653675,101.0,0.4771212547196624,0.4425632911392405,0.5778481012658228,0.1798759900042927,8680.496888283618,33946.14653183055,66.64898588843243,-28.488620352943144,-1257.6064689320349,552.6309044096843,717.1053850692663,1423.9934203843377,809.2469977859682,5.328448275862068,0.0,0.8191464149951714,987.750525552192,640.7812585047313,0.0049323439546049,0.0,0.995067656045395,12.0,595.7521380857751,1242.4888946687197,0.7737712140723884,131.0,0.4766477520733304,0.4659973810563073,31648.02961132822,713.5288398205481,0.0
