specimen_id,region,pred_prob,ll_null,ll_fit
182709_7126-X2913-Y10535_reg,ipsi_VISam,0.016788014176018863,-0.059898141605119457,-0.016930530178110588
182724_6690-X3748-Y10610_reg,ipsi_VISam,0.42889618806067165,-0.059898141605119457,-0.5601842786018003
182724_7371-X5043-Y7827_reg,ipsi_VISam,0.009590636759835465,-0.059898141605119457,-0.009636923097943588
182724_8100-X5413-Y22190_reg,ipsi_VISam,0.0014124015075730276,-0.059898141605119457,-0.0014133998867679276
182724_8150-X4450-Y19864_reg,ipsi_VISam,8.537448520350554e-4,-0.059898141605119457,-8.541094997300655e-4
182725_7649-X3440-Y17884_reg,ipsi_VISam,0.008497310881909406,-0.059898141605119457,-0.008533618854415566
182725_7657-X3644-Y17105_reg,ipsi_VISam,0.004410409226377515,-0.059898141605119457,-0.004420163772743183
18469_6185-X6027-Y36689_reg,ipsi_VISam,0.2881201357674464,-3.0680529176948523,-1.2443777477426825
18469_6590-X7059-Y41111_reg,ipsi_VISam,0.06278466061995774,-0.059898141605119457,-0.06484220523954225
18469_6673-X5500-Y35752_reg,ipsi_VISam,0.05145257301250847,-0.059898141605119457,-0.052823488761726406
18469_6680-X6305-Y38542_reg,ipsi_VISam,0.03473164183616491,-0.059898141605119457,-0.03534912494189948
18469_6767-X5786-Y37391_reg,ipsi_VISam,0.031578471941144895,-0.059898141605119457,-0.03208782362128156
18469_6907-X5348-Y34515_reg,ipsi_VISam,0.007429370903781468,-0.059898141605119457,-0.007457106135396111
18469_7024-X5427-Y35160_reg,ipsi_VISam,0.004388901424941794,-0.059898141605119457,-0.004398560926227899
18469_7048-X7499-Y17640_reg,ipsi_VISam,0.0065077172844542576,-0.059898141605119457,-0.006528984795426486
18469_7279-X7753-Y17170_reg,ipsi_VISam,0.002496230795491055,-0.059898141605119457,-0.0024993515741208784
18868_6405-X11428-Y4397_reg,ipsi_VISam,0.3851792550557964,-3.0680529176948523,-0.9540464555037352
191807_6504-X3953-Y21204_reg,ipsi_VISam,0.5474857533435346,-3.0680529176948523,-0.6024188389203886
191807_6735-X4456-Y21792_reg,ipsi_VISam,0.2662438457176073,-0.059898141605119457,-0.30957852043733203
191807_6822-X4235-Y21316_reg,ipsi_VISam,0.22633500130000184,-0.059898141605119457,-0.2566163173023067
191807_7110-X4076-Y20205_reg,ipsi_VISam,0.11130089677137187,-0.059898141605119457,-0.11799656732044
191807_7249-X4135-Y19813_reg,ipsi_VISam,0.06266457832350182,-0.059898141605119457,-0.06471408676004846
191807_7281-X4351-Y20216_reg,ipsi_VISam,0.041413599765816086,-0.059898141605119457,-0.04229557946950794
191807_7289-X4771-Y9549_reg,ipsi_VISam,0.04200243340301735,-0.059898141605119457,-0.04291004110115947
191807_7405-X4847-Y21105_reg,ipsi_VISam,0.013385049110245953,-0.059898141605119457,-0.013475436344598664
191807_7439-X5230-Y8737_reg,ipsi_VISam,0.01401306692411804,-0.059898141605119457,-0.014112176925853844
191807_7500-X4057-Y19214_reg,ipsi_VISam,0.021107101742678862,-0.059898141605119457,-0.02133304156043623
191807_7529-X5296-Y9002_reg,ipsi_VISam,0.008617531334273574,-0.059898141605119457,-0.008654876963630343
191807_7712-X5701-Y8560_reg,ipsi_VISam,0.0034413765498033312,-0.059898141605119457,-0.0034473117067342655
191807_7779-X4433-Y18625_reg,ipsi_VISam,0.00361871497784264,-0.059898141605119457,-0.0036252783656921207
191807_7954-X5660-Y20932_reg,ipsi_VISam,3.522140581408652e-4,-0.059898141605119457,-3.52276100080731e-4
191807_7985-X5473-Y10063_reg,ipsi_VISam,9.18224571178091e-4,-0.059898141605119457,-9.186463976003221e-4
194069_7189-X5459-Y8724_reg,ipsi_VISam,0.03490517445208345,-0.059898141605119457,-0.03552891765432807
194069_7216-X3715-Y22464_reg,ipsi_VISam,0.08606944499074629,-0.059898141605119457,-0.09000068961668228
194069_7313-X3495-Y20668_reg,ipsi_VISam,0.08164932011286703,-0.059898141605119457,-0.08517595707233824
194069_7382-X3692-Y22255_reg,ipsi_VISam,0.04073116277699698,-0.059898141605119457,-0.04158391259883556
194069_7408-X5410-Y9170_reg,ipsi_VISam,0.013441766847327334,-0.059898141605119457,-0.01353292520321046
194069_7541-X6312-Y7823_reg,ipsi_VISam,0.003945556057943848,-0.059898141605119457,-0.003953360299058068
194069_7890-X3746-Y21746_reg,ipsi_VISam,0.0038463155177341354,-0.059898141605119457,-0.0038537316117980775
194069_7949-X5085-Y10196_reg,ipsi_VISam,8.448833485362443e-4,-0.059898141605119457,-8.452404636338257e-4
194069_8027-X4187-Y22761_reg,ipsi_VISam,0.0016086073393345947,-0.059898141605119457,-0.001609902537283596
194069_8063-X5880-Y9133_reg,ipsi_VISam,2.958057736196848e-4,-0.059898141605119457,-2.9584953277719106e-4
194069_8220-X4330-Y22689_reg,ipsi_VISam,5.765540706694481e-4,-0.059898141605119457,-5.767203418803137e-4
194069_8231-X4410-Y22897_reg,ipsi_VISam,5.555308482535778e-4,-0.059898141605119457,-5.556852126873472e-4
211541_7083-X17997-Y16517_reg,ipsi_VISam,0.056741795658945014,-0.059898141605119457,-0.058415222225843645
211541_7381-X7249-Y16155_reg,ipsi_VISam,0.0021116091828714146,-0.059898141605119457,-0.002113841773000933
211550_6674-X20158-Y16621_reg,ipsi_VISam,0.44752497971868066,-0.059898141605119457,-0.5933470587728377
211550_6721-X20655-Y16337_reg,ipsi_VISam,0.17630915100773523,-3.0680529176948523,-1.7355162850391868
182709_6204-X2976-Y9977_reg,ipsi_VISam,0.47230088141639703,-3.0680529176948523,-0.7501390358603439
182709_7144-X3121-Y9346_reg,ipsi_VISam,0.012481455819859533,-0.05989814160511934,-0.012560003466583779
182709_7463-X3586-Y20695_reg,ipsi_VISam,0.007608591526479351,-0.05989814160511934,-0.007637684524093412
182709_7886-X5075-Y22541_2_reg,ipsi_VISam,4.675416401087002e-4,-0.05989814160511934,-4.676509717806672e-4
182709_7918-X5201-Y22656_reg,ipsi_VISam,3.8707435268051554e-4,-0.05989814160511934,-3.871492852946873e-4
182724_7822-X5447-Y22786_reg,ipsi_VISam,0.007016744630694534,-0.05989814160511934,-0.0070414777485211
182724_7871-X4578-Y21040_reg,ipsi_VISam,0.006342800638305598,-0.05989814160511934,-0.006363001664298548
182724_8155-X4575-Y20238_reg,ipsi_VISam,7.751211146274426e-4,-0.05989814160511934,-7.754216763230932e-4
182724_8159-X4833-Y21213_reg,ipsi_VISam,0.0011580074079389107,-0.05989814160511934,-0.0011586784165893544
182724_8257-X5319-Y21978_reg,ipsi_VISam,5.963231824398007e-4,-0.05989814160511934,-5.96501053824877e-4
182724_8281-X5491-Y21925_reg,ipsi_VISam,3.6741402773554464e-4,-0.05989814160511934,-3.674815408067742e-4
182725_6819-X6109-Y7853_reg,ipsi_VISam,0.05497672108913117,-0.05989814160511934,-0.05654571802368546
182725_7482-X7429-Y6760_reg,ipsi_VISam,9.036902226554125e-4,-0.05989814160511934,-9.040987968329292e-4
182725_7714-X7032-Y7882_reg,ipsi_VISam,2.270770927213878e-4,-0.05989814160511934,-2.2710287862809185e-4
182725_7762-X3772-Y19585_reg,ipsi_VISam,0.00594005482997357,-0.05989814160511934,-0.005957767131858787
182725_7988-X4540-Y20706_reg,ipsi_VISam,7.256839203704442e-4,-0.05989814160511934,-7.259473564018038e-4
182725_8028-X4256-Y19926_reg,ipsi_VISam,5.877841108987922e-4,-0.05989814160511934,-5.879569237003467e-4
18469_7066-X6108-Y38587_reg,ipsi_VISam,0.006035503706236908,-0.05989814160511934,-0.006053790977789373
18469_7376-X7022-Y19051_reg,ipsi_VISam,6.850865451916159e-4,-0.05989814160511934,-6.853213242142404e-4
191807_7423-X4013-Y19283_reg,ipsi_VISam,0.03234480875192424,-0.05989814160511934,-0.032879462550832954
191807_7574-X4648-Y20365_reg,ipsi_VISam,0.008391020591993507,-0.05989814160511934,-0.008426423388114153
191807_7786-X4425-Y19023_reg,ipsi_VISam,0.003979382421345319,-0.05989814160511934,-0.003987321231613353
191807_7822-X4840-Y19927_reg,ipsi_VISam,0.0016746176412258252,-0.05989814160511934,-0.0016760213807181085
191807_8102-X5725-Y9586_reg,ipsi_VISam,6.388533481931723e-4,-0.05989814160511934,-6.390575019475549e-4
194069_7406-X4443-Y11111_reg,ipsi_VISam,0.02734735570500737,-0.05989814160511934,-0.02772825509193442
194069_7499-X4635-Y10487_reg,ipsi_VISam,0.016082066873690945,-0.05989814160511934,-0.01621278670236635
194069_7827-X3508-Y20244_reg,ipsi_VISam,0.005034084987586316,-0.05989814160511934,-0.0050467986792346025
194069_7960-X3680-Y21513_reg,ipsi_VISam,0.0029875214912078733,-0.05989814160511934,-0.0029919930416608654
211541_7642-X7572-Y16296_reg,ipsi_VISam,4.979501018980893e-4,-0.05989814160511934,-4.980741202217828e-4
211550_6742-X19175-Y17279_reg,ipsi_VISam,0.47483836239336213,-0.05989814160511934,-0.6440491826206896
211550_7524-X21483-Y15565_reg,ipsi_VISam,0.008410807676361164,-0.05989814160511934,-0.0084463781103909
211550_7555-X20812-Y16162_reg,ipsi_VISam,0.009866416461749329,-0.05989814160511934,-0.00991541208920206
211550_7718-X19461-Y16950_reg,ipsi_VISam,0.00569571925543954,-0.05989814160511934,-0.005712001720693717
211550_7772-X7691-Y18498_reg,ipsi_VISam,0.024827999043796775,-0.05989814160511934,-0.02514141230579083
211550_7942-X7116-Y18251_reg,ipsi_VISam,0.009666122246224406,-0.05989814160511934,-0.009713142453247387
211796_7238-X7037-Y16980_reg,ipsi_VISam,0.029928136092657837,-0.05989814160511934,-0.03038512372656336
211796_7334-X21168-Y15440_reg,ipsi_VISam,0.0059771064581514675,-0.05989814160511934,-0.0059950408585472525
211796_7385-X18532-Y16902_reg,ipsi_VISam,0.01122958262678799,-0.05989814160511934,-0.011293110431339114
211796_7534-X18739-Y16699_reg,ipsi_VISam,0.0042598115096240995,-0.05989814160511934,-0.00426891035544514
182709_7126-X2913-Y10535_reg,ipsi_VISpm,0.07018040475728672,-0.08489944378649825,-0.07276469526207514
182724_6690-X3748-Y10610_reg,ipsi_VISpm,0.4812534485971742,-2.662587827017525,-0.731361227489612
182724_7371-X5043-Y7827_reg,ipsi_VISpm,3.072249440777313e-4,-0.08489944378649812,-3.0727214732914545e-4
182724_8100-X5413-Y22190_reg,ipsi_VISpm,2.522391144892162e-4,-0.08489944378649812,-2.522709321252254e-4
182724_8150-X4450-Y19864_reg,ipsi_VISpm,0.01837360537199574,-0.08489944378649812,-0.018544496554116226
182725_7649-X3440-Y17884_reg,ipsi_VISpm,0.14767060767959522,-0.08489944378649812,-0.15978221616278307
182725_7657-X3644-Y17105_reg,ipsi_VISpm,0.18165752390178647,-2.662587827017525,-1.7056321013995854
18469_6185-X6027-Y36689_reg,ipsi_VISpm,0.47530810303651305,-2.662587827017525,-0.74379204725057535
18469_6590-X7059-Y41111_reg,ipsi_VISpm,0.0016931288027250842,-0.08489944378649812,-0.0016945637652427243
18469_6673-X5500-Y35752_reg,ipsi_VISpm,0.3800754732339879,-0.08489944378649812,-0.47815753937538324
18469_6680-X6305-Y38542_reg,ipsi_VISpm,0.01948009128924415,-0.08489944378649812,-0.019672328900413375
18469_6767-X5786-Y37391_reg,ipsi_VISpm,0.06473786933695155,-0.08489944378649812,-0.06692843533487196
18469_6907-X5348-Y34515_reg,ipsi_VISpm,0.3045088075787548,-2.662587827017525,-1.1890552675255224
18469_7024-X5427-Y35160_reg,ipsi_VISpm,0.20713581238913653,-0.08489944378649812,-0.23210333606148098
18469_7048-X7499-Y17640_reg,ipsi_VISpm,8.5880127466484e-4,-0.08489944378649812,-8.591702557489588e-4
18469_7279-X7753-Y17170_reg,ipsi_VISpm,1.9721260292173608e-4,-0.08489944378649812,-1.97232051884186e-4
18868_6405-X11428-Y4397_reg,ipsi_VISpm,0.44006180402939815,-2.662587827017525,-0.8208400982307549
191807_6504-X3953-Y21204_reg,ipsi_VISpm,0.2601019165175581,-0.08489944378649812,-0.30124282729261076
191807_6735-X4456-Y21792_reg,ipsi_VISpm,0.02665305005445974,-0.08489944378649812,-0.02701468281569821
191807_6822-X4235-Y21316_reg,ipsi_VISpm,0.06458901926320462,-0.08489944378649812,-0.06676929467779613
191807_7110-X4076-Y20205_reg,ipsi_VISpm,0.2223145431817692,-0.08489944378649812,-0.25143313370267634
191807_7249-X4135-Y19813_reg,ipsi_VISpm,0.2582442927598229,-0.08489944378649812,-0.29873532555003895
191807_7281-X4351-Y20216_reg,ipsi_VISpm,0.1038331438186448,-0.08489944378649812,-0.10962865992794361
191807_7289-X4771-Y9549_reg,ipsi_VISpm,0.042572979410621714,-0.08489944378649812,-0.04350577953773934
191807_7405-X4847-Y21105_reg,ipsi_VISpm,0.008057453872103732,-0.08489944378649812,-0.008090090584312643
191807_7439-X5230-Y8737_reg,ipsi_VISpm,0.0036602687536018224,-0.08489944378649812,-0.0036669839285139957
191807_7500-X4057-Y19214_reg,ipsi_VISpm,0.34940586061446083,-0.08489944378649812,-0.4298692729983074
191807_7529-X5296-Y9002_reg,ipsi_VISpm,0.0041139793100009444,-0.08489944378649812,-0.004122465004192399
191807_7712-X5701-Y8560_reg,ipsi_VISpm,6.360045225204255e-4,-0.08489944378649812,-6.3620685919268e-4
191807_7779-X4433-Y18625_reg,ipsi_VISpm,0.2999420846573918,-0.08489944378649812,-0.3565922111574573
191807_7954-X5660-Y20932_reg,ipsi_VISpm,5.95163802409451e-4,-0.08489944378649812,-5.953409826896229e-4
191807_7985-X5473-Y10063_reg,ipsi_VISpm,0.005195780662982789,-0.08489944378649812,-0.0052093256696251564
194069_7189-X5459-Y8724_reg,ipsi_VISpm,0.005269777523270065,-0.08489944378649812,-0.005283711776008887
194069_7216-X3715-Y22464_reg,ipsi_VISpm,0.004033195189258451,-0.08489944378649812,-0.004041350456217297
194069_7313-X3495-Y20668_reg,ipsi_VISpm,0.08844948603689501,-0.08489944378649812,-0.09260826789857816
194069_7382-X3692-Y22255_reg,ipsi_VISpm,0.003188823657886895,-0.08489944378649812,-0.0031939187905837938
194069_7408-X5410-Y9170_reg,ipsi_VISpm,0.004888683829999392,-0.08489944378649812,-0.004900672533407373
194069_7541-X6312-Y7823_reg,ipsi_VISpm,1.0306902138203054e-4,-0.08489944378649812,-1.0307433335860607e-4
194069_7890-X3746-Y21746_reg,ipsi_VISpm,0.0011499913067996603,-0.08489944378649812,-0.0011506530541870487
194069_7949-X5085-Y10196_reg,ipsi_VISpm,0.005672241373871237,-0.08489944378649812,-0.005688389628456852
194069_8027-X4187-Y22761_reg,ipsi_VISpm,7.603045713248505e-5,-0.08489944378649812,-7.603334759416327e-5
194069_8063-X5880-Y9133_reg,ipsi_VISpm,2.2219549016991042e-4,-0.08489944378649812,-2.2222017924507969e-4
194069_8220-X4330-Y22689_reg,ipsi_VISpm,3.65946645455857e-5,-0.08489944378649812,-3.659533414660315e-5
194069_8231-X4410-Y22897_reg,ipsi_VISpm,2.3426315533143564e-5,-0.08489944378649812,-2.342658993350791e-5
211541_7083-X17997-Y16517_reg,ipsi_VISpm,0.09136623170934663,-0.08489944378649812,-0.09581316115852195
211541_7381-X7249-Y16155_reg,ipsi_VISpm,0.0013214434584181386,-0.08489944378649812,-0.0013223173347619674
211550_6674-X20158-Y16621_reg,ipsi_VISpm,0.09102856412873642,-0.08489944378649812,-0.09544160898237095
211550_6721-X20655-Y16337_reg,ipsi_VISpm,0.02489006137341351,-0.08489944378649812,-0.02520505677521665
182709_6204-X2976-Y9977_reg,ipsi_VISpm,0.4444386349012374,-0.08489944378649812,-0.5877762077790224
182709_7144-X3121-Y9346_reg,ipsi_VISpm,0.007298383943924383,-0.08489944378649812,-0.007325147447748046
182709_7463-X3586-Y20695_reg,ipsi_VISpm,0.054318273617699975,-0.08489944378649812,-0.05584920799572542
182709_7886-X5075-Y22541_2_reg,ipsi_VISpm,9.602580580813727e-5,-0.08489944378649812,-9.603041658100372e-5
182709_7918-X5201-Y22656_reg,ipsi_VISpm,6.209061274508407e-5,-0.08489944378649812,-6.209254044698227e-5
182724_7822-X5447-Y22786_reg,ipsi_VISpm,3.755956763573866e-4,-0.08489944378649812,-3.7566623008041645e-4
182724_7871-X4578-Y21040_reg,ipsi_VISpm,0.011816926744512162,-0.08489944378649812,-0.0118873015823087
182724_8155-X4575-Y20238_reg,ipsi_VISpm,0.008525982259529457,-0.08489944378649812,-0.008562536367690344
182724_8159-X4833-Y21213_reg,ipsi_VISpm,0.0018998165571470368,-0.08489944378649812,-0.001901623497555292
182724_8257-X5319-Y21978_reg,ipsi_VISpm,1.947700100965935e-4,-0.08489944378649812,-1.9478898023826728e-4
182724_8281-X5491-Y21925_reg,ipsi_VISpm,1.3434782809667085e-4,-0.08489944378649812,-1.3435685357446103e-4
182725_6819-X6109-Y7853_reg,ipsi_VISpm,0.03276586433015385,-0.08489944378649812,-0.03331468701459766
182725_7482-X7429-Y6760_reg,ipsi_VISpm,8.70236928639082e-5,-0.08489944378649812,-8.702747964520685e-5
182725_7714-X7032-Y7882_reg,ipsi_VISpm,2.7051836726606774e-4,-0.08489944378649812,-2.7055496395981865e-4
182725_7762-X3772-Y19585_reg,ipsi_VISpm,0.006327576871746371,-0.08489944378649812,-0.0063476808374087505
182725_7988-X4540-Y20706_reg,ipsi_VISpm,1.1338397663942825e-4,-0.08489944378649812,-1.1339040508840887e-4
182725_8028-X4256-Y19926_reg,ipsi_VISpm,4.5321417962413074e-4,-0.08489944378649812,-4.53316912211573e-4
18469_7066-X6108-Y38587_reg,ipsi_VISpm,0.005338991126349997,-0.08489944378649812,-0.005353294472481136
18469_7376-X7022-Y19051_reg,ipsi_VISpm,6.310979142060198e-4,-0.08489944378649812,-6.312971403198708e-4
191807_7423-X4013-Y19283_reg,ipsi_VISpm,0.384220129126134,-0.08489944378649812,-0.4848657317917196
191807_7574-X4648-Y20365_reg,ipsi_VISpm,0.02572306568575077,-0.08489944378649812,-0.026059688941465417
191807_7786-X4425-Y19023_reg,ipsi_VISpm,0.17182740544484687,-0.08489944378649812,-0.18853369878866708
191807_7822-X4840-Y19927_reg,ipsi_VISpm,0.01910559504216882,-0.08489944378649812,-0.01929046541648111
191807_8102-X5725-Y9586_reg,ipsi_VISpm,0.0012984642095624232,-0.08489944378649812,-0.0012993079446665433
194069_7406-X4443-Y11111_reg,ipsi_VISpm,0.2974749950362768,-2.6625878270175245,-1.2124251078271062
194069_7499-X4635-Y10487_reg,ipsi_VISpm,0.09919455740970617,-0.08489944378649812,-0.10446597966303887
194069_7827-X3508-Y20244_reg,ipsi_VISpm,0.02821881865592394,-0.08489944378649812,-0.028624621939471562
194069_7960-X3680-Y21513_reg,ipsi_VISpm,0.0015480599280574688,-0.08489944378649812,-0.0015492594109019853
211541_7642-X7572-Y16296_reg,ipsi_VISpm,8.531447606361419e-4,-0.08489944378649812,-8.535088957488114e-4
211550_6742-X19175-Y17279_reg,ipsi_VISpm,0.38467580399705187,-2.6625878270175245,-0.9553543669725052
211550_7524-X21483-Y15565_reg,ipsi_VISpm,2.3790158789145904e-4,-0.08489944378649812,-2.3792989096324486e-4
211550_7555-X20812-Y16162_reg,ipsi_VISpm,0.0015104590024703954,-0.08489944378649812,-0.0015116008956695412
211550_7718-X19461-Y16950_reg,ipsi_VISpm,0.01681997348000208,-0.08489944378649812,-0.01696303570476595
211550_7772-X7691-Y18498_reg,ipsi_VISpm,0.00682801343830166,-0.08489944378649812,-0.006851430979792702
211550_7942-X7116-Y18251_reg,ipsi_VISpm,0.0010258226590629336,-0.08489944378649812,-0.0010263491752324576
211796_7238-X7037-Y16980_reg,ipsi_VISpm,0.001674100022303635,-0.08489944378649812,-0.001675502893662559
211796_7334-X21168-Y15440_reg,ipsi_VISpm,1.6225692532391198e-4,-0.08489944378649812,-1.6227009040291088e-4
211796_7385-X18532-Y16902_reg,ipsi_VISpm,0.07936237480435127,-0.08489944378649812,-0.08268877813691342
211796_7534-X18739-Y16699_reg,ipsi_VISpm,0.02605639899575532,-0.08489944378649812,-0.026401881529228774
182709_7126-X2913-Y10535_reg,ipsi_VISrl,0.008026219802615302,-0.07232066158022073,-0.008058603299212373
182724_6690-X3748-Y10610_reg,ipsi_VISrl,0.16656805504061298,-0.07232066158022073,-0.18220322984359996
182724_7371-X5043-Y7827_reg,ipsi_VISrl,0.058527255122238636,-2.8449093834297896,-2.8382627337163653
182724_8100-X5413-Y22190_reg,ipsi_VISrl,0.013246979204045026,-0.07232066158022073,-0.013335503084905323
182724_8150-X4450-Y19864_reg,ipsi_VISrl,5.544506511884605e-4,-0.07232066158022073,-5.546044157899381e-4
182725_7649-X3440-Y17884_reg,ipsi_VISrl,0.002056627305728088,-0.07232066158022073,-0.002058745067795137
182725_7657-X3644-Y17105_reg,ipsi_VISrl,5.527407892558678e-4,-0.07232066158022073,-5.528936067607838e-4
18469_6185-X6027-Y36689_reg,ipsi_VISrl,0.16234456722870064,-0.07232066158022073,-0.17714844113414738
18469_6590-X7059-Y41111_reg,ipsi_VISrl,0.2640182274902022,-2.8449093834297896,-1.331737134695722
18469_6673-X5500-Y35752_reg,ipsi_VISrl,0.010024972798467317,-0.07232066158022073,-0.010075561220615276
18469_6680-X6305-Y38542_reg,ipsi_VISrl,0.048421046697914506,-0.07232066158022073,-0.04963261796681131
18469_6767-X5786-Y37391_reg,ipsi_VISrl,0.019614820704089316,-0.07232066158022073,-0.01980974443967757
18469_6907-X5348-Y34515_reg,ipsi_VISrl,7.756382121089519e-4,-0.07232066158022073,-7.759391750625921e-4
18469_7024-X5427-Y35160_reg,ipsi_VISrl,7.604364628087167e-4,-0.07232066158022073,-7.607257412769785e-4
18469_7048-X7499-Y17640_reg,ipsi_VISrl,0.040717095209728826,-0.07232066158022073,-0.04156924782127416
18469_7279-X7753-Y17170_reg,ipsi_VISrl,0.032292233148575884,-0.07232066158022073,-0.032825131033180126
18868_6405-X11428-Y4397_reg,ipsi_VISrl,0.12115439160874392,-2.8449093834297896,-2.110689583026665
191807_6504-X3953-Y21204_reg,ipsi_VISrl,0.5299552261656288,-2.8449093834297896,-0.6349627549372913
191807_6735-X4456-Y21792_reg,ipsi_VISrl,0.48314464904171256,-0.07232066158022073,-0.6599922290014282
191807_6822-X4235-Y21316_reg,ipsi_VISrl,0.2775463637853929,-0.07232066158022073,-0.3251020323838812
191807_7110-X4076-Y20205_reg,ipsi_VISrl,0.04655379930141151,-0.07232066158022073,-0.04767227850299179
191807_7249-X4135-Y19813_reg,ipsi_VISrl,0.01830000233369815,-0.07232066158022073,-0.018469518660862223
191807_7281-X4351-Y20216_reg,ipsi_VISrl,0.020624907947011068,-0.07232066158022073,-0.020840571880291276
191807_7289-X4771-Y9549_reg,ipsi_VISrl,0.037944074670540694,-0.07232066158022073,-0.03868269556806417
191807_7405-X4847-Y21105_reg,ipsi_VISrl,0.02430245405885944,-0.07232066158022073,-0.024602632049072762
191807_7439-X5230-Y8737_reg,ipsi_VISrl,0.0422714285304911,-0.07232066158022073,-0.043190869476256076
191807_7500-X4057-Y19214_reg,ipsi_VISrl,0.0033929656994720232,-0.07232066158022073,-0.003398734860998813
191807_7529-X5296-Y9002_reg,ipsi_VISrl,0.021139259166028754,-0.07232066158022073,-0.021365892908747616
191807_7712-X5701-Y8560_reg,ipsi_VISrl,0.02214338330634322,-0.07232066158022073,-0.02239222839311784
191807_7779-X4433-Y18625_reg,ipsi_VISrl,4.976737413272548e-4,-0.07232066158022073,-4.977976220068029e-4
191807_7954-X5660-Y20932_reg,ipsi_VISrl,0.0015742382537715018,-0.07232066158022073,-0.001575478668788042
191807_7985-X5473-Y10063_reg,ipsi_VISrl,0.001140033619055127,-0.07232066158022073,-0.0011406839516957812
194069_7189-X5459-Y8724_reg,ipsi_VISrl,0.10638266178823952,-0.07232066158022073,-0.11247762876121169
194069_7216-X3715-Y22464_reg,ipsi_VISrl,0.3489418124624102,-0.07232066158022073,-0.42915625898970916
194069_7313-X3495-Y20668_reg,ipsi_VISrl,0.05810845844777159,-0.07232066158022073,-0.05986514739091849
194069_7382-X3692-Y22255_reg,ipsi_VISrl,0.17167673014788803,-0.07232066158022073,-0.1883517782652153
194069_7408-X5410-Y9170_reg,ipsi_VISrl,0.03371433031565789,-0.07232066158022073,-0.03429576417652115
194069_7541-X6312-Y7823_reg,ipsi_VISrl,0.09125434921348749,-0.07232066158022073,-0.09569003607542038
194069_7890-X3746-Y21746_reg,ipsi_VISrl,0.017206568504878273,-0.07232066158022073,-0.01735632181784448
194069_7949-X5085-Y10196_reg,ipsi_VISrl,0.00101909594259186,-0.07232066158022073,-0.001019615573928089
194069_8027-X4187-Y22761_reg,ipsi_VISrl,0.035977521739005314,-0.07232066158022073,-0.03664066694531741
194069_8063-X5880-Y9133_reg,ipsi_VISrl,0.00234189249317025,-0.07232066158022073,-0.0023446390122679396
194069_8220-X4330-Y22689_reg,ipsi_VISrl,0.016449371401116887,-0.07232066158022073,-0.016586164492323068
194069_8231-X4410-Y22897_reg,ipsi_VISrl,0.02148085449828674,-0.07232066158022073,-0.021714926162956984
211541_7083-X17997-Y16517_reg,ipsi_VISrl,0.03442594325784599,-0.07232066158022073,-0.03503247705959354
211541_7381-X7249-Y16155_reg,ipsi_VISrl,0.0073731626369681795,-0.07232066158022073,-0.007400478754213152
211550_6674-X20158-Y16621_reg,ipsi_VISrl,0.44755722884829435,-2.8449093834297896,-0.8039508637493928
211550_6721-X20655-Y16337_reg,ipsi_VISrl,0.5227449266719852,-2.8449093834297896,-0.6486616457956006
182709_6204-X2976-Y9977_reg,ipsi_VISrl,0.402373855932825,-0.07232066158022073,-0.5147898976814166
182709_7144-X3121-Y9346_reg,ipsi_VISrl,0.023611945252984448,-0.07232066158022073,-0.02389517451295725
182709_7463-X3586-Y20695_reg,ipsi_VISrl,0.0034407713436664543,-0.07232066158022073,-0.003446704410847339
182709_7886-X5075-Y22541_2_reg,ipsi_VISrl,0.011988237505239249,-0.07232066158022073,-0.012060675946067878
182709_7918-X5201-Y22656_reg,ipsi_VISrl,0.0070270375894590014,-0.07232066158022073,-0.007051843494424626
182724_7822-X5447-Y22786_reg,ipsi_VISrl,0.0769500098060962,-0.07232066158022073,-0.08007188538913941
182724_7871-X4578-Y21040_reg,ipsi_VISrl,0.0072543664408267665,-0.07232066158022073,-0.007280807309158806
182724_8155-X4575-Y20238_reg,ipsi_VISrl,7.584272160771154e-4,-0.07232066158022073,-7.587149674996893e-4
182724_8159-X4833-Y21213_reg,ipsi_VISrl,0.0027666339445772416,-0.07232066158022073,-0.002770468149796585
182724_8257-X5319-Y21978_reg,ipsi_VISrl,0.005363003023416762,-0.07232066158022073,-0.005377435548375597
182724_8281-X5491-Y21925_reg,ipsi_VISrl,0.0039968738432504805,-0.07232066158022073,-0.004004882690868605
182725_6819-X6109-Y7853_reg,ipsi_VISrl,0.06389818468192766,-0.07232066158022073,-0.06603103137111663
182725_7482-X7429-Y6760_reg,ipsi_VISrl,0.015554626024337236,-0.07232066158022073,-0.01567686850060503
182725_7714-X7032-Y7882_reg,ipsi_VISrl,0.0018006438345082804,-0.07232066158022073,-0.0018022669423363813
182725_7762-X3772-Y19585_reg,ipsi_VISrl,0.010007566772229415,-0.07232066158022073,-0.010057979086983068
182725_7988-X4540-Y20706_reg,ipsi_VISrl,0.009818386655388402,-0.07232066158022073,-0.00986690485515568
182725_8028-X4256-Y19926_reg,ipsi_VISrl,0.0030627719822342737,-0.07232066158022073,-0.003067471867245914
18469_7066-X6108-Y38587_reg,ipsi_VISrl,0.011380049801101742,-0.07232066158022073,-0.011445298059105234
18469_7376-X7022-Y19051_reg,ipsi_VISrl,0.0029473712836239814,-0.07232066158022073,-0.002951723335878638
191807_7423-X4013-Y19283_reg,ipsi_VISrl,0.00539193666850118,-0.07232066158022073,-0.005406525624469031
191807_7574-X4648-Y20365_reg,ipsi_VISrl,0.006367797544154482,-0.07232066158022073,-0.006388158449039966
191807_7786-X4425-Y19023_reg,ipsi_VISrl,7.584665580973388e-4,-0.07232066158022073,-7.587543393813676e-4
191807_7822-X4840-Y19927_reg,ipsi_VISrl,0.0010342775452254326,-0.07232066158022073,-0.001034812779331298
191807_8102-X5725-Y9586_reg,ipsi_VISrl,0.0017595975705668803,-0.07232066158022073,-0.0017611474807843986
194069_7406-X4443-Y11111_reg,ipsi_VISrl,0.004420340461587003,-0.07232066158022073,-0.004430139052552334
194069_7499-X4635-Y10487_reg,ipsi_VISrl,0.00603724014522961,-0.07232066158022073,-0.00605553796222991
194069_7827-X3508-Y20244_reg,ipsi_VISrl,0.0031226739543273705,-0.07232066158022073,-0.003127559674298078
194069_7960-X3680-Y21513_reg,ipsi_VISrl,0.010278264411886832,-0.07232066158022073,-0.010331450526050787
211541_7642-X7572-Y16296_reg,ipsi_VISrl,0.001748291624835764,-0.07232066158022073,-0.0017498216702089384
211550_6742-X19175-Y17279_reg,ipsi_VISrl,0.2424875717916379,-0.07232066158022073,-0.2777153348574787
211550_7524-X21483-Y15565_reg,ipsi_VISrl,0.13075802022238273,-0.07232066158022073,-0.14013373473711435
211550_7555-X20812-Y16162_reg,ipsi_VISrl,0.047633089328374366,-0.07232066158022073,-0.04880490807291593
211550_7718-X19461-Y16950_reg,ipsi_VISrl,0.0050836701067056315,-0.07232066158022073,-0.0050966359188567454
211550_7772-X7691-Y18498_reg,ipsi_VISrl,0.059811725141805196,-0.07232066158022073,-0.06167513137159784
211550_7942-X7116-Y18251_reg,ipsi_VISrl,0.059652865898490226,-0.07232066158022073,-0.06150618029209575
211796_7238-X7037-Y16980_reg,ipsi_VISrl,0.1737740417050487,-0.07232066158022073,-0.19088698561331302
211796_7334-X21168-Y15440_reg,ipsi_VISrl,0.11177616455980316,-0.07232066158022073,-0.11853150081634127
211796_7385-X18532-Y16902_reg,ipsi_VISrl,0.00438525089207165,-0.07232066158022073,-0.004394894307622727
211796_7534-X18739-Y16699_reg,ipsi_VISrl,0.00265162474082604,-0.07232066158022073,-0.0026551465247195995
182709_7126-X2913-Y10535_reg,ipsi_CP,0.2326320007913163,-0.46536324968923615,-0.26478880231413227
182724_6690-X3748-Y10610_reg,ipsi_CP,0.5363974499486288,-1.0203600917683453,-0.6228798815966731
182724_7371-X5043-Y7827_reg,ipsi_CP,0.6768440163109013,-1.0203600917683453,-0.39031443688450485
182724_8100-X5413-Y22190_reg,ipsi_CP,0.3416076627485652,-1.0203600917683453,-1.0740923853855755
182724_8150-X4450-Y19864_reg,ipsi_CP,0.046258521947605546,-0.46536324968923615,-0.047362631624024286
182725_7649-X3440-Y17884_reg,ipsi_CP,0.10107670622339744,-0.46536324968923615,-0.10655757209229909
182725_7657-X3644-Y17105_reg,ipsi_CP,0.04951094322291528,-0.46536324968923615,-0.050778630242407634
18469_6185-X6027-Y36689_reg,ipsi_CP,0.5503971561224118,-1.0203600917683455,-0.5971151593051094
18469_6590-X7059-Y41111_reg,ipsi_CP,0.8063338789796443,-1.0203600917683455,-0.21525738033977346
18469_6673-X5500-Y35752_reg,ipsi_CP,0.21306885299961825,-0.46536324968923615,-0.23961452232038458
18469_6680-X6305-Y38542_reg,ipsi_CP,0.4613006766143674,-1.0203600917683455,-0.773705221663818
18469_6767-X5786-Y37391_reg,ipsi_CP,0.28993944888999873,-1.0203600917683455,-1.2380831747337702
18469_6907-X5348-Y34515_reg,ipsi_CP,0.06106964022762415,-0.46536324968923615,-0.06301396677084899
18469_7024-X5427-Y35160_reg,ipsi_CP,0.05966589785921432,-0.46536324968923615,-0.06152003905824184
18469_7048-X7499-Y17640_reg,ipsi_CP,0.5206464466114744,-0.46536324968923615,-0.7353168465555012
18469_7279-X7753-Y17170_reg,ipsi_CP,0.4856820869569105,-1.0203600917683455,-0.722201011189882
18868_6405-X11428-Y4397_reg,ipsi_CP,0.6345591178339904,-1.0203600917683455,-0.4548248238527715
191807_6504-X3953-Y21204_reg,ipsi_CP,0.8528804447326199,-1.0203600917683455,-0.1591358998919951
191807_6735-X4456-Y21792_reg,ipsi_CP,0.8787374727806296,-0.46536324968923654,-2.1097974372282486
191807_6822-X4235-Y21316_reg,ipsi_CP,0.7529202349512171,-0.46536324968923654,-1.3980440590664056
191807_7110-X4076-Y20205_reg,ipsi_CP,0.4263656123525063,-0.46536324968923654,-0.5557630409227459
191807_7249-X4135-Y19813_reg,ipsi_CP,0.278958768869556,-0.46536324968923654,-0.32705895729834406
191807_7281-X4351-Y20216_reg,ipsi_CP,0.28394113867939597,-1.0203600917683455,-1.2589883204730148
191807_7289-X4771-Y9549_reg,ipsi_CP,0.43300529337200067,-0.46536324968923615,-0.567405311051051
191807_7405-X4847-Y21105_reg,ipsi_CP,0.37934477743401124,-1.0203600917683455,-0.9693097844365902
191807_7439-X5230-Y8737_reg,ipsi_CP,0.47979508727191217,-1.0203600917683455,-0.7343961677454445
191807_7500-X4057-Y19214_reg,ipsi_CP,0.12286638129147283,-0.46536324968923615,-0.1310959393687171
191807_7529-X5296-Y9002_reg,ipsi_CP,0.38770260821907726,-0.46536324968923615,-0.49053718021508674
191807_7712-X5701-Y8560_reg,ipsi_CP,0.4060368469623616,-1.0203600917683455,-0.9013113674335569
191807_7779-X4433-Y18625_reg,ipsi_CP,0.01502623167793716,-1.0203600917683455,-4.197957826683569
191807_7954-X5660-Y20932_reg,ipsi_CP,0.10717357897174365,-0.46536324968923615,-0.11336309434734027
191807_7985-X5473-Y10063_reg,ipsi_CP,0.07888874591317778,-0.46536324968923615,-0.08217445296811102
194069_7189-X5459-Y8724_reg,ipsi_CP,0.6656287891600052,-0.46536324968923615,-1.0955034934633798
194069_7216-X3715-Y22464_reg,ipsi_CP,0.7721490690825724,-1.0203600917683455,-0.2585776529311919
194069_7313-X3495-Y20668_reg,ipsi_CP,0.49222908174210067,-0.46536324968923654,-0.6777248814226444
194069_7382-X3692-Y22255_reg,ipsi_CP,0.6740045042349339,-1.0203600917683455,-0.39451848525101196
194069_7408-X5410-Y9170_reg,ipsi_CP,0.4391280402781539,-1.0203600917683455,-0.8229642449287294
194069_7541-X6312-Y7823_reg,ipsi_CP,0.6626311286576297,-1.0203600917683455,-0.4115368106580752
194069_7890-X3746-Y21746_reg,ipsi_CP,0.3795913574172279,-0.46536324968923654,-0.47737691711467545
194069_7949-X5085-Y10196_reg,ipsi_CP,0.10590029356006639,-0.46536324968923654,-0.1119379815711572
194069_8027-X4187-Y22761_reg,ipsi_CP,0.5667095725821143,-0.46536324968923654,-0.8363470427538268
194069_8063-X5880-Y9133_reg,ipsi_CP,0.1570308920271684,-0.46536324968923654,-0.1708249669983204
194069_8220-X4330-Y22689_reg,ipsi_CP,0.3741412939605302,-1.0203600917683453,-0.9831217615744683
194069_8231-X4410-Y22897_reg,ipsi_CP,0.41946417685912496,-1.0203600917683453,-0.8687771515743232
211541_7083-X17997-Y16517_reg,ipsi_CP,0.401486045403618,-0.46536324968923654,-0.5133054383054088
211541_7381-X7249-Y16155_reg,ipsi_CP,0.25313894106658336,-0.46536324968923654,-0.2918761098996789
211550_6674-X20158-Y16621_reg,ipsi_CP,0.8412893473358032,-1.0203600917683453,-0.17281962665244652
211550_6721-X20655-Y16337_reg,ipsi_CP,0.8792372173554985,-1.0203600917683453,-0.12870054585655838
182709_6204-X2976-Y9977_reg,ipsi_CP,0.8144415229296869,-0.46536324968923654,-1.6843852063411917
182709_7144-X3121-Y9346_reg,ipsi_CP,0.3959098169722201,-0.46536324968923654,-0.5040317825442562
182709_7463-X3586-Y20695_reg,ipsi_CP,0.16078601991699817,-0.46536324968923654,-0.17528956321730738
182709_7886-X5075-Y22541_2_reg,ipsi_CP,0.2776939320804866,-0.46536324968923654,-0.32530631313061653
182709_7918-X5201-Y22656_reg,ipsi_CP,0.3100254524006882,-0.46536324968923654,-0.37110056960842325
182724_7822-X5447-Y22786_reg,ipsi_CP,0.6615942600042295,-0.46536324968923654,-1.0835096892314824
182724_7871-X4578-Y21040_reg,ipsi_CP,0.21849949793449563,-0.46536324968923654,-0.24653948668254677
182724_8155-X4575-Y20238_reg,ipsi_CP,0.05499005455617613,-0.46536324968923654,-0.05655982726459542
182724_8159-X4833-Y21213_reg,ipsi_CP,0.16122684641863774,-0.46536324968923654,-0.1758149862112471
182724_8257-X5319-Y21978_reg,ipsi_CP,0.28084745758214574,-0.46536324968923654,-0.3296817846289501
182724_8281-X5491-Y21925_reg,ipsi_CP,0.235382391591367,-0.46536324968923654,-0.2683794284157714
182725_6819-X6109-Y7853_reg,ipsi_CP,0.49685070064997827,-1.0203600917683455,-0.6994656991216425
182725_7482-X7429-Y6760_reg,ipsi_CP,0.4171565146746023,-0.46536324968923654,-0.5398365929535365
182725_7714-X7032-Y7882_reg,ipsi_CP,0.12061822937818709,-0.46536324968923654,-0.1285361517864066
182725_7762-X3772-Y19585_reg,ipsi_CP,0.2801980765706442,-0.46536324968923654,-0.3287792111688462
182725_7988-X4540-Y20706_reg,ipsi_CP,0.34145681324607213,-0.46536324968923654,-0.41772517642018336
182725_8028-X4256-Y19926_reg,ipsi_CP,0.1944066408247027,-0.46536324968923654,-0.2161761809393462
18469_7066-X6108-Y38587_reg,ipsi_CP,0.3011895675015879,-0.46536324968923654,-0.35837577167166507
18469_7376-X7022-Y19051_reg,ipsi_CP,0.16116430288631234,-0.46536324968923654,-0.17574042349976826
191807_7423-X4013-Y19283_reg,ipsi_CP,0.13826310613679996,-0.46536324968923654,-0.14880528244674035
191807_7574-X4648-Y20365_reg,ipsi_CP,0.21205254938853316,-0.46536324968923654,-0.23832387838922323
191807_7786-X4425-Y19023_reg,ipsi_CP,0.06076787698341935,-0.46536324968923654,-0.06269262796276741
191807_7822-X4840-Y19927_reg,ipsi_CP,0.08295038727588705,-0.46536324968923654,-0.08659370489136968
191807_8102-X5725-Y9586_reg,ipsi_CP,0.1116325654370076,-0.46536324968923654,-0.11836984391130867
194069_7406-X4443-Y11111_reg,ipsi_CP,0.12290731194796413,-0.46536324968923654,-0.13114260456389853
194069_7499-X4635-Y10487_reg,ipsi_CP,0.16827436106304774,-0.46536324968923654,-0.1842526534370939
194069_7827-X3508-Y20244_reg,ipsi_CP,0.10503085838826766,-1.0203600917683455,-2.2535010825895747
194069_7960-X3680-Y21513_reg,ipsi_CP,0.2958156334710341,-0.46536324968923654,-0.3507150728356961
211541_7642-X7572-Y16296_reg,ipsi_CP,0.1484177043864646,-0.46536324968923654,-0.1606591357355937
211550_6742-X19175-Y17279_reg,ipsi_CP,0.6162920211264629,-1.0203600917683455,-0.48403436750945555
211550_7524-X21483-Y15565_reg,ipsi_CP,0.711897291696743,-1.0203600917683455,-0.3398216312105714
211550_7555-X20812-Y16162_reg,ipsi_CP,0.5233543187113568,-1.0203600917683455,-0.6474965706634018
211550_7718-X19461-Y16950_reg,ipsi_CP,0.17509995295708394,-0.46536324968923654,-0.19249305508682363
211550_7772-X7691-Y18498_reg,ipsi_CP,0.5316941287211291,-1.0203600917683455,-0.6316869009982461
211550_7942-X7116-Y18251_reg,ipsi_CP,0.5687584406263465,-1.0203600917683455,-0.5642994681653902
211796_7238-X7037-Y16980_reg,ipsi_CP,0.7015835795474155,-1.0203600917683455,-0.35441524249192613
211796_7334-X21168-Y15440_reg,ipsi_CP,0.6910005800217474,-1.0203600917683455,-0.36961461582010546
211796_7385-X18532-Y16902_reg,ipsi_CP,0.17201516964173458,-0.46536324968923654,-0.18876044558805663
211796_7534-X18739-Y16699_reg,ipsi_CP,0.13343618019569567,-0.46536324968923654,-0.14321952013902234
182709_7126-X2913-Y10535_reg,ipsi_VISl,0.08817818229419673,-0.3600027340317286,-0.0923106833186344
182724_6690-X3748-Y10610_reg,ipsi_VISl,0.18769192164568463,-0.3600027340317286,-0.20787560393674445
182724_7371-X5043-Y7827_reg,ipsi_VISl,0.6981158356510371,-1.2354714713841435,-0.35937023633376813
182724_8100-X5413-Y22190_reg,ipsi_VISl,0.4623735059878128,-0.3600027340317286,-0.6205912089707987
182724_8150-X4450-Y19864_reg,ipsi_VISl,0.06395594651087885,-0.3600027340317286,-0.06609273791859453
182725_7649-X3440-Y17884_reg,ipsi_VISl,0.04703715726031855,-0.3600027340317286,-0.048179365868033654
182725_7657-X3644-Y17105_reg,ipsi_VISl,0.018157383225287486,-0.3600027340317286,-0.01832425152215841
18469_6185-X6027-Y36689_reg,ipsi_VISl,0.13317194982509684,-1.2354714713841435,-2.016114129951055
18469_6590-X7059-Y41111_reg,ipsi_VISl,0.6645803447092598,-1.2354714713841435,-0.40859949811640517
18469_6673-X5500-Y35752_reg,ipsi_VISl,0.07808383960332377,-0.3600027340317286,-0.08130099188478387
18469_6680-X6305-Y38542_reg,ipsi_VISl,0.27963858739749436,-0.3600027340317286,-0.3280022309648669
18469_6767-X5786-Y37391_reg,ipsi_VISl,0.11321134839389375,-1.2354714713841435,-2.178498867408383
18469_6907-X5348-Y34515_reg,ipsi_VISl,0.017835133938210488,-0.3600027340317286,-0.017996096672663213
18469_7024-X5427-Y35160_reg,ipsi_VISl,0.03325855219958978,-0.3600027340317286,-0.033824194874268
18469_7048-X7499-Y17640_reg,ipsi_VISl,0.4945960157465949,-0.3600027340317286,-0.6823972006926644
18469_7279-X7753-Y17170_reg,ipsi_VISl,0.6028267298078286,-0.3600027340317286,-0.9233826446642616
18868_6405-X11428-Y4397_reg,ipsi_VISl,0.17242506694392326,-1.2354714713841435,-1.7577925314153389
191807_6504-X3953-Y21204_reg,ipsi_VISl,0.5451866937353893,-0.3600027340317286,-0.7878682601357447
191807_6735-X4456-Y21792_reg,ipsi_VISl,0.5415091666565297,-1.2354714713841437,-0.613395284417467
191807_6822-X4235-Y21316_reg,ipsi_VISl,0.42725874803665653,-0.3600027340317286,-0.5573212315087938
191807_7110-X4076-Y20205_reg,ipsi_VISl,0.14011531346454353,-0.3600027340317286,-0.15095698414872558
191807_7249-X4135-Y19813_reg,ipsi_VISl,0.10140691654242001,-0.3600027340317286,-0.10692497939597576
191807_7281-X4351-Y20216_reg,ipsi_VISl,0.1444009812081743,-0.3600027340317286,-0.15595344858166696
191807_7289-X4771-Y9549_reg,ipsi_VISl,0.20288662350409842,-0.3600027340317286,-0.2267583562364238
191807_7405-X4847-Y21105_reg,ipsi_VISl,0.25854683814662766,-1.2354714713841435,-1.3526784093903645
191807_7439-X5230-Y8737_reg,ipsi_VISl,0.3503522641527264,-1.2354714713841435,-1.0488161616412317
191807_7500-X4057-Y19214_reg,ipsi_VISl,0.03526864657620606,-0.3600027340317286,-0.03590560663531625
191807_7529-X5296-Y9002_reg,ipsi_VISl,0.29726568562927735,-0.3600027340317286,-0.3527763897993156
191807_7712-X5701-Y8560_reg,ipsi_VISl,0.4431115515516836,-0.3600027340317286,-0.585390331197593
191807_7779-X4433-Y18625_reg,ipsi_VISl,0.01876763049753729,-0.3600027340317286,-0.01894597743295952
191807_7954-X5660-Y20932_reg,ipsi_VISl,0.2191991134265714,-0.3600027340317286,-0.24743510841588076
191807_7985-X5473-Y10063_reg,ipsi_VISl,0.1026999801812654,-0.3600027340317286,-0.10836500259104777
194069_7189-X5459-Y8724_reg,ipsi_VISl,0.4659490854390982,-0.3600027340317286,-0.6272640989473806
194069_7216-X3715-Y22464_reg,ipsi_VISl,0.6457357470848903,-1.2354714713841437,-0.4373649191276061
194069_7313-X3495-Y20668_reg,ipsi_VISl,0.2023233353454988,-0.3600027340317286,-0.2260519457780069
194069_7382-X3692-Y22255_reg,ipsi_VISl,0.5523057902285777,-1.2354714713841437,-0.5936534182831683
194069_7408-X5410-Y9170_reg,ipsi_VISl,0.32907355281084194,-0.3600027340317286,-0.39909576472646874
194069_7541-X6312-Y7823_reg,ipsi_VISl,0.6729890429094901,-1.2354714713841435,-0.3960262304365279
194069_7890-X3746-Y21746_reg,ipsi_VISl,0.36466403450177676,-0.3600027340317286,-0.4536013404779082
194069_7949-X5085-Y10196_reg,ipsi_VISl,0.08711540944678345,-0.3600027340317286,-0.09114581321922777
194069_8027-X4187-Y22761_reg,ipsi_VISl,0.6353552981252908,-1.2354714713841435,-0.4535709119582158
194069_8063-X5880-Y9133_reg,ipsi_VISl,0.32321759681684636,-0.3600027340317286,-0.39040547105302126
194069_8220-X4330-Y22689_reg,ipsi_VISl,0.628049757041407,-1.2354714713841435,-0.4651358846948905
194069_8231-X4410-Y22897_reg,ipsi_VISl,0.7521999756803821,-0.3600027340317286,-1.3951332116449775
211541_7083-X17997-Y16517_reg,ipsi_VISl,0.15835168831971935,-0.3600027340317286,-0.1723930340831994
211541_7381-X7249-Y16155_reg,ipsi_VISl,0.2844810551500886,-0.3600027340317286,-0.33474720255850765
211550_6674-X20158-Y16621_reg,ipsi_VISl,0.5637242855096288,-0.3600027340317286,-0.8294808628121169
211550_6721-X20655-Y16337_reg,ipsi_VISl,0.5840294294969524,-1.2354714713841435,-0.5378039044493598
182709_6204-X2976-Y9977_reg,ipsi_VISl,0.34507008874466893,-0.3600027340317286,-0.4232270547894571
182709_7144-X3121-Y9346_reg,ipsi_VISl,0.259570361240285,-0.3600027340317286,-0.30052466834424774
182709_7463-X3586-Y20695_reg,ipsi_VISl,0.07457609565027545,-0.3600027340317286,-0.0775033714729413
182709_7886-X5075-Y22541_2_reg,ipsi_VISl,0.4242334863804046,-1.2354714713841435,-0.857471299890769
182709_7918-X5201-Y22656_reg,ipsi_VISl,0.48208327188768846,-1.2354714713841435,-0.7296384166009232
182724_7822-X5447-Y22786_reg,ipsi_VISl,0.6552745091620249,-0.3600027340317286,-1.0650068574016216
182724_7871-X4578-Y21040_reg,ipsi_VISl,0.1423722181263843,-0.3600027340317286,-0.15358509428170275
182724_8155-X4575-Y20238_reg,ipsi_VISl,0.07269305658632119,-0.3600027340317286,-0.07547065342907484
182724_8159-X4833-Y21213_reg,ipsi_VISl,0.1780465621287462,-0.3600027340317286,-0.19607153045582343
182724_8257-X5319-Y21978_reg,ipsi_VISl,0.3864566407743471,-0.3600027340317286,-0.4885043421441057
182724_8281-X5491-Y21925_reg,ipsi_VISl,0.3518945171168555,-1.2354714713841435,-1.0444238155749124
182725_6819-X6109-Y7853_reg,ipsi_VISl,0.2691228326144864,-0.3600027340317286,-0.3135098670239457
182725_7482-X7429-Y6760_reg,ipsi_VISl,0.5473065138316006,-1.2354714713841435,-0.6027462791461
182725_7714-X7032-Y7882_reg,ipsi_VISl,0.22794058527384903,-1.2354714713841435,-1.4786702748915768
182725_7762-X3772-Y19585_reg,ipsi_VISl,0.2096133155660617,-0.3600027340317286,-0.2352329793073657
182725_7988-X4540-Y20706_reg,ipsi_VISl,0.49738768196789707,-0.3600027340317286,-0.6879361455535915
182725_8028-X4256-Y19926_reg,ipsi_VISl,0.2697005650680328,-0.3600027340317286,-0.31430064410419223
18469_7066-X6108-Y38587_reg,ipsi_VISl,0.2254340998929193,-0.3600027340317286,-0.2554525354536722
18469_7376-X7022-Y19051_reg,ipsi_VISl,0.23503863273117276,-0.3600027340317286,-0.267929946732971
191807_7423-X4013-Y19283_reg,ipsi_VISl,0.04177798675840747,-0.3600027340317286,-0.04267578126163191
191807_7574-X4648-Y20365_reg,ipsi_VISl,0.08870428881384561,-1.2354714713841435,-2.422447038931961
191807_7786-X4425-Y19023_reg,ipsi_VISl,0.03694156884996716,-0.3600027340317286,-0.0376411928564773
191807_7822-X4840-Y19927_reg,ipsi_VISl,0.06688015461879283,-0.3600027340317286,-0.06922163474283362
191807_8102-X5725-Y9586_reg,ipsi_VISl,0.16527224242911492,-0.3600027340317286,-0.1806496461307622
194069_7406-X4443-Y11111_reg,ipsi_VISl,0.03859710637799416,-0.3600027340317286,-0.03936171372650888
194069_7499-X4635-Y10487_reg,ipsi_VISl,0.07002695704738378,-0.3600027340317286,-0.07259967932739547
194069_7827-X3508-Y20244_reg,ipsi_VISl,0.08706199422748187,-0.3600027340317286,-0.09108730236562752
194069_7960-X3680-Y21513_reg,ipsi_VISl,0.2731188281462057,-1.2354714713841435,-1.297848310563966
211541_7642-X7572-Y16296_reg,ipsi_VISl,0.1889901304672379,-0.3600027340317286,-0.20947505535660263
211550_6742-X19175-Y17279_reg,ipsi_VISl,0.2456069379035854,-0.3600027340317286,-0.28184174428999453
211550_7524-X21483-Y15565_reg,ipsi_VISl,0.6604699328596605,-1.2354714713841435,-0.4148036778429444
211550_7555-X20812-Y16162_reg,ipsi_VISl,0.43345769035682324,-1.2354714713841435,-0.8359610876243405
211550_7718-X19461-Y16950_reg,ipsi_VISl,0.13496737338211628,-0.3600027340317288,-0.14498805412819593
211550_7772-X7691-Y18498_reg,ipsi_VISl,0.3472161635289561,-1.2354714713841437,-1.057807743336697
211550_7942-X7116-Y18251_reg,ipsi_VISl,0.4901955790604241,-1.2354714713841437,-0.7129508265733787
211796_7238-X7037-Y16980_reg,ipsi_VISl,0.6197068891802096,-0.3600027340317288,-0.9668129793321972
211796_7334-X21168-Y15440_reg,ipsi_VISl,0.7282443759381941,-1.2354714713841437,-0.31711860588000806
211796_7385-X18532-Y16902_reg,ipsi_VISl,0.06469925713996758,-0.3600027340317288,-0.06688715129407762
211796_7534-X18739-Y16699_reg,ipsi_VISl,0.0920857856927466,-0.3600027340317288,-0.09660538247932016
182709_7126-X2913-Y10535_reg,ipsi_APN,0.6627906976743837,-1.0870514662669302,-1.0870514662669302
182724_6690-X3748-Y10610_reg,ipsi_APN,0.6627906976743837,-1.0870514662669302,-1.0870514662669302
182724_7371-X5043-Y7827_reg,ipsi_APN,0.6627906976743837,-1.0870514662669302,-1.0870514662669302
182724_8100-X5413-Y22190_reg,ipsi_APN,0.6511627906976594,-0.4289956055183816,-0.4289956055183816
182724_8150-X4450-Y19864_reg,ipsi_APN,0.6511627906976594,-0.4289956055183816,-0.4289956055183816
182725_7649-X3440-Y17884_reg,ipsi_APN,0.6511627906976594,-0.4289956055183816,-0.4289956055183816
182725_7657-X3644-Y17105_reg,ipsi_APN,0.6627906976743838,-1.0870514662669306,-1.0870514662669306
18469_6185-X6027-Y36689_reg,ipsi_APN,0.6511627906976594,-0.4289956055183816,-0.4289956055183816
18469_6590-X7059-Y41111_reg,ipsi_APN,0.6511627906976594,-0.4289956055183816,-0.4289956055183816
18469_6673-X5500-Y35752_reg,ipsi_APN,0.6627906976743838,-1.0870514662669306,-1.0870514662669306
18469_6680-X6305-Y38542_reg,ipsi_APN,0.6627906976743838,-1.0870514662669306,-1.0870514662669306
18469_6767-X5786-Y37391_reg,ipsi_APN,0.6511627906976594,-0.4289956055183816,-0.4289956055183816
18469_6907-X5348-Y34515_reg,ipsi_APN,0.6511627906976594,-0.4289956055183816,-0.4289956055183816
18469_7024-X5427-Y35160_reg,ipsi_APN,0.6627906976743838,-1.0870514662669306,-1.0870514662669306
18469_7048-X7499-Y17640_reg,ipsi_APN,0.6511627906976594,-0.4289956055183816,-0.4289956055183816
18469_7279-X7753-Y17170_reg,ipsi_APN,0.6627906976743837,-1.0870514662669302,-1.0870514662669302
18868_6405-X11428-Y4397_reg,ipsi_APN,0.6511627906976594,-0.4289956055183816,-0.4289956055183816
191807_6504-X3953-Y21204_reg,ipsi_APN,0.6627906976743837,-1.0870514662669302,-1.0870514662669302
191807_6735-X4456-Y21792_reg,ipsi_APN,0.6511627906976594,-0.4289956055183816,-0.4289956055183816
191807_6822-X4235-Y21316_reg,ipsi_APN,0.6511627906976594,-0.4289956055183816,-0.4289956055183816
191807_7110-X4076-Y20205_reg,ipsi_APN,0.6511627906976594,-0.4289956055183816,-0.4289956055183816
191807_7249-X4135-Y19813_reg,ipsi_APN,0.6511627906976594,-0.4289956055183816,-0.4289956055183816
191807_7281-X4351-Y20216_reg,ipsi_APN,0.6511627906976594,-0.4289956055183816,-0.4289956055183816
191807_7289-X4771-Y9549_reg,ipsi_APN,0.6627906976743838,-1.0870514662669306,-1.0870514662669306
191807_7405-X4847-Y21105_reg,ipsi_APN,0.6511627906976594,-0.4289956055183816,-0.4289956055183816
191807_7439-X5230-Y8737_reg,ipsi_APN,0.6627906976743838,-1.0870514662669306,-1.0870514662669306
191807_7500-X4057-Y19214_reg,ipsi_APN,0.6511627906976594,-0.4289956055183816,-0.4289956055183816
191807_7529-X5296-Y9002_reg,ipsi_APN,0.6511627906976594,-0.4289956055183816,-0.4289956055183816
191807_7712-X5701-Y8560_reg,ipsi_APN,0.6627906976743838,-1.0870514662669306,-1.0870514662669306
191807_7779-X4433-Y18625_reg,ipsi_APN,0.6511627906976594,-0.4289956055183816,-0.4289956055183816
191807_7954-X5660-Y20932_reg,ipsi_APN,0.6511627906976594,-0.4289956055183816,-0.4289956055183816
191807_7985-X5473-Y10063_reg,ipsi_APN,0.6627906976743838,-1.0870514662669306,-1.0870514662669306
194069_7189-X5459-Y8724_reg,ipsi_APN,0.6511627906976594,-0.4289956055183816,-0.4289956055183816
194069_7216-X3715-Y22464_reg,ipsi_APN,0.6627906976743837,-1.0870514662669302,-1.0870514662669302
194069_7313-X3495-Y20668_reg,ipsi_APN,0.6511627906976594,-0.4289956055183816,-0.4289956055183816
194069_7382-X3692-Y22255_reg,ipsi_APN,0.6511627906976594,-0.4289956055183816,-0.4289956055183816
194069_7408-X5410-Y9170_reg,ipsi_APN,0.6511627906976594,-0.4289956055183816,-0.4289956055183816
194069_7541-X6312-Y7823_reg,ipsi_APN,0.6627906976743837,-1.0870514662669302,-1.0870514662669302
194069_7890-X3746-Y21746_reg,ipsi_APN,0.6511627906976594,-0.4289956055183816,-0.4289956055183816
194069_7949-X5085-Y10196_reg,ipsi_APN,0.6511627906976594,-0.4289956055183816,-0.4289956055183816
194069_8027-X4187-Y22761_reg,ipsi_APN,0.6511627906976594,-0.4289956055183816,-0.4289956055183816
194069_8063-X5880-Y9133_reg,ipsi_APN,0.6627906976743837,-1.0870514662669302,-1.0870514662669302
194069_8220-X4330-Y22689_reg,ipsi_APN,0.6511627906976594,-0.4289956055183816,-0.4289956055183816
194069_8231-X4410-Y22897_reg,ipsi_APN,0.6627906976743837,-1.0870514662669302,-1.0870514662669302
211541_7083-X17997-Y16517_reg,ipsi_APN,0.6627906976743837,-1.0870514662669302,-1.0870514662669302
211541_7381-X7249-Y16155_reg,ipsi_APN,0.6511627906976594,-0.4289956055183816,-0.4289956055183816
211550_6674-X20158-Y16621_reg,ipsi_APN,0.6627906976743837,-1.0870514662669302,-1.0870514662669302
211550_6721-X20655-Y16337_reg,ipsi_APN,0.6511627906976594,-0.4289956055183816,-0.4289956055183816
182709_6204-X2976-Y9977_reg,ipsi_APN,0.6627906976743837,-1.0870514662669302,-1.0870514662669302
182709_7144-X3121-Y9346_reg,ipsi_APN,0.6511627906976594,-0.4289956055183816,-0.4289956055183816
182709_7463-X3586-Y20695_reg,ipsi_APN,0.6511627906976594,-0.4289956055183816,-0.4289956055183816
182709_7886-X5075-Y22541_2_reg,ipsi_APN,0.6627906976743838,-1.0870514662669306,-1.0870514662669306
182709_7918-X5201-Y22656_reg,ipsi_APN,0.6627906976743838,-1.0870514662669306,-1.0870514662669306
182724_7822-X5447-Y22786_reg,ipsi_APN,0.6511627906976594,-0.4289956055183816,-0.4289956055183816
182724_7871-X4578-Y21040_reg,ipsi_APN,0.6511627906976594,-0.4289956055183816,-0.4289956055183816
182724_8155-X4575-Y20238_reg,ipsi_APN,0.6511627906976594,-0.4289956055183816,-0.4289956055183816
182724_8159-X4833-Y21213_reg,ipsi_APN,0.6511627906976594,-0.4289956055183816,-0.4289956055183816
182724_8257-X5319-Y21978_reg,ipsi_APN,0.6627906976743837,-1.0870514662669302,-1.0870514662669302
182724_8281-X5491-Y21925_reg,ipsi_APN,0.6511627906976594,-0.4289956055183816,-0.4289956055183816
182725_6819-X6109-Y7853_reg,ipsi_APN,0.6511627906976594,-0.4289956055183816,-0.4289956055183816
182725_7482-X7429-Y6760_reg,ipsi_APN,0.6511627906976594,-0.4289956055183816,-0.4289956055183816
182725_7714-X7032-Y7882_reg,ipsi_APN,0.6511627906976594,-0.4289956055183816,-0.4289956055183816
182725_7762-X3772-Y19585_reg,ipsi_APN,0.6511627906976594,-0.4289956055183816,-0.4289956055183816
182725_7988-X4540-Y20706_reg,ipsi_APN,0.6511627906976594,-0.4289956055183816,-0.4289956055183816
182725_8028-X4256-Y19926_reg,ipsi_APN,0.6511627906976594,-0.4289956055183816,-0.4289956055183816
18469_7066-X6108-Y38587_reg,ipsi_APN,0.6511627906976594,-0.4289956055183816,-0.4289956055183816
18469_7376-X7022-Y19051_reg,ipsi_APN,0.6511627906976594,-0.4289956055183816,-0.4289956055183816
191807_7423-X4013-Y19283_reg,ipsi_APN,0.6511627906976594,-0.4289956055183816,-0.4289956055183816
191807_7574-X4648-Y20365_reg,ipsi_APN,0.6511627906976594,-0.4289956055183816,-0.4289956055183816
191807_7786-X4425-Y19023_reg,ipsi_APN,0.6627906976743836,-1.08705146626693,-1.08705146626693
191807_7822-X4840-Y19927_reg,ipsi_APN,0.6627906976743836,-1.08705146626693,-1.08705146626693
191807_8102-X5725-Y9586_reg,ipsi_APN,0.6511627906976594,-0.4289956055183816,-0.4289956055183816
194069_7406-X4443-Y11111_reg,ipsi_APN,0.6511627906976594,-0.4289956055183816,-0.4289956055183816
194069_7499-X4635-Y10487_reg,ipsi_APN,0.6627906976743837,-1.0870514662669302,-1.0870514662669302
194069_7827-X3508-Y20244_reg,ipsi_APN,0.6627906976743837,-1.0870514662669302,-1.0870514662669302
194069_7960-X3680-Y21513_reg,ipsi_APN,0.6627906976743837,-1.0870514662669302,-1.0870514662669302
211541_7642-X7572-Y16296_reg,ipsi_APN,0.6511627906976594,-0.4289956055183816,-0.4289956055183816
211550_6742-X19175-Y17279_reg,ipsi_APN,0.6627906976743838,-1.0870514662669306,-1.0870514662669306
211550_7524-X21483-Y15565_reg,ipsi_APN,0.6627906976743838,-1.0870514662669306,-1.0870514662669306
211550_7555-X20812-Y16162_reg,ipsi_APN,0.6511627906976594,-0.4289956055183816,-0.4289956055183816
211550_7718-X19461-Y16950_reg,ipsi_APN,0.6511627906976594,-0.4289956055183816,-0.4289956055183816
211550_7772-X7691-Y18498_reg,ipsi_APN,0.6511627906976594,-0.4289956055183816,-0.4289956055183816
211550_7942-X7116-Y18251_reg,ipsi_APN,0.6511627906976594,-0.4289956055183816,-0.4289956055183816
211796_7238-X7037-Y16980_reg,ipsi_APN,0.6511627906976594,-0.4289956055183816,-0.4289956055183816
211796_7334-X21168-Y15440_reg,ipsi_APN,0.6511627906976594,-0.4289956055183816,-0.4289956055183816
211796_7385-X18532-Y16902_reg,ipsi_APN,0.6511627906976594,-0.4289956055183816,-0.4289956055183816
211796_7534-X18739-Y16699_reg,ipsi_APN,0.6511627906976594,-0.4289956055183816,-0.4289956055183816
182709_7126-X2913-Y10535_reg,ipsi_LD,0.5578092665543976,-0.6041996946904097,-0.58373819124406
182724_6690-X3748-Y10610_reg,ipsi_LD,0.6045785565490545,-0.6041996946904097,-0.503223664435694
182724_7371-X5043-Y7827_reg,ipsi_LD,0.6344689906190943,-0.6041996946904097,-0.45496686517470486
182724_8100-X5413-Y22190_reg,ipsi_LD,0.5604042551855047,-0.8167611356925895,-0.8218997361753716
182724_8150-X4450-Y19864_reg,ipsi_LD,0.5320533659908488,-0.6041996946904097,-0.6310114826585325
182725_7649-X3440-Y17884_reg,ipsi_LD,0.6102636904651865,-0.6041996946904097,-0.4938641357694994
182725_7657-X3644-Y17105_reg,ipsi_LD,0.48683775044002414,-0.8167611356925895,-0.667163207870689
18469_6185-X6027-Y36689_reg,ipsi_LD,0.5399773071198973,-0.6041996946904097,-0.6162281641588858
18469_6590-X7059-Y41111_reg,ipsi_LD,0.6030511130149009,-0.6041996946904097,-0.5057533213117712
18469_6673-X5500-Y35752_reg,ipsi_LD,0.667489531489465,-0.8167611356925895,-1.101083935139636
18469_6680-X6305-Y38542_reg,ipsi_LD,0.5786783495453559,-0.8167611356925895,-0.8643587216792012
18469_6767-X5786-Y37391_reg,ipsi_LD,0.662990290172822,-0.6041996946904097,-0.4109949341933791
18469_6907-X5348-Y34515_reg,ipsi_LD,0.5314613971284097,-0.6041996946904097,-0.6321247138878531
18469_7024-X5427-Y35160_reg,ipsi_LD,0.5687901827328381,-0.6041996946904097,-0.5642436602538021
18469_7048-X7499-Y17640_reg,ipsi_LD,0.4619797536596997,-0.8167611356925895,-0.6198590869256526
18469_7279-X7753-Y17170_reg,ipsi_LD,0.5792352753803247,-0.6041996946904097,-0.5460465361389297
18868_6405-X11428-Y4397_reg,ipsi_LD,0.6171375110536409,-0.6041996946904097,-0.48266340948137865
191807_6504-X3953-Y21204_reg,ipsi_LD,0.5774719771460897,-0.8167611356925895,-0.8614995081029545
191807_6735-X4456-Y21792_reg,ipsi_LD,0.5533551076987315,-0.8167611356925895,-0.80599142447279
191807_6822-X4235-Y21316_reg,ipsi_LD,0.4700686659960891,-0.6041996946904097,-0.754876497085267
191807_7110-X4076-Y20205_reg,ipsi_LD,0.6969295866555117,-0.6041996946904097,-0.36107089677459353
191807_7249-X4135-Y19813_reg,ipsi_LD,0.5180326342158275,-0.8167611356925895,-0.7298788730656464
191807_7281-X4351-Y20216_reg,ipsi_LD,0.5317358779914174,-0.8167611356925895,-0.758722778991344
191807_7289-X4771-Y9549_reg,ipsi_LD,0.5934590354288218,-0.6041996946904097,-0.5217870893384329
191807_7405-X4847-Y21105_reg,ipsi_LD,0.6325933346482402,-0.6041996946904097,-0.4579275046058061
191807_7439-X5230-Y8737_reg,ipsi_LD,0.6263682754488099,-0.8167611356925895,-0.9844846604103505
191807_7500-X4057-Y19214_reg,ipsi_LD,0.6137423525299489,-0.6041996946904097,-0.4881800601873719
191807_7529-X5296-Y9002_reg,ipsi_LD,0.6772226781855225,-0.6041996946904097,-0.38975514111860043
191807_7712-X5701-Y8560_reg,ipsi_LD,0.6476207468237966,-0.6041996946904097,-0.43445002121281995
191807_7779-X4433-Y18625_reg,ipsi_LD,0.6126502375112514,-0.6041996946904097,-0.4899610809082267
191807_7954-X5660-Y20932_reg,ipsi_LD,0.532857951312445,-0.8167611356925895,-0.7611218947859102
191807_7985-X5473-Y10063_reg,ipsi_LD,0.4580419875462021,-0.8167611356925895,-0.6125667483406965
194069_7189-X5459-Y8724_reg,ipsi_LD,0.5536985235817657,-0.8167611356925895,-0.8067605992227986
194069_7216-X3715-Y22464_reg,ipsi_LD,0.5213639674216823,-0.8167611356925895,-0.7368148188819028
194069_7313-X3495-Y20668_reg,ipsi_LD,0.1423460581209337,-0.6041996946904097,-1.9494941570996465
194069_7382-X3692-Y22255_reg,ipsi_LD,0.5199177003883902,-0.8167611356925895,-0.7337977322531748
194069_7408-X5410-Y9170_reg,ipsi_LD,0.44160468609840475,-0.6041996946904097,-0.8173401724396742
194069_7541-X6312-Y7823_reg,ipsi_LD,0.7353468172383654,-0.8167611356925897,-1.3293350544453941
194069_7890-X3746-Y21746_reg,ipsi_LD,0.5590221547701404,-0.6041996946904097,-0.5815661737498938
194069_7949-X5085-Y10196_reg,ipsi_LD,0.574439855391507,-0.6041996946904097,-0.5543598775279532
194069_8027-X4187-Y22761_reg,ipsi_LD,0.5566439580639546,-0.6041996946904097,-0.5858294569686271
194069_8063-X5880-Y9133_reg,ipsi_LD,0.5381355427871793,-0.8167611356925895,-0.7724838136017413
194069_8220-X4330-Y22689_reg,ipsi_LD,0.5898586294839815,-0.8167611356925895,-0.8912533725791277
194069_8231-X4410-Y22897_reg,ipsi_LD,0.5627310872084369,-0.6041996946904097,-0.5749534075638053
211541_7083-X17997-Y16517_reg,ipsi_LD,0.5578959006607966,-0.6041996946904097,-0.5835828919604877
211541_7381-X7249-Y16155_reg,ipsi_LD,0.5372905819844233,-0.6041996946904097,-0.6212162098126305
211550_6674-X20158-Y16621_reg,ipsi_LD,0.5456423519835942,-0.8167611356925897,-0.7888706201082237
211550_6721-X20655-Y16337_reg,ipsi_LD,0.5757704647735257,-0.8167611356925897,-0.8574806135646231
182709_6204-X2976-Y9977_reg,ipsi_LD,0.43117718803026767,-0.8167611356925897,-0.5641862958652885
182709_7144-X3121-Y9346_reg,ipsi_LD,0.5876610803251847,-0.6041996946904097,-0.5316048912671818
182709_7463-X3586-Y20695_reg,ipsi_LD,0.5467406001055333,-0.6041996946904097,-0.6037808118811732
182709_7886-X5075-Y22541_2_reg,ipsi_LD,0.5268008402781303,-0.8167611356925895,-0.7482389226151759
182709_7918-X5201-Y22656_reg,ipsi_LD,0.4951339678156242,-0.8167611356925895,-0.6834621677037005
182724_7822-X5447-Y22786_reg,ipsi_LD,0.574179601019498,-0.6041996946904097,-0.5548130378414234
182724_7871-X4578-Y21040_reg,ipsi_LD,0.5941102950328113,-0.6041996946904097,-0.5206902949828178
182724_8155-X4575-Y20238_reg,ipsi_LD,0.5597144890188939,-0.6041996946904097,-0.5803284663037661
182724_8159-X4833-Y21213_reg,ipsi_LD,0.541216518959783,-0.6041996946904097,-0.6139358603135799
182724_8257-X5319-Y21978_reg,ipsi_LD,0.5881367830118317,-0.6041996946904097,-0.5307957339665351
182724_8281-X5491-Y21925_reg,ipsi_LD,0.5890020428585275,-0.6041996946904097,-0.5293256269859241
182725_6819-X6109-Y7853_reg,ipsi_LD,0.5799746823705166,-0.8167611356925895,-0.867440289451295
182725_7482-X7429-Y6760_reg,ipsi_LD,0.5815969270877838,-0.8167611356925895,-0.8713100218219308
182725_7714-X7032-Y7882_reg,ipsi_LD,0.6987063448309339,-0.6041996946904097,-0.35852473255622724
182725_7762-X3772-Y19585_reg,ipsi_LD,0.6798234332341587,-0.6041996946904097,-0.38592217153729247
182725_7988-X4540-Y20706_reg,ipsi_LD,0.5993131157925738,-0.6041996946904097,-0.5119710865704667
182725_8028-X4256-Y19926_reg,ipsi_LD,0.5572582454170149,-0.6041996946904097,-0.5847265102046948
18469_7066-X6108-Y38587_reg,ipsi_LD,0.5641575958078356,-0.6041996946904097,-0.5724216413248281
18469_7376-X7022-Y19051_reg,ipsi_LD,0.6159850990129486,-0.8167611356925895,-0.9570739224935116
191807_7423-X4013-Y19283_reg,ipsi_LD,0.6515703164024931,-0.8167611356925895,-1.05431883786986
191807_7574-X4648-Y20365_reg,ipsi_LD,0.5644343503279179,-0.8167611356925895,-0.8311097485348551
191807_7786-X4425-Y19023_reg,ipsi_LD,0.5058261919681126,-0.8167611356925895,-0.7048679855535026
191807_7822-X4840-Y19927_reg,ipsi_LD,0.4670555189220768,-0.8167611356925895,-0.6293380233224626
191807_8102-X5725-Y9586_reg,ipsi_LD,0.4727279054961551,-0.6041996946904097,-0.7492353086623258
194069_7406-X4443-Y11111_reg,ipsi_LD,0.5832002097817478,-0.6041996946904097,-0.539224738579681
194069_7499-X4635-Y10487_reg,ipsi_LD,0.567347510770283,-0.6041996946904097,-0.566783269222318
194069_7827-X3508-Y20244_reg,ipsi_LD,0.02596802450229124,-0.6041996946904097,-3.650889324653229
194069_7960-X3680-Y21513_reg,ipsi_LD,0.4303225209458683,-0.8167611356925895,-0.5626849045144294
211541_7642-X7572-Y16296_reg,ipsi_LD,0.5682178393366785,-0.6041996946904097,-0.5652504138270259
211550_6742-X19175-Y17279_reg,ipsi_LD,0.5392833654375558,-0.8167611356925895,-0.774972100545501
211550_7524-X21483-Y15565_reg,ipsi_LD,0.4709848263468531,-0.8167611356925895,-0.6367381638808639
211550_7555-X20812-Y16162_reg,ipsi_LD,0.5491715663664372,-0.8167611356925895,-0.7966684250842776
211550_7718-X19461-Y16950_reg,ipsi_LD,0.3976995428136816,-0.6041996946904097,-0.9220584763450101
211550_7772-X7691-Y18498_reg,ipsi_LD,0.3817794312608872,-0.8167611356925895,-0.4809099778558794
211550_7942-X7116-Y18251_reg,ipsi_LD,0.5459238668571593,-0.8167611356925895,-0.7894904008526547
211796_7238-X7037-Y16980_reg,ipsi_LD,0.5113556682864847,-0.8167611356925895,-0.716120392155055
211796_7334-X21168-Y15440_reg,ipsi_LD,0.5683108591151942,-0.8167611356925895,-0.8400495310460776
211796_7385-X18532-Y16902_reg,ipsi_LD,0.6325064289627429,-0.8167611356925895,-1.0010494542584347
211796_7534-X18739-Y16699_reg,ipsi_LD,0.4955791379966987,-0.6041996946904097,-0.7020282245507993
182709_7126-X2913-Y10535_reg,ipsi_LGv,0.6462294552831119,-1.3188530803223122,-1.0391067547728903
182724_6690-X3748-Y10610_reg,ipsi_LGv,0.6819513637267142,-1.3188530803223122,-1.1455509636411247
182724_7371-X5043-Y7827_reg,ipsi_LGv,0.8561555188584121,-0.32721291120904933,-0.15530323843301272
182724_8100-X5413-Y22190_reg,ipsi_LGv,0.7964104849483855,-0.32721291120904933,-0.22764054144884283
182724_8150-X4450-Y19864_reg,ipsi_LGv,0.5523750909131103,-0.32721291120904933,-0.593527950945394
182725_7649-X3440-Y17884_reg,ipsi_LGv,0.5198471762202183,-0.32721291120904933,-0.6542204024855427
182725_7657-X3644-Y17105_reg,ipsi_LGv,0.4988338430319322,-1.3188530803223122,-0.6908175822463214
18469_6185-X6027-Y36689_reg,ipsi_LGv,0.6315527462959811,-0.32721291120904933,-0.4595738152703311
18469_6590-X7059-Y41111_reg,ipsi_LGv,0.9000019517486274,-1.3188530803223122,-2.3026046106707883
18469_6673-X5500-Y35752_reg,ipsi_LGv,0.6124617459461723,-1.3188530803223122,-0.9479407149223374
18469_6680-X6305-Y38542_reg,ipsi_LGv,0.7323082920105793,-0.32721291120904933,-0.3115536897365885
18469_6767-X5786-Y37391_reg,ipsi_LGv,0.6632304518085687,-0.32721291120904933,-0.41063275973663965
18469_6907-X5348-Y34515_reg,ipsi_LGv,0.4118510078893202,-0.32721291120904933,-0.8870936263735926
18469_7024-X5427-Y35160_reg,ipsi_LGv,0.5178614898760391,-1.3188530803223122,-0.729523840810657
18469_7048-X7499-Y17640_reg,ipsi_LGv,0.8161588332454842,-0.32721291120904933,-0.20314629437445575
18469_7279-X7753-Y17170_reg,ipsi_LGv,0.8499317734530126,-0.32721291120904933,-0.16259919924517238
18868_6405-X11428-Y4397_reg,ipsi_LGv,0.6466741053420498,-0.32721291120904933,-0.43591281255277053
191807_6504-X3953-Y21204_reg,ipsi_LGv,0.8012313020001771,-1.3188530803223122,-1.6156134518862217
191807_6735-X4456-Y21792_reg,ipsi_LGv,0.7719184914328092,-0.32721291120904933,-0.25887631557701574
191807_6822-X4235-Y21316_reg,ipsi_LGv,0.754591869439491,-0.32721291120904933,-0.28157824617272126
191807_7110-X4076-Y20205_reg,ipsi_LGv,0.6319254974981251,-0.32721291120904933,-0.458983775489608
191807_7249-X4135-Y19813_reg,ipsi_LGv,0.6498084832721956,-1.3188530803223122,-1.049275083502022
191807_7281-X4351-Y20216_reg,ipsi_LGv,0.6361953158417006,-0.32721291120904933,-0.45224966240765213
191807_7289-X4771-Y9549_reg,ipsi_LGv,0.6989477117457377,-0.32721291120904933,-0.3581793439157872
191807_7405-X4847-Y21105_reg,ipsi_LGv,0.7385912626579253,-0.32721291120904933,-0.3030106062329874
191807_7439-X5230-Y8737_reg,ipsi_LGv,0.7511982919921775,-0.32721291120904933,-0.2860856247965028
191807_7500-X4057-Y19214_reg,ipsi_LGv,0.5344289740125805,-0.32721291120904933,-0.6265564403915224
191807_7529-X5296-Y9002_reg,ipsi_LGv,0.7530814019994736,-0.32721291120904933,-0.28358195344005666
191807_7712-X5701-Y8560_reg,ipsi_LGv,0.8071815617854857,-0.32721291120904933,-0.21420665239207143
191807_7779-X4433-Y18625_reg,ipsi_LGv,0.5541410111759313,-1.3188530803223122,-0.8077525455097881
191807_7954-X5660-Y20932_reg,ipsi_LGv,0.7434547132718111,-0.32721291120904933,-0.296447425129616
191807_7985-X5473-Y10063_reg,ipsi_LGv,0.6521957411448583,-0.32721291120904933,-0.4274105456315899
194069_7189-X5459-Y8724_reg,ipsi_LGv,0.7839877721745486,-0.32721291120904933,-0.2433618554694962
194069_7216-X3715-Y22464_reg,ipsi_LGv,0.8325146969242431,-0.32721291120904933,-0.18330440332031278
194069_7313-X3495-Y20668_reg,ipsi_LGv,0.6860074944256422,-0.32721291120904933,-0.37686672649720676
194069_7382-X3692-Y22255_reg,ipsi_LGv,0.8520262894308729,-1.3188530803223122,-1.9107206522860096
194069_7408-X5410-Y9170_reg,ipsi_LGv,0.7651051959249322,-0.32721291120904933,-0.26774194359639064
194069_7541-X6312-Y7823_reg,ipsi_LGv,0.8700252133184768,-0.32721291120904933,-0.13923308692760825
194069_7890-X3746-Y21746_reg,ipsi_LGv,0.793008060114499,-0.32721291120904933,-0.23192189332012964
194069_7949-X5085-Y10196_reg,ipsi_LGv,0.6392637323108745,-0.32721291120904933,-0.4474381831317194
194069_8027-X4187-Y22761_reg,ipsi_LGv,0.8345940206941733,-0.32721291120904933,-0.1808098751276389
194069_8063-X5880-Y9133_reg,ipsi_LGv,0.7726300779070326,-0.32721291120904933,-0.25795489874533545
194069_8220-X4330-Y22689_reg,ipsi_LGv,0.8835808153956985,-0.32721291120904933,-0.1237725195373194
194069_8231-X4410-Y22897_reg,ipsi_LGv,0.8663790378178537,-0.32721291120904933,-0.14343277816578084
211541_7083-X17997-Y16517_reg,ipsi_LGv,0.686753165270731,-1.3188530803223122,-1.160763789872274
211541_7381-X7249-Y16155_reg,ipsi_LGv,0.7649263441385612,-0.32721291120904933,-0.26797573196284247
211550_6674-X20158-Y16621_reg,ipsi_LGv,0.7539507808203758,-0.32721291120904933,-0.28242819053140217
211550_6721-X20655-Y16337_reg,ipsi_LGv,0.7953926171928513,-0.32721291120904933,-0.22891942813136817
182709_6204-X2976-Y9977_reg,ipsi_LGv,0.6871462318701326,-0.32721291120904933,-0.3752081537041884
182709_7144-X3121-Y9346_reg,ipsi_LGv,0.7646807711082155,-1.3188530803223122,-1.4468122658407132
182709_7463-X3586-Y20695_reg,ipsi_LGv,0.6206154487942527,-1.3188530803223122,-0.9692049413251638
182709_7886-X5075-Y22541_2_reg,ipsi_LGv,0.867612327197869,-1.3188530803223122,-2.022020745537922
182709_7918-X5201-Y22656_reg,ipsi_LGv,0.886927564511097,-1.3188530803223122,-2.1797266436109664
182724_7822-X5447-Y22786_reg,ipsi_LGv,0.8566289298206017,-0.32721291120904933,-0.1547504415243179
182724_7871-X4578-Y21040_reg,ipsi_LGv,0.6918568546113869,-0.32721291120904933,-0.36837620226042644
182724_8155-X4575-Y20238_reg,ipsi_LGv,0.6655990612429012,-1.3188530803223122,-1.095414590487556
182724_8159-X4833-Y21213_reg,ipsi_LGv,0.7426517182375472,-1.3188530803223122,-1.3573249295621503
182724_8257-X5319-Y21978_reg,ipsi_LGv,0.7933285413805051,-0.32721291120904933,-0.23151784127964312
182724_8281-X5491-Y21925_reg,ipsi_LGv,0.8013841716420541,-0.32721291120904933,-0.22141483185853056
182725_6819-X6109-Y7853_reg,ipsi_LGv,0.74795750278888,-1.3188530803223122,-1.3781575659621272
182725_7482-X7429-Y6760_reg,ipsi_LGv,0.8570117823969596,-0.32721291120904933,-0.15430361205767618
182725_7714-X7032-Y7882_reg,ipsi_LGv,0.7719082432920272,-0.32721291120904933,-0.25888959186061883
182725_7762-X3772-Y19585_reg,ipsi_LGv,0.7404402417404179,-1.3188530803223122,-1.3487683205765668
182725_7988-X4540-Y20706_reg,ipsi_LGv,0.8389545136299714,-0.32721291120904933,-0.17559878896677178
182725_8028-X4256-Y19926_reg,ipsi_LGv,0.7596340474389597,-0.32721291120904933,-0.2749184781957561
18469_7066-X6108-Y38587_reg,ipsi_LGv,0.7319722251060438,-0.32721291120904933,-0.3120127095849139
18469_7376-X7022-Y19051_reg,ipsi_LGv,0.7529169526529081,-0.32721291120904933,-0.28380034590603914
191807_7423-X4013-Y19283_reg,ipsi_LGv,0.5319947547532193,-1.3188530803223122,-0.7592757753350308
191807_7574-X4648-Y20365_reg,ipsi_LGv,0.6727854858115551,-1.3188530803223122,-1.117139316470725
191807_7786-X4425-Y19023_reg,ipsi_LGv,0.5539421217768342,-1.3188530803223122,-0.8073065635808846
191807_7822-X4840-Y19927_reg,ipsi_LGv,0.6361416898755524,-1.3188530803223122,-1.010990745025788
191807_8102-X5725-Y9586_reg,ipsi_LGv,0.7422140602383954,-1.3188530803223122,-1.3556257292909653
194069_7406-X4443-Y11111_reg,ipsi_LGv,0.5162837892828556,-0.32721291120904933,-0.6610986854533818
194069_7499-X4635-Y10487_reg,ipsi_LGv,0.5901732909163134,-0.32721291120904933,-0.5273390717902332
194069_7827-X3508-Y20244_reg,ipsi_LGv,0.6208521426815743,-0.32721291120904933,-0.47666232091871114
194069_7960-X3680-Y21513_reg,ipsi_LGv,0.7660088039988467,-0.32721291120904933,-0.2665616158365159
211541_7642-X7572-Y16296_reg,ipsi_LGv,0.7353028358682964,-0.32721291120904933,-0.30747284303736866
211550_6742-X19175-Y17279_reg,ipsi_LGv,0.6581016379995914,-0.32721291120904933,-0.4183958945403448
211550_7524-X21483-Y15565_reg,ipsi_LGv,0.8706225339368775,-0.32721291120904933,-0.13854676697253507
211550_7555-X20812-Y16162_reg,ipsi_LGv,0.7984030978970071,-0.32721291120904933,-0.22514167386088854
211550_7718-X19461-Y16950_reg,ipsi_LGv,0.6785087599258013,-0.32721291120904933,-0.38785788906719365
211550_7772-X7691-Y18498_reg,ipsi_LGv,0.7579821501039634,-0.32721291120904933,-0.2770954422925498
211550_7942-X7116-Y18251_reg,ipsi_LGv,0.8279328632110916,-0.32721291120904933,-0.18882321096267965
211796_7238-X7037-Y16980_reg,ipsi_LGv,0.8213770422909822,-0.32721291120904933,-0.19677302733775517
211796_7334-X21168-Y15440_reg,ipsi_LGv,0.8686843411983115,-0.32721291120904933,-0.1407754634360959
211796_7385-X18532-Y16902_reg,ipsi_LGv,0.5819710157226716,-0.32721291120904933,-0.5413346336546129
211796_7534-X18739-Y16699_reg,ipsi_LGv,0.6131789325606892,-0.32721291120904933,-0.48909848912932696
182709_7126-X2913-Y10535_reg,ipsi_NOT,0.2674418604656634,-0.31121256986272194,-0.31121256986272194
182724_6690-X3748-Y10610_reg,ipsi_NOT,0.2558139534889465,-1.3633048428929466,-1.3633048428929466
182724_7371-X5043-Y7827_reg,ipsi_NOT,0.2674418604656634,-0.31121256986272194,-0.31121256986272194
182724_8100-X5413-Y22190_reg,ipsi_NOT,0.2558139534889465,-1.3633048428929466,-1.3633048428929466
182724_8150-X4450-Y19864_reg,ipsi_NOT,0.2674418604656634,-0.31121256986272194,-0.31121256986272194
182725_7649-X3440-Y17884_reg,ipsi_NOT,0.2674418604656634,-0.31121256986272194,-0.31121256986272194
182725_7657-X3644-Y17105_reg,ipsi_NOT,0.2674418604656634,-0.31121256986272194,-0.31121256986272194
18469_6185-X6027-Y36689_reg,ipsi_NOT,0.2674418604656634,-0.31121256986272194,-0.31121256986272194
18469_6590-X7059-Y41111_reg,ipsi_NOT,0.2674418604656634,-0.31121256986272194,-0.31121256986272194
18469_6673-X5500-Y35752_reg,ipsi_NOT,0.2674418604656634,-0.31121256986272194,-0.31121256986272194
18469_6680-X6305-Y38542_reg,ipsi_NOT,0.2674418604656634,-0.31121256986272194,-0.31121256986272194
18469_6767-X5786-Y37391_reg,ipsi_NOT,0.2674418604656634,-0.31121256986272194,-0.31121256986272194
18469_6907-X5348-Y34515_reg,ipsi_NOT,0.2674418604656634,-0.31121256986272194,-0.31121256986272194
18469_7024-X5427-Y35160_reg,ipsi_NOT,0.2674418604656634,-0.31121256986272194,-0.31121256986272194
18469_7048-X7499-Y17640_reg,ipsi_NOT,0.2674418604656634,-0.31121256986272194,-0.31121256986272194
18469_7279-X7753-Y17170_reg,ipsi_NOT,0.2674418604656634,-0.31121256986272194,-0.31121256986272194
18868_6405-X11428-Y4397_reg,ipsi_NOT,0.2558139534889465,-1.3633048428929466,-1.3633048428929466
191807_6504-X3953-Y21204_reg,ipsi_NOT,0.2674418604656634,-0.31121256986272194,-0.31121256986272194
191807_6735-X4456-Y21792_reg,ipsi_NOT,0.2558139534889465,-1.3633048428929466,-1.3633048428929466
191807_6822-X4235-Y21316_reg,ipsi_NOT,0.2674418604656634,-0.31121256986272194,-0.31121256986272194
191807_7110-X4076-Y20205_reg,ipsi_NOT,0.2558139534889465,-1.3633048428929466,-1.3633048428929466
191807_7249-X4135-Y19813_reg,ipsi_NOT,0.2558139534889465,-1.3633048428929466,-1.3633048428929466
191807_7281-X4351-Y20216_reg,ipsi_NOT,0.2674418604656634,-0.31121256986272194,-0.31121256986272194
191807_7289-X4771-Y9549_reg,ipsi_NOT,0.2674418604656634,-0.31121256986272194,-0.31121256986272194
191807_7405-X4847-Y21105_reg,ipsi_NOT,0.2558139534889465,-1.3633048428929466,-1.3633048428929466
191807_7439-X5230-Y8737_reg,ipsi_NOT,0.2674418604656634,-0.31121256986272194,-0.31121256986272194
191807_7500-X4057-Y19214_reg,ipsi_NOT,0.2674418604656634,-0.31121256986272194,-0.31121256986272194
191807_7529-X5296-Y9002_reg,ipsi_NOT,0.2558139534889465,-1.3633048428929466,-1.3633048428929466
191807_7712-X5701-Y8560_reg,ipsi_NOT,0.2558139534889465,-1.3633048428929466,-1.3633048428929466
191807_7779-X4433-Y18625_reg,ipsi_NOT,0.2674418604656634,-0.31121256986272194,-0.31121256986272194
191807_7954-X5660-Y20932_reg,ipsi_NOT,0.2558139534889465,-1.3633048428929466,-1.3633048428929466
191807_7985-X5473-Y10063_reg,ipsi_NOT,0.2558139534889465,-1.3633048428929466,-1.3633048428929466
194069_7189-X5459-Y8724_reg,ipsi_NOT,0.2558139534889465,-1.3633048428929466,-1.3633048428929466
194069_7216-X3715-Y22464_reg,ipsi_NOT,0.2558139534889465,-1.3633048428929466,-1.3633048428929466
194069_7313-X3495-Y20668_reg,ipsi_NOT,0.2674418604656634,-0.31121256986272194,-0.31121256986272194
194069_7382-X3692-Y22255_reg,ipsi_NOT,0.2674418604656634,-0.31121256986272194,-0.31121256986272194
194069_7408-X5410-Y9170_reg,ipsi_NOT,0.2674418604656634,-0.31121256986272194,-0.31121256986272194
194069_7541-X6312-Y7823_reg,ipsi_NOT,0.2558139534889465,-1.3633048428929466,-1.3633048428929466
194069_7890-X3746-Y21746_reg,ipsi_NOT,0.2674418604656634,-0.31121256986272194,-0.31121256986272194
194069_7949-X5085-Y10196_reg,ipsi_NOT,0.2674418604656634,-0.31121256986272194,-0.31121256986272194
194069_8027-X4187-Y22761_reg,ipsi_NOT,0.2674418604656634,-0.31121256986272194,-0.31121256986272194
194069_8063-X5880-Y9133_reg,ipsi_NOT,0.2558139534889465,-1.3633048428929466,-1.3633048428929466
194069_8220-X4330-Y22689_reg,ipsi_NOT,0.2674418604656634,-0.31121256986272194,-0.31121256986272194
194069_8231-X4410-Y22897_reg,ipsi_NOT,0.2674418604656634,-0.31121256986272194,-0.31121256986272194
211541_7083-X17997-Y16517_reg,ipsi_NOT,0.2674418604656634,-0.31121256986272194,-0.31121256986272194
211541_7381-X7249-Y16155_reg,ipsi_NOT,0.2674418604656634,-0.31121256986272194,-0.31121256986272194
211550_6674-X20158-Y16621_reg,ipsi_NOT,0.2674418604656634,-0.31121256986272194,-0.31121256986272194
211550_6721-X20655-Y16337_reg,ipsi_NOT,0.2674418604656634,-0.31121256986272194,-0.31121256986272194
182709_6204-X2976-Y9977_reg,ipsi_NOT,0.2674418604656634,-0.31121256986272194,-0.31121256986272194
182709_7144-X3121-Y9346_reg,ipsi_NOT,0.2674418604656634,-0.31121256986272194,-0.31121256986272194
182709_7463-X3586-Y20695_reg,ipsi_NOT,0.2674418604656634,-0.31121256986272194,-0.31121256986272194
182709_7886-X5075-Y22541_2_reg,ipsi_NOT,0.2674418604656634,-0.31121256986272194,-0.31121256986272194
182709_7918-X5201-Y22656_reg,ipsi_NOT,0.2674418604656634,-0.31121256986272194,-0.31121256986272194
182724_7822-X5447-Y22786_reg,ipsi_NOT,0.2674418604656634,-0.31121256986272194,-0.31121256986272194
182724_7871-X4578-Y21040_reg,ipsi_NOT,0.2558139534889465,-1.3633048428929466,-1.3633048428929466
182724_8155-X4575-Y20238_reg,ipsi_NOT,0.2558139534889465,-1.3633048428929466,-1.3633048428929466
182724_8159-X4833-Y21213_reg,ipsi_NOT,0.2674418604656634,-0.31121256986272194,-0.31121256986272194
182724_8257-X5319-Y21978_reg,ipsi_NOT,0.2674418604656634,-0.31121256986272194,-0.31121256986272194
182724_8281-X5491-Y21925_reg,ipsi_NOT,0.2674418604656634,-0.31121256986272194,-0.31121256986272194
182725_6819-X6109-Y7853_reg,ipsi_NOT,0.2558139534889465,-1.3633048428929466,-1.3633048428929466
182725_7482-X7429-Y6760_reg,ipsi_NOT,0.2558139534889465,-1.3633048428929466,-1.3633048428929466
182725_7714-X7032-Y7882_reg,ipsi_NOT,0.2674418604656634,-0.31121256986272194,-0.31121256986272194
182725_7762-X3772-Y19585_reg,ipsi_NOT,0.2674418604656634,-0.31121256986272194,-0.31121256986272194
182725_7988-X4540-Y20706_reg,ipsi_NOT,0.2674418604656634,-0.31121256986272194,-0.31121256986272194
182725_8028-X4256-Y19926_reg,ipsi_NOT,0.2674418604656634,-0.31121256986272194,-0.31121256986272194
18469_7066-X6108-Y38587_reg,ipsi_NOT,0.2674418604656634,-0.31121256986272194,-0.31121256986272194
18469_7376-X7022-Y19051_reg,ipsi_NOT,0.2558139534889465,-1.3633048428929466,-1.3633048428929466
191807_7423-X4013-Y19283_reg,ipsi_NOT,0.2674418604656634,-0.31121256986272194,-0.31121256986272194
191807_7574-X4648-Y20365_reg,ipsi_NOT,0.2558139534889465,-1.3633048428929466,-1.3633048428929466
191807_7786-X4425-Y19023_reg,ipsi_NOT,0.2674418604656634,-0.31121256986272194,-0.31121256986272194
191807_7822-X4840-Y19927_reg,ipsi_NOT,0.2674418604656634,-0.31121256986272194,-0.31121256986272194
191807_8102-X5725-Y9586_reg,ipsi_NOT,0.2674418604656634,-0.31121256986272194,-0.31121256986272194
194069_7406-X4443-Y11111_reg,ipsi_NOT,0.2674418604656634,-0.31121256986272194,-0.31121256986272194
194069_7499-X4635-Y10487_reg,ipsi_NOT,0.2674418604656634,-0.31121256986272194,-0.31121256986272194
194069_7827-X3508-Y20244_reg,ipsi_NOT,0.2674418604656634,-0.31121256986272194,-0.31121256986272194
194069_7960-X3680-Y21513_reg,ipsi_NOT,0.2674418604656634,-0.31121256986272194,-0.31121256986272194
211541_7642-X7572-Y16296_reg,ipsi_NOT,0.2674418604656634,-0.31121256986272194,-0.31121256986272194
211550_6742-X19175-Y17279_reg,ipsi_NOT,0.2558139534889465,-1.3633048428929466,-1.3633048428929466
211550_7524-X21483-Y15565_reg,ipsi_NOT,0.2674418604656634,-0.31121256986272194,-0.31121256986272194
211550_7555-X20812-Y16162_reg,ipsi_NOT,0.2674418604656634,-0.31121256986272194,-0.31121256986272194
211550_7718-X19461-Y16950_reg,ipsi_NOT,0.2558139534889465,-1.3633048428929466,-1.3633048428929466
211550_7772-X7691-Y18498_reg,ipsi_NOT,0.26744186046566354,-0.3112125698627221,-0.3112125698627221
211550_7942-X7116-Y18251_reg,ipsi_NOT,0.26744186046566354,-0.3112125698627221,-0.3112125698627221
211796_7238-X7037-Y16980_reg,ipsi_NOT,0.26744186046566354,-0.3112125698627221,-0.3112125698627221
211796_7334-X21168-Y15440_reg,ipsi_NOT,0.26744186046566354,-0.3112125698627221,-0.3112125698627221
211796_7385-X18532-Y16902_reg,ipsi_NOT,0.26744186046566354,-0.3112125698627221,-0.3112125698627221
211796_7534-X18739-Y16699_reg,ipsi_NOT,0.26744186046566354,-0.3112125698627221,-0.3112125698627221
182709_7126-X2913-Y10535_reg,ipsi_PPT,0.3372093023256164,-0.4112960284190104,-0.4112960284190104
182724_6690-X3748-Y10610_reg,ipsi_PPT,0.3372093023256164,-0.4112960284190104,-0.4112960284190104
182724_7371-X5043-Y7827_reg,ipsi_PPT,0.3372093023256164,-0.4112960284190104,-0.4112960284190104
182724_8100-X5413-Y22190_reg,ipsi_PPT,0.3255813953489093,-1.1221427860780824,-1.1221427860780824
182724_8150-X4450-Y19864_reg,ipsi_PPT,0.33720930232561636,-0.4112960284190104,-0.4112960284190104
182725_7649-X3440-Y17884_reg,ipsi_PPT,0.33720930232561636,-0.4112960284190104,-0.4112960284190104
182725_7657-X3644-Y17105_reg,ipsi_PPT,0.33720930232561636,-0.4112960284190104,-0.4112960284190104
18469_6185-X6027-Y36689_reg,ipsi_PPT,0.32558139534890923,-1.1221427860780826,-1.1221427860780826
18469_6590-X7059-Y41111_reg,ipsi_PPT,0.3372093023256164,-0.4112960284190104,-0.4112960284190104
18469_6673-X5500-Y35752_reg,ipsi_PPT,0.3372093023256164,-0.4112960284190104,-0.4112960284190104
18469_6680-X6305-Y38542_reg,ipsi_PPT,0.3372093023256164,-0.4112960284190104,-0.4112960284190104
18469_6767-X5786-Y37391_reg,ipsi_PPT,0.3255813953489093,-1.1221427860780824,-1.1221427860780824
18469_6907-X5348-Y34515_reg,ipsi_PPT,0.3255813953489093,-1.1221427860780824,-1.1221427860780824
18469_7024-X5427-Y35160_reg,ipsi_PPT,0.3372093023256164,-0.4112960284190104,-0.4112960284190104
18469_7048-X7499-Y17640_reg,ipsi_PPT,0.32558139534890923,-1.1221427860780826,-1.1221427860780826
18469_7279-X7753-Y17170_reg,ipsi_PPT,0.3372093023256164,-0.4112960284190104,-0.4112960284190104
18868_6405-X11428-Y4397_reg,ipsi_PPT,0.3372093023256164,-0.4112960284190104,-0.4112960284190104
191807_6504-X3953-Y21204_reg,ipsi_PPT,0.3372093023256164,-0.4112960284190104,-0.4112960284190104
191807_6735-X4456-Y21792_reg,ipsi_PPT,0.3372093023256164,-0.4112960284190104,-0.4112960284190104
191807_6822-X4235-Y21316_reg,ipsi_PPT,0.3372093023256164,-0.4112960284190104,-0.4112960284190104
191807_7110-X4076-Y20205_reg,ipsi_PPT,0.3372093023256164,-0.4112960284190104,-0.4112960284190104
191807_7249-X4135-Y19813_reg,ipsi_PPT,0.32558139534890923,-1.1221427860780826,-1.1221427860780826
191807_7281-X4351-Y20216_reg,ipsi_PPT,0.3372093023256164,-0.4112960284190104,-0.4112960284190104
191807_7289-X4771-Y9549_reg,ipsi_PPT,0.3372093023256164,-0.4112960284190104,-0.4112960284190104
191807_7405-X4847-Y21105_reg,ipsi_PPT,0.3372093023256164,-0.4112960284190104,-0.4112960284190104
191807_7439-X5230-Y8737_reg,ipsi_PPT,0.3372093023256164,-0.4112960284190104,-0.4112960284190104
191807_7500-X4057-Y19214_reg,ipsi_PPT,0.3372093023256164,-0.4112960284190104,-0.4112960284190104
191807_7529-X5296-Y9002_reg,ipsi_PPT,0.3372093023256164,-0.4112960284190104,-0.4112960284190104
191807_7712-X5701-Y8560_reg,ipsi_PPT,0.3372093023256164,-0.4112960284190104,-0.4112960284190104
191807_7779-X4433-Y18625_reg,ipsi_PPT,0.3372093023256164,-0.4112960284190104,-0.4112960284190104
191807_7954-X5660-Y20932_reg,ipsi_PPT,0.32558139534890923,-1.1221427860780826,-1.1221427860780826
191807_7985-X5473-Y10063_reg,ipsi_PPT,0.3372093023256163,-0.41129602841901025,-0.41129602841901025
194069_7189-X5459-Y8724_reg,ipsi_PPT,0.3255813953489093,-1.1221427860780824,-1.1221427860780824
194069_7216-X3715-Y22464_reg,ipsi_PPT,0.3372093023256164,-0.4112960284190104,-0.4112960284190104
194069_7313-X3495-Y20668_reg,ipsi_PPT,0.3255813953489093,-1.1221427860780824,-1.1221427860780824
194069_7382-X3692-Y22255_reg,ipsi_PPT,0.3255813953489093,-1.1221427860780824,-1.1221427860780824
194069_7408-X5410-Y9170_reg,ipsi_PPT,0.3255813953489093,-1.1221427860780824,-1.1221427860780824
194069_7541-X6312-Y7823_reg,ipsi_PPT,0.3255813953489093,-1.1221427860780824,-1.1221427860780824
194069_7890-X3746-Y21746_reg,ipsi_PPT,0.3255813953489093,-1.1221427860780824,-1.1221427860780824
194069_7949-X5085-Y10196_reg,ipsi_PPT,0.3255813953489093,-1.1221427860780824,-1.1221427860780824
194069_8027-X4187-Y22761_reg,ipsi_PPT,0.3372093023256164,-0.4112960284190104,-0.4112960284190104
194069_8063-X5880-Y9133_reg,ipsi_PPT,0.3255813953489093,-1.1221427860780824,-1.1221427860780824
194069_8220-X4330-Y22689_reg,ipsi_PPT,0.3372093023256164,-0.4112960284190104,-0.4112960284190104
194069_8231-X4410-Y22897_reg,ipsi_PPT,0.3255813953489093,-1.1221427860780824,-1.1221427860780824
211541_7083-X17997-Y16517_reg,ipsi_PPT,0.3372093023256163,-0.41129602841901025,-0.41129602841901025
211541_7381-X7249-Y16155_reg,ipsi_PPT,0.3255813953489093,-1.1221427860780824,-1.1221427860780824
211550_6674-X20158-Y16621_reg,ipsi_PPT,0.3372093023256164,-0.4112960284190104,-0.4112960284190104
211550_6721-X20655-Y16337_reg,ipsi_PPT,0.3255813953489093,-1.1221427860780824,-1.1221427860780824
182709_6204-X2976-Y9977_reg,ipsi_PPT,0.3372093023256164,-0.4112960284190104,-0.4112960284190104
182709_7144-X3121-Y9346_reg,ipsi_PPT,0.3372093023256164,-0.4112960284190104,-0.4112960284190104
182709_7463-X3586-Y20695_reg,ipsi_PPT,0.3372093023256164,-0.4112960284190104,-0.4112960284190104
182709_7886-X5075-Y22541_2_reg,ipsi_PPT,0.3372093023256164,-0.4112960284190104,-0.4112960284190104
182709_7918-X5201-Y22656_reg,ipsi_PPT,0.3372093023256164,-0.4112960284190104,-0.4112960284190104
182724_7822-X5447-Y22786_reg,ipsi_PPT,0.3372093023256164,-0.4112960284190104,-0.4112960284190104
182724_7871-X4578-Y21040_reg,ipsi_PPT,0.3372093023256164,-0.4112960284190104,-0.4112960284190104
182724_8155-X4575-Y20238_reg,ipsi_PPT,0.3372093023256164,-0.4112960284190104,-0.4112960284190104
182724_8159-X4833-Y21213_reg,ipsi_PPT,0.3372093023256164,-0.4112960284190104,-0.4112960284190104
182724_8257-X5319-Y21978_reg,ipsi_PPT,0.3372093023256164,-0.4112960284190104,-0.4112960284190104
182724_8281-X5491-Y21925_reg,ipsi_PPT,0.3255813953489093,-1.1221427860780824,-1.1221427860780824
182725_6819-X6109-Y7853_reg,ipsi_PPT,0.3372093023256164,-0.4112960284190104,-0.4112960284190104
182725_7482-X7429-Y6760_reg,ipsi_PPT,0.3255813953489093,-1.1221427860780824,-1.1221427860780824
182725_7714-X7032-Y7882_reg,ipsi_PPT,0.3255813953489093,-1.1221427860780824,-1.1221427860780824
182725_7762-X3772-Y19585_reg,ipsi_PPT,0.3255813953489093,-1.1221427860780824,-1.1221427860780824
182725_7988-X4540-Y20706_reg,ipsi_PPT,0.33720930232561624,-0.4112960284190101,-0.4112960284190101
182725_8028-X4256-Y19926_reg,ipsi_PPT,0.33720930232561624,-0.4112960284190101,-0.4112960284190101
18469_7066-X6108-Y38587_reg,ipsi_PPT,0.33720930232561624,-0.4112960284190101,-0.4112960284190101
18469_7376-X7022-Y19051_reg,ipsi_PPT,0.3255813953489093,-1.1221427860780824,-1.1221427860780824
191807_7423-X4013-Y19283_reg,ipsi_PPT,0.33720930232561636,-0.4112960284190104,-0.4112960284190104
191807_7574-X4648-Y20365_reg,ipsi_PPT,0.33720930232561636,-0.4112960284190104,-0.4112960284190104
191807_7786-X4425-Y19023_reg,ipsi_PPT,0.33720930232561636,-0.4112960284190104,-0.4112960284190104
191807_7822-X4840-Y19927_reg,ipsi_PPT,0.33720930232561636,-0.4112960284190104,-0.4112960284190104
191807_8102-X5725-Y9586_reg,ipsi_PPT,0.33720930232561636,-0.4112960284190104,-0.4112960284190104
194069_7406-X4443-Y11111_reg,ipsi_PPT,0.33720930232561636,-0.4112960284190104,-0.4112960284190104
194069_7499-X4635-Y10487_reg,ipsi_PPT,0.3255813953489093,-1.1221427860780824,-1.1221427860780824
194069_7827-X3508-Y20244_reg,ipsi_PPT,0.3255813953489093,-1.1221427860780824,-1.1221427860780824
194069_7960-X3680-Y21513_reg,ipsi_PPT,0.33720930232561636,-0.4112960284190104,-0.4112960284190104
211541_7642-X7572-Y16296_reg,ipsi_PPT,0.3255813953489093,-1.1221427860780824,-1.1221427860780824
211550_6742-X19175-Y17279_reg,ipsi_PPT,0.3372093023256164,-0.4112960284190104,-0.4112960284190104
211550_7524-X21483-Y15565_reg,ipsi_PPT,0.3372093023256164,-0.4112960284190104,-0.4112960284190104
211550_7555-X20812-Y16162_reg,ipsi_PPT,0.3372093023256164,-0.4112960284190104,-0.4112960284190104
211550_7718-X19461-Y16950_reg,ipsi_PPT,0.32558139534890923,-1.1221427860780826,-1.1221427860780826
211550_7772-X7691-Y18498_reg,ipsi_PPT,0.3372093023256164,-0.4112960284190104,-0.4112960284190104
211550_7942-X7116-Y18251_reg,ipsi_PPT,0.3372093023256164,-0.4112960284190104,-0.4112960284190104
211796_7238-X7037-Y16980_reg,ipsi_PPT,0.3372093023256164,-0.4112960284190104,-0.4112960284190104
211796_7334-X21168-Y15440_reg,ipsi_PPT,0.3372093023256164,-0.4112960284190104,-0.4112960284190104
211796_7385-X18532-Y16902_reg,ipsi_PPT,0.3255813953489093,-1.1221427860780824,-1.1221427860780824
211796_7534-X18739-Y16699_reg,ipsi_PPT,0.3255813953489093,-1.1221427860780824,-1.1221427860780824
182709_7126-X2913-Y10535_reg,ipsi_SCop,0.6511627906976594,-1.0531499145913092,-1.0531499145913092
182724_6690-X3748-Y10610_reg,ipsi_SCop,0.6511627906976594,-1.0531499145913092,-1.0531499145913092
182724_7371-X5043-Y7827_reg,ipsi_SCop,0.6395348837209244,-0.447014111021046,-0.447014111021046
182724_8100-X5413-Y22190_reg,ipsi_SCop,0.6395348837209244,-0.447014111021046,-0.447014111021046
182724_8150-X4450-Y19864_reg,ipsi_SCop,0.6395348837209244,-0.447014111021046,-0.447014111021046
182725_7649-X3440-Y17884_reg,ipsi_SCop,0.6511627906976594,-1.0531499145913092,-1.0531499145913092
182725_7657-X3644-Y17105_reg,ipsi_SCop,0.6395348837209244,-0.447014111021046,-0.447014111021046
18469_6185-X6027-Y36689_reg,ipsi_SCop,0.6395348837209244,-0.447014111021046,-0.447014111021046
18469_6590-X7059-Y41111_reg,ipsi_SCop,0.6395348837209244,-0.447014111021046,-0.447014111021046
18469_6673-X5500-Y35752_reg,ipsi_SCop,0.6395348837209244,-0.447014111021046,-0.447014111021046
18469_6680-X6305-Y38542_reg,ipsi_SCop,0.6511627906976594,-1.0531499145913092,-1.0531499145913092
18469_6767-X5786-Y37391_reg,ipsi_SCop,0.6395348837209244,-0.447014111021046,-0.447014111021046
18469_6907-X5348-Y34515_reg,ipsi_SCop,0.6395348837209244,-0.447014111021046,-0.447014111021046
18469_7024-X5427-Y35160_reg,ipsi_SCop,0.6395348837209244,-0.447014111021046,-0.447014111021046
18469_7048-X7499-Y17640_reg,ipsi_SCop,0.6395348837209244,-0.447014111021046,-0.447014111021046
18469_7279-X7753-Y17170_reg,ipsi_SCop,0.6395348837209244,-0.447014111021046,-0.447014111021046
18868_6405-X11428-Y4397_reg,ipsi_SCop,0.6395348837209244,-0.447014111021046,-0.447014111021046
191807_6504-X3953-Y21204_reg,ipsi_SCop,0.6511627906976594,-1.0531499145913092,-1.0531499145913092
191807_6735-X4456-Y21792_reg,ipsi_SCop,0.6395348837209245,-0.4470141110210458,-0.4470141110210458
191807_6822-X4235-Y21316_reg,ipsi_SCop,0.6511627906976594,-1.0531499145913092,-1.0531499145913092
191807_7110-X4076-Y20205_reg,ipsi_SCop,0.6511627906976594,-1.0531499145913092,-1.0531499145913092
191807_7249-X4135-Y19813_reg,ipsi_SCop,0.6395348837209245,-0.4470141110210458,-0.4470141110210458
191807_7281-X4351-Y20216_reg,ipsi_SCop,0.6511627906976594,-1.0531499145913092,-1.0531499145913092
191807_7289-X4771-Y9549_reg,ipsi_SCop,0.6511627906976594,-1.0531499145913092,-1.0531499145913092
191807_7405-X4847-Y21105_reg,ipsi_SCop,0.6395348837209245,-0.4470141110210458,-0.4470141110210458
191807_7439-X5230-Y8737_reg,ipsi_SCop,0.6395348837209245,-0.4470141110210458,-0.4470141110210458
191807_7500-X4057-Y19214_reg,ipsi_SCop,0.6511627906976594,-1.0531499145913092,-1.0531499145913092
191807_7529-X5296-Y9002_reg,ipsi_SCop,0.6511627906976594,-1.0531499145913092,-1.0531499145913092
191807_7712-X5701-Y8560_reg,ipsi_SCop,0.6395348837209245,-0.4470141110210458,-0.4470141110210458
191807_7779-X4433-Y18625_reg,ipsi_SCop,0.6395348837209245,-0.4470141110210458,-0.4470141110210458
191807_7954-X5660-Y20932_reg,ipsi_SCop,0.6511627906976594,-1.0531499145913092,-1.0531499145913092
191807_7985-X5473-Y10063_reg,ipsi_SCop,0.6395348837209244,-0.447014111021046,-0.447014111021046
194069_7189-X5459-Y8724_reg,ipsi_SCop,0.6395348837209244,-0.447014111021046,-0.447014111021046
194069_7216-X3715-Y22464_reg,ipsi_SCop,0.6395348837209244,-0.447014111021046,-0.447014111021046
194069_7313-X3495-Y20668_reg,ipsi_SCop,0.6511627906976594,-1.0531499145913092,-1.0531499145913092
194069_7382-X3692-Y22255_reg,ipsi_SCop,0.6395348837209245,-0.4470141110210458,-0.4470141110210458
194069_7408-X5410-Y9170_reg,ipsi_SCop,0.6395348837209245,-0.4470141110210458,-0.4470141110210458
194069_7541-X6312-Y7823_reg,ipsi_SCop,0.6395348837209245,-0.4470141110210458,-0.4470141110210458
194069_7890-X3746-Y21746_reg,ipsi_SCop,0.6511627906976594,-1.0531499145913092,-1.0531499145913092
194069_7949-X5085-Y10196_reg,ipsi_SCop,0.6395348837209245,-0.4470141110210458,-0.4470141110210458
194069_8027-X4187-Y22761_reg,ipsi_SCop,0.6395348837209245,-0.4470141110210458,-0.4470141110210458
194069_8063-X5880-Y9133_reg,ipsi_SCop,0.6395348837209245,-0.4470141110210458,-0.4470141110210458
194069_8220-X4330-Y22689_reg,ipsi_SCop,0.6395348837209245,-0.4470141110210458,-0.4470141110210458
194069_8231-X4410-Y22897_reg,ipsi_SCop,0.6511627906976594,-1.0531499145913092,-1.0531499145913092
211541_7083-X17997-Y16517_reg,ipsi_SCop,0.6511627906976594,-1.0531499145913092,-1.0531499145913092
211541_7381-X7249-Y16155_reg,ipsi_SCop,0.6511627906976594,-1.0531499145913092,-1.0531499145913092
211550_6674-X20158-Y16621_reg,ipsi_SCop,0.6511627906976594,-1.0531499145913092,-1.0531499145913092
211550_6721-X20655-Y16337_reg,ipsi_SCop,0.6395348837209245,-0.4470141110210458,-0.4470141110210458
182709_6204-X2976-Y9977_reg,ipsi_SCop,0.6511627906976594,-1.0531499145913092,-1.0531499145913092
182709_7144-X3121-Y9346_reg,ipsi_SCop,0.6511627906976594,-1.0531499145913092,-1.0531499145913092
182709_7463-X3586-Y20695_reg,ipsi_SCop,0.6395348837209245,-0.4470141110210458,-0.4470141110210458
182709_7886-X5075-Y22541_2_reg,ipsi_SCop,0.6395348837209245,-0.4470141110210458,-0.4470141110210458
182709_7918-X5201-Y22656_reg,ipsi_SCop,0.6395348837209245,-0.4470141110210458,-0.4470141110210458
182724_7822-X5447-Y22786_reg,ipsi_SCop,0.6395348837209245,-0.4470141110210458,-0.4470141110210458
182724_7871-X4578-Y21040_reg,ipsi_SCop,0.6395348837209245,-0.4470141110210458,-0.4470141110210458
182724_8155-X4575-Y20238_reg,ipsi_SCop,0.6511627906976594,-1.0531499145913092,-1.0531499145913092
182724_8159-X4833-Y21213_reg,ipsi_SCop,0.6511627906976594,-1.0531499145913092,-1.0531499145913092
182724_8257-X5319-Y21978_reg,ipsi_SCop,0.6511627906976594,-1.0531499145913092,-1.0531499145913092
182724_8281-X5491-Y21925_reg,ipsi_SCop,0.6395348837209245,-0.4470141110210458,-0.4470141110210458
182725_6819-X6109-Y7853_reg,ipsi_SCop,0.6395348837209245,-0.4470141110210458,-0.4470141110210458
182725_7482-X7429-Y6760_reg,ipsi_SCop,0.6395348837209245,-0.4470141110210458,-0.4470141110210458
182725_7714-X7032-Y7882_reg,ipsi_SCop,0.6395348837209245,-0.4470141110210458,-0.4470141110210458
182725_7762-X3772-Y19585_reg,ipsi_SCop,0.6511627906976594,-1.0531499145913092,-1.0531499145913092
182725_7988-X4540-Y20706_reg,ipsi_SCop,0.6395348837209245,-0.4470141110210458,-0.4470141110210458
182725_8028-X4256-Y19926_reg,ipsi_SCop,0.6511627906976595,-1.0531499145913095,-1.0531499145913095
18469_7066-X6108-Y38587_reg,ipsi_SCop,0.6395348837209245,-0.4470141110210458,-0.4470141110210458
18469_7376-X7022-Y19051_reg,ipsi_SCop,0.6395348837209245,-0.4470141110210458,-0.4470141110210458
191807_7423-X4013-Y19283_reg,ipsi_SCop,0.6395348837209245,-0.4470141110210458,-0.4470141110210458
191807_7574-X4648-Y20365_reg,ipsi_SCop,0.6511627906976594,-1.0531499145913092,-1.0531499145913092
191807_7786-X4425-Y19023_reg,ipsi_SCop,0.6395348837209244,-0.447014111021046,-0.447014111021046
191807_7822-X4840-Y19927_reg,ipsi_SCop,0.6395348837209244,-0.447014111021046,-0.447014111021046
191807_8102-X5725-Y9586_reg,ipsi_SCop,0.6511627906976594,-1.0531499145913092,-1.0531499145913092
194069_7406-X4443-Y11111_reg,ipsi_SCop,0.6511627906976594,-1.0531499145913092,-1.0531499145913092
194069_7499-X4635-Y10487_reg,ipsi_SCop,0.6511627906976594,-1.0531499145913092,-1.0531499145913092
194069_7827-X3508-Y20244_reg,ipsi_SCop,0.6395348837209245,-0.4470141110210458,-0.4470141110210458
194069_7960-X3680-Y21513_reg,ipsi_SCop,0.6511627906976594,-1.0531499145913092,-1.0531499145913092
211541_7642-X7572-Y16296_reg,ipsi_SCop,0.6511627906976594,-1.0531499145913092,-1.0531499145913092
211550_6742-X19175-Y17279_reg,ipsi_SCop,0.6395348837209245,-0.4470141110210458,-0.4470141110210458
211550_7524-X21483-Y15565_reg,ipsi_SCop,0.6395348837209245,-0.4470141110210458,-0.4470141110210458
211550_7555-X20812-Y16162_reg,ipsi_SCop,0.6395348837209245,-0.4470141110210458,-0.4470141110210458
211550_7718-X19461-Y16950_reg,ipsi_SCop,0.6395348837209245,-0.4470141110210458,-0.4470141110210458
211550_7772-X7691-Y18498_reg,ipsi_SCop,0.6395348837209245,-0.4470141110210458,-0.4470141110210458
211550_7942-X7116-Y18251_reg,ipsi_SCop,0.6395348837209245,-0.4470141110210458,-0.4470141110210458
211796_7238-X7037-Y16980_reg,ipsi_SCop,0.6395348837209245,-0.4470141110210458,-0.4470141110210458
211796_7334-X21168-Y15440_reg,ipsi_SCop,0.6395348837209245,-0.4470141110210458,-0.4470141110210458
211796_7385-X18532-Y16902_reg,ipsi_SCop,0.6395348837209245,-0.4470141110210458,-0.4470141110210458
211796_7534-X18739-Y16699_reg,ipsi_SCop,0.6395348837209245,-0.4470141110210458,-0.4470141110210458
182709_7126-X2913-Y10535_reg,ipsi_SCsg,0.6046511627906974,-0.9279867716373457,-0.9279867716373457
182724_6690-X3748-Y10610_reg,ipsi_SCsg,0.5930232558139535,-0.5225216635291818,-0.5225216635291818
182724_7371-X5043-Y7827_reg,ipsi_SCsg,0.5930232558139535,-0.5225216635291818,-0.5225216635291818
182724_8100-X5413-Y22190_reg,ipsi_SCsg,0.5930232558139535,-0.5225216635291818,-0.5225216635291818
182724_8150-X4450-Y19864_reg,ipsi_SCsg,0.5930232558139535,-0.5225216635291818,-0.5225216635291818
182725_7649-X3440-Y17884_reg,ipsi_SCsg,0.6046511627906974,-0.9279867716373457,-0.9279867716373457
182725_7657-X3644-Y17105_reg,ipsi_SCsg,0.5930232558139535,-0.5225216635291818,-0.5225216635291818
18469_6185-X6027-Y36689_reg,ipsi_SCsg,0.5930232558139535,-0.5225216635291818,-0.5225216635291818
18469_6590-X7059-Y41111_reg,ipsi_SCsg,0.5930232558139535,-0.5225216635291818,-0.5225216635291818
18469_6673-X5500-Y35752_reg,ipsi_SCsg,0.6046511627906974,-0.9279867716373457,-0.9279867716373457
18469_6680-X6305-Y38542_reg,ipsi_SCsg,0.6046511627906974,-0.9279867716373457,-0.9279867716373457
18469_6767-X5786-Y37391_reg,ipsi_SCsg,0.6046511627906974,-0.9279867716373457,-0.9279867716373457
18469_6907-X5348-Y34515_reg,ipsi_SCsg,0.5930232558139535,-0.5225216635291818,-0.5225216635291818
18469_7024-X5427-Y35160_reg,ipsi_SCsg,0.5930232558139535,-0.5225216635291818,-0.5225216635291818
18469_7048-X7499-Y17640_reg,ipsi_SCsg,0.5930232558139535,-0.5225216635291818,-0.5225216635291818
18469_7279-X7753-Y17170_reg,ipsi_SCsg,0.5930232558139535,-0.5225216635291818,-0.5225216635291818
18868_6405-X11428-Y4397_reg,ipsi_SCsg,0.5930232558139535,-0.5225216635291818,-0.5225216635291818
191807_6504-X3953-Y21204_reg,ipsi_SCsg,0.6046511627906974,-0.9279867716373457,-0.9279867716373457
191807_6735-X4456-Y21792_reg,ipsi_SCsg,0.5930232558139534,-0.5225216635291821,-0.5225216635291821
191807_6822-X4235-Y21316_reg,ipsi_SCsg,0.6046511627906974,-0.9279867716373457,-0.9279867716373457
191807_7110-X4076-Y20205_reg,ipsi_SCsg,0.6046511627906974,-0.9279867716373457,-0.9279867716373457
191807_7249-X4135-Y19813_reg,ipsi_SCsg,0.5930232558139534,-0.5225216635291821,-0.5225216635291821
191807_7281-X4351-Y20216_reg,ipsi_SCsg,0.6046511627906974,-0.9279867716373457,-0.9279867716373457
191807_7289-X4771-Y9549_reg,ipsi_SCsg,0.6046511627906974,-0.9279867716373457,-0.9279867716373457
191807_7405-X4847-Y21105_reg,ipsi_SCsg,0.5930232558139534,-0.5225216635291821,-0.5225216635291821
191807_7439-X5230-Y8737_reg,ipsi_SCsg,0.5930232558139534,-0.5225216635291821,-0.5225216635291821
191807_7500-X4057-Y19214_reg,ipsi_SCsg,0.6046511627906974,-0.9279867716373457,-0.9279867716373457
191807_7529-X5296-Y9002_reg,ipsi_SCsg,0.6046511627906974,-0.9279867716373457,-0.9279867716373457
191807_7712-X5701-Y8560_reg,ipsi_SCsg,0.6046511627906974,-0.9279867716373457,-0.9279867716373457
191807_7779-X4433-Y18625_reg,ipsi_SCsg,0.5930232558139534,-0.5225216635291821,-0.5225216635291821
191807_7954-X5660-Y20932_reg,ipsi_SCsg,0.6046511627906974,-0.9279867716373457,-0.9279867716373457
191807_7985-X5473-Y10063_reg,ipsi_SCsg,0.5930232558139534,-0.5225216635291821,-0.5225216635291821
194069_7189-X5459-Y8724_reg,ipsi_SCsg,0.5930232558139534,-0.5225216635291821,-0.5225216635291821
194069_7216-X3715-Y22464_reg,ipsi_SCsg,0.6046511627906974,-0.9279867716373457,-0.9279867716373457
194069_7313-X3495-Y20668_reg,ipsi_SCsg,0.6046511627906974,-0.9279867716373457,-0.9279867716373457
194069_7382-X3692-Y22255_reg,ipsi_SCsg,0.5930232558139534,-0.5225216635291821,-0.5225216635291821
194069_7408-X5410-Y9170_reg,ipsi_SCsg,0.5930232558139534,-0.5225216635291821,-0.5225216635291821
194069_7541-X6312-Y7823_reg,ipsi_SCsg,0.5930232558139534,-0.5225216635291821,-0.5225216635291821
194069_7890-X3746-Y21746_reg,ipsi_SCsg,0.6046511627906974,-0.9279867716373457,-0.9279867716373457
194069_7949-X5085-Y10196_reg,ipsi_SCsg,0.5930232558139534,-0.5225216635291821,-0.5225216635291821
194069_8027-X4187-Y22761_reg,ipsi_SCsg,0.5930232558139534,-0.5225216635291821,-0.5225216635291821
194069_8063-X5880-Y9133_reg,ipsi_SCsg,0.5930232558139534,-0.5225216635291821,-0.5225216635291821
194069_8220-X4330-Y22689_reg,ipsi_SCsg,0.5930232558139534,-0.5225216635291821,-0.5225216635291821
194069_8231-X4410-Y22897_reg,ipsi_SCsg,0.6046511627906974,-0.9279867716373457,-0.9279867716373457
211541_7083-X17997-Y16517_reg,ipsi_SCsg,0.6046511627906974,-0.9279867716373457,-0.9279867716373457
211541_7381-X7249-Y16155_reg,ipsi_SCsg,0.5930232558139534,-0.5225216635291821,-0.5225216635291821
211550_6674-X20158-Y16621_reg,ipsi_SCsg,0.6046511627906974,-0.9279867716373457,-0.9279867716373457
211550_6721-X20655-Y16337_reg,ipsi_SCsg,0.6046511627906974,-0.9279867716373457,-0.9279867716373457
182709_6204-X2976-Y9977_reg,ipsi_SCsg,0.6046511627906974,-0.9279867716373457,-0.9279867716373457
182709_7144-X3121-Y9346_reg,ipsi_SCsg,0.6046511627906974,-0.9279867716373457,-0.9279867716373457
182709_7463-X3586-Y20695_reg,ipsi_SCsg,0.6046511627906974,-0.9279867716373457,-0.9279867716373457
182709_7886-X5075-Y22541_2_reg,ipsi_SCsg,0.5930232558139534,-0.5225216635291821,-0.5225216635291821
182709_7918-X5201-Y22656_reg,ipsi_SCsg,0.5930232558139534,-0.5225216635291821,-0.5225216635291821
182724_7822-X5447-Y22786_reg,ipsi_SCsg,0.5930232558139534,-0.5225216635291821,-0.5225216635291821
182724_7871-X4578-Y21040_reg,ipsi_SCsg,0.5930232558139534,-0.5225216635291821,-0.5225216635291821
182724_8155-X4575-Y20238_reg,ipsi_SCsg,0.5930232558139534,-0.5225216635291821,-0.5225216635291821
182724_8159-X4833-Y21213_reg,ipsi_SCsg,0.6046511627906974,-0.9279867716373457,-0.9279867716373457
182724_8257-X5319-Y21978_reg,ipsi_SCsg,0.6046511627906974,-0.9279867716373457,-0.9279867716373457
182724_8281-X5491-Y21925_reg,ipsi_SCsg,0.5930232558139534,-0.5225216635291821,-0.5225216635291821
182725_6819-X6109-Y7853_reg,ipsi_SCsg,0.5930232558139534,-0.5225216635291821,-0.5225216635291821
182725_7482-X7429-Y6760_reg,ipsi_SCsg,0.5930232558139534,-0.5225216635291821,-0.5225216635291821
182725_7714-X7032-Y7882_reg,ipsi_SCsg,0.5930232558139534,-0.5225216635291821,-0.5225216635291821
182725_7762-X3772-Y19585_reg,ipsi_SCsg,0.6046511627906974,-0.9279867716373457,-0.9279867716373457
182725_7988-X4540-Y20706_reg,ipsi_SCsg,0.6046511627906974,-0.9279867716373457,-0.9279867716373457
182725_8028-X4256-Y19926_reg,ipsi_SCsg,0.6046511627906974,-0.9279867716373457,-0.9279867716373457
18469_7066-X6108-Y38587_reg,ipsi_SCsg,0.6046511627906974,-0.9279867716373457,-0.9279867716373457
18469_7376-X7022-Y19051_reg,ipsi_SCsg,0.5930232558139534,-0.5225216635291821,-0.5225216635291821
191807_7423-X4013-Y19283_reg,ipsi_SCsg,0.5930232558139534,-0.5225216635291821,-0.5225216635291821
191807_7574-X4648-Y20365_reg,ipsi_SCsg,0.6046511627906974,-0.9279867716373457,-0.9279867716373457
191807_7786-X4425-Y19023_reg,ipsi_SCsg,0.5930232558139533,-0.5225216635291823,-0.5225216635291823
191807_7822-X4840-Y19927_reg,ipsi_SCsg,0.5930232558139533,-0.5225216635291823,-0.5225216635291823
191807_8102-X5725-Y9586_reg,ipsi_SCsg,0.6046511627906974,-0.9279867716373457,-0.9279867716373457
194069_7406-X4443-Y11111_reg,ipsi_SCsg,0.6046511627906974,-0.9279867716373457,-0.9279867716373457
194069_7499-X4635-Y10487_reg,ipsi_SCsg,0.5930232558139534,-0.5225216635291821,-0.5225216635291821
194069_7827-X3508-Y20244_reg,ipsi_SCsg,0.5930232558139534,-0.5225216635291821,-0.5225216635291821
194069_7960-X3680-Y21513_reg,ipsi_SCsg,0.6046511627906974,-0.9279867716373457,-0.9279867716373457
211541_7642-X7572-Y16296_reg,ipsi_SCsg,0.5930232558139537,-0.5225216635291817,-0.5225216635291817
211550_6742-X19175-Y17279_reg,ipsi_SCsg,0.6046511627906974,-0.9279867716373457,-0.9279867716373457
211550_7524-X21483-Y15565_reg,ipsi_SCsg,0.5930232558139537,-0.5225216635291817,-0.5225216635291817
211550_7555-X20812-Y16162_reg,ipsi_SCsg,0.5930232558139537,-0.5225216635291817,-0.5225216635291817
211550_7718-X19461-Y16950_reg,ipsi_SCsg,0.5930232558139537,-0.5225216635291817,-0.5225216635291817
211550_7772-X7691-Y18498_reg,ipsi_SCsg,0.5930232558139537,-0.5225216635291817,-0.5225216635291817
211550_7942-X7116-Y18251_reg,ipsi_SCsg,0.5930232558139537,-0.5225216635291817,-0.5225216635291817
211796_7238-X7037-Y16980_reg,ipsi_SCsg,0.5930232558139537,-0.5225216635291817,-0.5225216635291817
211796_7334-X21168-Y15440_reg,ipsi_SCsg,0.5930232558139537,-0.5225216635291817,-0.5225216635291817
211796_7385-X18532-Y16902_reg,ipsi_SCsg,0.5930232558139537,-0.5225216635291817,-0.5225216635291817
211796_7534-X18739-Y16699_reg,ipsi_SCsg,0.5930232558139537,-0.5225216635291817,-0.5225216635291817
182709_7126-X2913-Y10535_reg,ipsi_SCzo,0.15116279069767447,-0.16388785510511666,-0.16388785510511666
182724_6690-X3748-Y10610_reg,ipsi_SCzo,0.15116279069767447,-0.16388785510511666,-0.16388785510511666
182724_7371-X5043-Y7827_reg,ipsi_SCzo,0.15116279069767447,-0.16388785510511666,-0.16388785510511666
182724_8100-X5413-Y22190_reg,ipsi_SCzo,0.13953488372095993,-1.9694406464652945,-1.9694406464652945
182724_8150-X4450-Y19864_reg,ipsi_SCzo,0.15116279069767447,-0.16388785510511666,-0.16388785510511666
182725_7649-X3440-Y17884_reg,ipsi_SCzo,0.15116279069767447,-0.16388785510511666,-0.16388785510511666
182725_7657-X3644-Y17105_reg,ipsi_SCzo,0.15116279069767447,-0.16388785510511666,-0.16388785510511666
18469_6185-X6027-Y36689_reg,ipsi_SCzo,0.15116279069767447,-0.16388785510511666,-0.16388785510511666
18469_6590-X7059-Y41111_reg,ipsi_SCzo,0.15116279069767447,-0.16388785510511666,-0.16388785510511666
18469_6673-X5500-Y35752_reg,ipsi_SCzo,0.15116279069767447,-0.16388785510511666,-0.16388785510511666
18469_6680-X6305-Y38542_reg,ipsi_SCzo,0.15116279069767447,-0.16388785510511666,-0.16388785510511666
18469_6767-X5786-Y37391_reg,ipsi_SCzo,0.15116279069767447,-0.16388785510511666,-0.16388785510511666
18469_6907-X5348-Y34515_reg,ipsi_SCzo,0.13953488372095993,-1.9694406464652945,-1.9694406464652945
18469_7024-X5427-Y35160_reg,ipsi_SCzo,0.15116279069767447,-0.16388785510511666,-0.16388785510511666
18469_7048-X7499-Y17640_reg,ipsi_SCzo,0.15116279069767447,-0.16388785510511666,-0.16388785510511666
18469_7279-X7753-Y17170_reg,ipsi_SCzo,0.15116279069767447,-0.16388785510511666,-0.16388785510511666
18868_6405-X11428-Y4397_reg,ipsi_SCzo,0.15116279069767447,-0.16388785510511666,-0.16388785510511666
191807_6504-X3953-Y21204_reg,ipsi_SCzo,0.15116279069767447,-0.16388785510511666,-0.16388785510511666
191807_6735-X4456-Y21792_reg,ipsi_SCzo,0.13953488372096,-1.969440646465294,-1.969440646465294
191807_6822-X4235-Y21316_reg,ipsi_SCzo,0.15116279069767447,-0.16388785510511666,-0.16388785510511666
191807_7110-X4076-Y20205_reg,ipsi_SCzo,0.15116279069767447,-0.16388785510511666,-0.16388785510511666
191807_7249-X4135-Y19813_reg,ipsi_SCzo,0.15116279069767447,-0.16388785510511666,-0.16388785510511666
191807_7281-X4351-Y20216_reg,ipsi_SCzo,0.15116279069767447,-0.16388785510511666,-0.16388785510511666
191807_7289-X4771-Y9549_reg,ipsi_SCzo,0.15116279069767447,-0.16388785510511666,-0.16388785510511666
191807_7405-X4847-Y21105_reg,ipsi_SCzo,0.15116279069767447,-0.16388785510511666,-0.16388785510511666
191807_7439-X5230-Y8737_reg,ipsi_SCzo,0.15116279069767447,-0.16388785510511666,-0.16388785510511666
191807_7500-X4057-Y19214_reg,ipsi_SCzo,0.15116279069767447,-0.16388785510511666,-0.16388785510511666
191807_7529-X5296-Y9002_reg,ipsi_SCzo,0.15116279069767447,-0.16388785510511666,-0.16388785510511666
191807_7712-X5701-Y8560_reg,ipsi_SCzo,0.15116279069767447,-0.16388785510511666,-0.16388785510511666
191807_7779-X4433-Y18625_reg,ipsi_SCzo,0.13953488372095993,-1.9694406464652945,-1.9694406464652945
191807_7954-X5660-Y20932_reg,ipsi_SCzo,0.15116279069767447,-0.16388785510511666,-0.16388785510511666
191807_7985-X5473-Y10063_reg,ipsi_SCzo,0.13953488372095996,-1.9694406464652945,-1.9694406464652945
194069_7189-X5459-Y8724_reg,ipsi_SCzo,0.15116279069767447,-0.16388785510511666,-0.16388785510511666
194069_7216-X3715-Y22464_reg,ipsi_SCzo,0.15116279069767447,-0.16388785510511666,-0.16388785510511666
194069_7313-X3495-Y20668_reg,ipsi_SCzo,0.15116279069767447,-0.16388785510511666,-0.16388785510511666
194069_7382-X3692-Y22255_reg,ipsi_SCzo,0.15116279069767447,-0.16388785510511666,-0.16388785510511666
194069_7408-X5410-Y9170_reg,ipsi_SCzo,0.13953488372095996,-1.9694406464652945,-1.9694406464652945
194069_7541-X6312-Y7823_reg,ipsi_SCzo,0.15116279069767447,-0.16388785510511666,-0.16388785510511666
194069_7890-X3746-Y21746_reg,ipsi_SCzo,0.15116279069767447,-0.16388785510511666,-0.16388785510511666
194069_7949-X5085-Y10196_reg,ipsi_SCzo,0.15116279069767447,-0.16388785510511666,-0.16388785510511666
194069_8027-X4187-Y22761_reg,ipsi_SCzo,0.1395348837209599,-1.9694406464652947,-1.9694406464652947
194069_8063-X5880-Y9133_reg,ipsi_SCzo,0.15116279069767447,-0.16388785510511666,-0.16388785510511666
194069_8220-X4330-Y22689_reg,ipsi_SCzo,0.15116279069767447,-0.16388785510511666,-0.16388785510511666
194069_8231-X4410-Y22897_reg,ipsi_SCzo,0.15116279069767447,-0.16388785510511666,-0.16388785510511666
211541_7083-X17997-Y16517_reg,ipsi_SCzo,0.15116279069767447,-0.16388785510511666,-0.16388785510511666
211541_7381-X7249-Y16155_reg,ipsi_SCzo,0.15116279069767447,-0.16388785510511666,-0.16388785510511666
211550_6674-X20158-Y16621_reg,ipsi_SCzo,0.15116279069767447,-0.16388785510511666,-0.16388785510511666
211550_6721-X20655-Y16337_reg,ipsi_SCzo,0.15116279069767447,-0.16388785510511666,-0.16388785510511666
182709_6204-X2976-Y9977_reg,ipsi_SCzo,0.15116279069767447,-0.16388785510511666,-0.16388785510511666
182709_7144-X3121-Y9346_reg,ipsi_SCzo,0.15116279069767447,-0.16388785510511666,-0.16388785510511666
182709_7463-X3586-Y20695_reg,ipsi_SCzo,0.15116279069767447,-0.16388785510511666,-0.16388785510511666
182709_7886-X5075-Y22541_2_reg,ipsi_SCzo,0.15116279069767447,-0.16388785510511666,-0.16388785510511666
182709_7918-X5201-Y22656_reg,ipsi_SCzo,0.15116279069767447,-0.16388785510511666,-0.16388785510511666
182724_7822-X5447-Y22786_reg,ipsi_SCzo,0.15116279069767447,-0.16388785510511666,-0.16388785510511666
182724_7871-X4578-Y21040_reg,ipsi_SCzo,0.13953488372096,-1.969440646465294,-1.969440646465294
182724_8155-X4575-Y20238_reg,ipsi_SCzo,0.15116279069767447,-0.16388785510511666,-0.16388785510511666
182724_8159-X4833-Y21213_reg,ipsi_SCzo,0.15116279069767447,-0.16388785510511666,-0.16388785510511666
182724_8257-X5319-Y21978_reg,ipsi_SCzo,0.15116279069767447,-0.16388785510511666,-0.16388785510511666
182724_8281-X5491-Y21925_reg,ipsi_SCzo,0.15116279069767447,-0.16388785510511666,-0.16388785510511666
182725_6819-X6109-Y7853_reg,ipsi_SCzo,0.15116279069767447,-0.16388785510511666,-0.16388785510511666
182725_7482-X7429-Y6760_reg,ipsi_SCzo,0.15116279069767447,-0.16388785510511666,-0.16388785510511666
182725_7714-X7032-Y7882_reg,ipsi_SCzo,0.15116279069767447,-0.16388785510511666,-0.16388785510511666
182725_7762-X3772-Y19585_reg,ipsi_SCzo,0.13953488372095993,-1.9694406464652945,-1.9694406464652945
182725_7988-X4540-Y20706_reg,ipsi_SCzo,0.15116279069767447,-0.16388785510511666,-0.16388785510511666
182725_8028-X4256-Y19926_reg,ipsi_SCzo,0.15116279069767447,-0.16388785510511666,-0.16388785510511666
18469_7066-X6108-Y38587_reg,ipsi_SCzo,0.15116279069767447,-0.16388785510511666,-0.16388785510511666
18469_7376-X7022-Y19051_reg,ipsi_SCzo,0.15116279069767447,-0.16388785510511666,-0.16388785510511666
191807_7423-X4013-Y19283_reg,ipsi_SCzo,0.15116279069767447,-0.16388785510511666,-0.16388785510511666
191807_7574-X4648-Y20365_reg,ipsi_SCzo,0.15116279069767447,-0.16388785510511666,-0.16388785510511666
191807_7786-X4425-Y19023_reg,ipsi_SCzo,0.15116279069767447,-0.16388785510511666,-0.16388785510511666
191807_7822-X4840-Y19927_reg,ipsi_SCzo,0.15116279069767447,-0.16388785510511666,-0.16388785510511666
191807_8102-X5725-Y9586_reg,ipsi_SCzo,0.15116279069767447,-0.16388785510511666,-0.16388785510511666
194069_7406-X4443-Y11111_reg,ipsi_SCzo,0.15116279069767447,-0.16388785510511666,-0.16388785510511666
194069_7499-X4635-Y10487_reg,ipsi_SCzo,0.15116279069767447,-0.16388785510511666,-0.16388785510511666
194069_7827-X3508-Y20244_reg,ipsi_SCzo,0.15116279069767447,-0.16388785510511666,-0.16388785510511666
194069_7960-X3680-Y21513_reg,ipsi_SCzo,0.15116279069767447,-0.16388785510511666,-0.16388785510511666
211541_7642-X7572-Y16296_reg,ipsi_SCzo,0.15116279069767447,-0.16388785510511666,-0.16388785510511666
211550_6742-X19175-Y17279_reg,ipsi_SCzo,0.15116279069767447,-0.16388785510511666,-0.16388785510511666
211550_7524-X21483-Y15565_reg,ipsi_SCzo,0.13953488372096,-1.969440646465294,-1.969440646465294
211550_7555-X20812-Y16162_reg,ipsi_SCzo,0.13953488372096,-1.969440646465294,-1.969440646465294
211550_7718-X19461-Y16950_reg,ipsi_SCzo,0.13953488372096,-1.969440646465294,-1.969440646465294
211550_7772-X7691-Y18498_reg,ipsi_SCzo,0.15116279069767435,-0.16388785510511653,-0.16388785510511653
211550_7942-X7116-Y18251_reg,ipsi_SCzo,0.15116279069767435,-0.16388785510511653,-0.16388785510511653
211796_7238-X7037-Y16980_reg,ipsi_SCzo,0.13953488372096,-1.969440646465294,-1.969440646465294
211796_7334-X21168-Y15440_reg,ipsi_SCzo,0.15116279069767435,-0.16388785510511653,-0.16388785510511653
211796_7385-X18532-Y16902_reg,ipsi_SCzo,0.15116279069767435,-0.16388785510511653,-0.16388785510511653
211796_7534-X18739-Y16699_reg,ipsi_SCzo,0.15116279069767435,-0.16388785510511653,-0.16388785510511653
182709_7126-X2913-Y10535_reg,ipsi_RSPagl,0.08711498871776821,-0.11054187506664832,-0.09114535234068673
182724_6690-X3748-Y10610_reg,ipsi_RSPagl,0.1140863117059108,-0.11054187506664832,-0.12113575039772138
182724_7371-X5043-Y7827_reg,ipsi_RSPagl,0.06934674436881955,-0.11054187506664832,-0.07186851401022717
182724_8100-X5413-Y22190_reg,ipsi_RSPagl,0.03851273059074123,-0.11054187506664832,-0.0392739543849414
182724_8150-X4450-Y19864_reg,ipsi_RSPagl,0.46802474448111103,-2.3749057545736707,-0.759234111639322
182725_7649-X3440-Y17884_reg,ipsi_RSPagl,0.014606766410082902,-0.11054187506664832,-0.014714495559218006
182725_7657-X3644-Y17105_reg,ipsi_RSPagl,0.30397341023803115,-2.3749057545736707,-1.190815047723583
18469_6185-X6027-Y36689_reg,ipsi_RSPagl,0.027461017461044963,-0.11054187506664832,-0.02784511941995132
18469_6590-X7059-Y41111_reg,ipsi_RSPagl,0.017284872551380562,-0.11054187506664832,-0.017435999971559403
18469_6673-X5500-Y35752_reg,ipsi_RSPagl,0.041493576550904424,-0.11054187506664832,-0.042379014954891644
18469_6680-X6305-Y38542_reg,ipsi_RSPagl,0.027581222180439242,-0.11054187506664832,-0.027968725929046007
18469_6767-X5786-Y37391_reg,ipsi_RSPagl,0.021257174232104135,-0.11054187506664832,-0.021486361698475745
18469_6907-X5348-Y34515_reg,ipsi_RSPagl,0.11554903040173672,-2.3749057545736707,-2.158060333454576
18469_7024-X5427-Y35160_reg,ipsi_RSPagl,0.1258740439252193,-0.11054187506664832,-0.1345307992080614
18469_7048-X7499-Y17640_reg,ipsi_RSPagl,0.028255183368631965,-0.11054187506664832,-0.028662043319736295
18469_7279-X7753-Y17170_reg,ipsi_RSPagl,0.051134616511302876,-0.11054187506664832,-0.05248834134159071
18868_6405-X11428-Y4397_reg,ipsi_RSPagl,0.019557621616724273,-0.11054187506664832,-0.01975140265724267
191807_6504-X3953-Y21204_reg,ipsi_RSPagl,0.03505356164830954,-0.11054187506664832,-0.035682683482338065
191807_6735-X4456-Y21792_reg,ipsi_RSPagl,0.014389187016931405,-0.11054187506664832,-0.014493715298098205
191807_6822-X4235-Y21316_reg,ipsi_RSPagl,0.033745787468481676,-0.11054187506664832,-0.03432831941961454
191807_7110-X4076-Y20205_reg,ipsi_RSPagl,0.0332226066149639,-0.11054187506664832,-0.033787013354373494
191807_7249-X4135-Y19813_reg,ipsi_RSPagl,0.030914853993584665,-0.11054187506664832,-0.03140280097605013
191807_7281-X4351-Y20216_reg,ipsi_RSPagl,0.04879539807699111,-0.11054187506664832,-0.05002609559896608
191807_7289-X4771-Y9549_reg,ipsi_RSPagl,0.004689959432024271,-0.11054187506664832,-0.004700991799513747
191807_7405-X4847-Y21105_reg,ipsi_RSPagl,0.04010621194739926,-0.11054187506664832,-0.04093263808623631
191807_7439-X5230-Y8737_reg,ipsi_RSPagl,0.03916385195450398,-0.11054187506664832,-0.039951386062411776
191807_7500-X4057-Y19214_reg,ipsi_RSPagl,0.06826069529784383,-0.11054187506664832,-0.07070221940916956
191807_7529-X5296-Y9002_reg,ipsi_RSPagl,0.019369918251644917,-0.11054187506664832,-0.019559973355706365
191807_7712-X5701-Y8560_reg,ipsi_RSPagl,0.01588945439120439,-0.11054187506664832,-0.016017045141527377
191807_7779-X4433-Y18625_reg,ipsi_RSPagl,0.2598411987697058,-2.3749057545736707,-1.3476846085276797
191807_7954-X5660-Y20932_reg,ipsi_RSPagl,0.2765634779993128,-2.3749057545736707,-1.2853149075174393
191807_7985-X5473-Y10063_reg,ipsi_RSPagl,0.1984151216375897,-0.11054187506664832,-0.2211644131478206
194069_7189-X5459-Y8724_reg,ipsi_RSPagl,0.007378438161686816,-2.3749057545736707,-4.909193293974549
194069_7216-X3715-Y22464_reg,ipsi_RSPagl,0.04860943608415319,-0.11054187506664832,-0.04983061313714859
194069_7313-X3495-Y20668_reg,ipsi_RSPagl,0.0050592666400156765,-0.11054187506664832,-0.00507210805990461
194069_7382-X3692-Y22255_reg,ipsi_RSPagl,0.012792875775611046,-0.11054187506664832,-0.012875409260224848
194069_7408-X5410-Y9170_reg,ipsi_RSPagl,0.003733199137394245,-0.11054187506664832,-0.003740184916917651
194069_7541-X6312-Y7823_reg,ipsi_RSPagl,0.03794960450672936,-0.11054187506664832,-0.03868844352089692
194069_7890-X3746-Y21746_reg,ipsi_RSPagl,0.020963038145454548,-0.11054187506664832,-0.02118588246100245
194069_7949-X5085-Y10196_reg,ipsi_RSPagl,0.13358917982758572,-0.11054187506664832,-0.1433960947163509
194069_8027-X4187-Y22761_reg,ipsi_RSPagl,0.0023583194723616097,-0.11054187506664832,-0.0023611046875416345
194069_8063-X5880-Y9133_reg,ipsi_RSPagl,0.3320671559872034,-0.11054187506664832,-0.4035676434142387
194069_8220-X4330-Y22689_reg,ipsi_RSPagl,0.13026684755842377,-0.11054187506664832,-0.13956883571363762
194069_8231-X4410-Y22897_reg,ipsi_RSPagl,0.059061192831034955,-0.11054187506664832,-0.060877171087292105
211541_7083-X17997-Y16517_reg,ipsi_RSPagl,0.010415269226025202,-0.11054187506664832,-0.010469887717749536
211541_7381-X7249-Y16155_reg,ipsi_RSPagl,0.025949469372215303,-0.11054187506664832,-0.026292097190650926
211550_6674-X20158-Y16621_reg,ipsi_RSPagl,0.04886871455365791,-0.11054187506664832,-0.050103176073754946
211550_6721-X20655-Y16337_reg,ipsi_RSPagl,0.04173308967947082,-0.11054187506664832,-0.04262892779079484
182709_6204-X2976-Y9977_reg,ipsi_RSPagl,0.10015162072032814,-0.11054187506664832,-0.10552899731709525
182709_7144-X3121-Y9346_reg,ipsi_RSPagl,0.046412346833720856,-0.11054187506664832,-0.04752393035734841
182709_7463-X3586-Y20695_reg,ipsi_RSPagl,0.08148514418269669,-0.11054187506664832,-0.08499720045960166
182709_7886-X5075-Y22541_2_reg,ipsi_RSPagl,0.3131537822211591,-0.11054187506664832,-0.37564485784493723
182709_7918-X5201-Y22656_reg,ipsi_RSPagl,0.2742144251088774,-0.11054187506664832,-0.3205006591717909
182724_7822-X5447-Y22786_reg,ipsi_RSPagl,0.04446516077243066,-0.11054187506664832,-0.045484054189894416
182724_7871-X4578-Y21040_reg,ipsi_RSPagl,0.1741901189522007,-0.11054187506664832,-0.191390700176933
182724_8155-X4575-Y20238_reg,ipsi_RSPagl,0.5634089013099014,-0.11054187506664832,-0.8287582228659308
182724_8159-X4833-Y21213_reg,ipsi_RSPagl,0.0989275347745143,-0.11054187506664832,-0.10416959705466315
182724_8257-X5319-Y21978_reg,ipsi_RSPagl,0.09232162232944795,-0.11054187506664832,-0.09686517274181604
182724_8281-X5491-Y21925_reg,ipsi_RSPagl,0.06526161303232705,-0.11054187506664832,-0.06748858887935728
182725_6819-X6109-Y7853_reg,ipsi_RSPagl,0.06929111379452524,-0.11054187506664832,-0.07180873996297377
182725_7482-X7429-Y6760_reg,ipsi_RSPagl,0.14231673957588623,-0.11054187506664832,-0.1535204079954849
182725_7714-X7032-Y7882_reg,ipsi_RSPagl,0.1384394015999423,-2.3749057545736707,-1.977322582674911
182725_7762-X3772-Y19585_reg,ipsi_RSPagl,0.060247666814107245,-0.11054187506664832,-0.06213891376796789
182725_7988-X4540-Y20706_reg,ipsi_RSPagl,0.08611711605018056,-0.11054187506664832,-0.09005285146036827
182725_8028-X4256-Y19926_reg,ipsi_RSPagl,0.14939181236162016,-0.11054187506664832,-0.1618036704878165
18469_7066-X6108-Y38587_reg,ipsi_RSPagl,0.05657468469836971,-0.11054187506664832,-0.05823807437961242
18469_7376-X7022-Y19051_reg,ipsi_RSPagl,0.025439839842451805,-0.11054187506664832,-0.025769027555661125
191807_7423-X4013-Y19283_reg,ipsi_RSPagl,0.09324054552331212,-0.11054187506664832,-0.09787807410018576
191807_7574-X4648-Y20365_reg,ipsi_RSPagl,0.04713861045035737,-0.11054187506664832,-0.048285832338987075
191807_7786-X4425-Y19023_reg,ipsi_RSPagl,0.2603342931200372,-2.3749057545736707,-1.3457887310566505
191807_7822-X4840-Y19927_reg,ipsi_RSPagl,0.20051301498451835,-0.11054187506664832,-0.22378502574559447
191807_8102-X5725-Y9586_reg,ipsi_RSPagl,0.11981242644421822,-0.11054187506664832,-0.12762024245556153
194069_7406-X4443-Y11111_reg,ipsi_RSPagl,0.0831441683590778,-0.11054187506664832,-0.08680503648919814
194069_7499-X4635-Y10487_reg,ipsi_RSPagl,0.06412095503044014,-0.11054187506664832,-0.06626903631474607
194069_7827-X3508-Y20244_reg,ipsi_RSPagl,0.9006102369611649,-2.3749057545736707,-0.10468270435585553
194069_7960-X3680-Y21513_reg,ipsi_RSPagl,0.06996172065376627,-0.11054187506664832,-0.07252953309456106
211541_7642-X7572-Y16296_reg,ipsi_RSPagl,0.1465657187551124,-0.11054187506664832,-0.158486738839482
211550_6742-X19175-Y17279_reg,ipsi_RSPagl,0.02859106657309272,-0.11054187506664832,-0.02900775266753849
211550_7524-X21483-Y15565_reg,ipsi_RSPagl,0.020722437570830084,-0.11054187506664832,-0.020940160363911733
211550_7555-X20812-Y16162_reg,ipsi_RSPagl,0.11753814481984547,-0.11054187506664832,-0.1250397147007445
211550_7718-X19461-Y16950_reg,ipsi_RSPagl,0.018732437643532978,-0.11054187506664832,-0.018910112102788767
211550_7772-X7691-Y18498_reg,ipsi_RSPagl,0.06688030266340224,-0.11054187506664832,-0.06922179339836103
211550_7942-X7116-Y18251_reg,ipsi_RSPagl,0.0400686004249222,-0.11054187506664832,-0.040893455849515745
211796_7238-X7037-Y16980_reg,ipsi_RSPagl,0.006602906044099975,-0.11054187506664832,-0.006624801664585101
211796_7334-X21168-Y15440_reg,ipsi_RSPagl,0.015281597179270332,-0.11054187506664832,-0.015399564144275
211796_7385-X18532-Y16902_reg,ipsi_RSPagl,0.07833051091968984,-0.11054187506664832,-0.08156859140521637
211796_7534-X18739-Y16699_reg,ipsi_RSPagl,0.028503094957725246,-0.11054187506664832,-0.028917195921364033
182709_7126-X2913-Y10535_reg,ipsi_VISal,0.021127450708564442,-0.12361395601713712,-0.021353829511221514
182724_6690-X3748-Y10610_reg,ipsi_VISal,0.22122457328043937,-0.12361395601713712,-0.25003255873027225
182724_7371-X5043-Y7827_reg,ipsi_VISal,0.23472298271834705,-2.2571227132122345,-1.4493492571087858
182724_8100-X5413-Y22190_reg,ipsi_VISal,0.03511962239380827,-0.12361395601713712,-0.03575114635680773
182724_8150-X4450-Y19864_reg,ipsi_VISal,0.0021981550076778903,-0.12361395601713712,-0.002200574496654847
182725_7649-X3440-Y17884_reg,ipsi_VISal,0.016350896358527996,-0.12361395601713712,-0.016486047517867232
182725_7657-X3644-Y17105_reg,ipsi_VISal,7.122376833402348e-4,-0.12361395601713712,-7.124914450986749e-4
18469_6185-X6027-Y36689_reg,ipsi_VISal,0.1860219561564412,-2.2571227132122345,-1.6818905683837286
18469_6590-X7059-Y41111_reg,ipsi_VISal,0.5575904198316519,-2.2571227132122345,-0.5841306007600837
18469_6673-X5500-Y35752_reg,ipsi_VISal,0.1301568731631642,-0.12361395601713712,-0.13944239757267637
18469_6680-X6305-Y38542_reg,ipsi_VISal,0.1052226700109188,-2.2571227132122345,-2.251676507493742
18469_6767-X5786-Y37391_reg,ipsi_VISal,0.06540120919066249,-2.2571227132122345,-2.727214531536046
18469_6907-X5348-Y34515_reg,ipsi_VISal,0.0036319267215456225,-0.12361395601713712,-0.0036385381804783785
18469_7024-X5427-Y35160_reg,ipsi_VISal,0.012328912365180598,-0.12361395601713712,-0.01240554391239711
18469_7048-X7499-Y17640_reg,ipsi_VISal,0.030719916464246634,-0.12361395601713712,-0.031201664959963828
18469_7279-X7753-Y17170_reg,ipsi_VISal,0.19868005429625832,-0.12361395601713712,-0.22149497882720898
18868_6405-X11428-Y4397_reg,ipsi_VISal,0.3469431852502415,-2.2571227132122345,-1.0585942437080207
191807_6504-X3953-Y21204_reg,ipsi_VISal,0.5917208982151574,-0.12361395601713712,-0.8958042654471956
191807_6735-X4456-Y21792_reg,ipsi_VISal,0.46342938834361636,-2.257122713212235,-0.76910125004004
191807_6822-X4235-Y21316_reg,ipsi_VISal,0.2798404155882997,-0.12361395601713712,-0.3282824465154132
191807_7110-X4076-Y20205_reg,ipsi_VISal,0.8006746838589022,-0.12361395601713712,-1.6128170345363992
191807_7249-X4135-Y19813_reg,ipsi_VISal,0.03549845902076354,-0.12361395601713712,-0.03614384894013197
191807_7281-X4351-Y20216_reg,ipsi_VISal,0.05953700243345295,-0.12361395601713712,-0.061382974378608735
191807_7289-X4771-Y9549_reg,ipsi_VISal,0.30730530465705885,-0.12361395601713712,-0.36716593192581726
191807_7405-X4847-Y21105_reg,ipsi_VISal,0.32128053794655775,-0.12361395601713712,-0.38754740019594636
191807_7439-X5230-Y8737_reg,ipsi_VISal,0.2016873881647416,-0.12361395601713712,-0.22525501408957688
191807_7500-X4057-Y19214_reg,ipsi_VISal,0.044934860505776775,-0.12361395601713712,-0.04597573193305309
191807_7529-X5296-Y9002_reg,ipsi_VISal,0.17827848748657887,-0.12361395601713712,-0.1963537338918709
191807_7712-X5701-Y8560_reg,ipsi_VISal,0.15505645411475497,-0.12361395601713712,-0.1684854634600845
191807_7779-X4433-Y18625_reg,ipsi_VISal,0.001172691288464378,-0.12361395601713712,-0.0011733794289302693
191807_7954-X5660-Y20932_reg,ipsi_VISal,0.0014588637167824575,-0.12361395601713712,-0.0014599288945467421
191807_7985-X5473-Y10063_reg,ipsi_VISal,6.253093245900936e-4,-0.12361395601713712,-6.255049120050892e-4
194069_7189-X5459-Y8724_reg,ipsi_VISal,0.23593490022992017,-0.12361395601713712,-0.2691022843225665
194069_7216-X3715-Y22464_reg,ipsi_VISal,0.17794792465043743,-0.12361395601713712,-0.1959515339258436
194069_7313-X3495-Y20668_reg,ipsi_VISal,0.22623321136549343,-0.12361395601713712,-0.2564847574681501
194069_7382-X3692-Y22255_reg,ipsi_VISal,0.4415870436036205,-2.257122713212235,-0.8173801241153824
194069_7408-X5410-Y9170_reg,ipsi_VISal,0.07575702538197443,-0.12361395601713712,-0.078780282364936
194069_7541-X6312-Y7823_reg,ipsi_VISal,0.3212747489968378,-2.2571227132122353,-1.1354586060612386
194069_7890-X3746-Y21746_reg,ipsi_VISal,0.0832783266085034,-0.12361395601713712,-0.08695137145381986
194069_7949-X5085-Y10196_reg,ipsi_VISal,0.0056777679866172786,-0.12361395601713712,-0.005693947783760225
194069_8027-X4187-Y22761_reg,ipsi_VISal,0.3719750673311062,-0.12361395601713712,-0.4651754115999699
194069_8063-X5880-Y9133_reg,ipsi_VISal,0.004955910470029951,-0.12361395601713712,-0.004968231719854409
194069_8220-X4330-Y22689_reg,ipsi_VISal,0.07456587351017376,-0.12361395601713712,-0.0774923256337343
194069_8231-X4410-Y22897_reg,ipsi_VISal,0.03902866537407102,-0.12361395601713712,-0.03981069914983087
211541_7083-X17997-Y16517_reg,ipsi_VISal,0.2420202748803506,-0.12361395601713712,-0.27709864156075525
211541_7381-X7249-Y16155_reg,ipsi_VISal,0.03191714391405676,-0.12361395601713712,-0.0324376002385075
211550_6674-X20158-Y16621_reg,ipsi_VISal,0.47373646676668435,-0.12361395601713712,-0.6419531779583613
211550_6721-X20655-Y16337_reg,ipsi_VISal,0.5142155960556286,-2.257122713212235,-0.6651126538914728
182709_6204-X2976-Y9977_reg,ipsi_VISal,0.01346375508606854,-0.12361395601713712,-0.013555213278096442
182709_7144-X3121-Y9346_reg,ipsi_VISal,0.06221715900073756,-0.12361395601713712,-0.06423686957309947
182709_7463-X3586-Y20695_reg,ipsi_VISal,0.013347906318654958,-0.12361395601713712,-0.01343779035877275
182709_7886-X5075-Y22541_2_reg,ipsi_VISal,0.006276631647501996,-0.12361395601713712,-0.006296412514839228
182709_7918-X5201-Y22656_reg,ipsi_VISal,0.0010626096400328216,-0.12361395601713712,-0.0010631746099201017
182724_7822-X5447-Y22786_reg,ipsi_VISal,0.10642821205921495,-0.12361395601713712,-0.11252860296457799
182724_7871-X4578-Y21040_reg,ipsi_VISal,0.034981771302306126,-0.12361395601713712,-0.03560828797939218
182724_8155-X4575-Y20238_reg,ipsi_VISal,0.0010470348766858548,-0.12361395601713712,-0.001047583400618276
182724_8159-X4833-Y21213_reg,ipsi_VISal,0.004303576159415243,-0.12361395601713712,-0.004312863197857721
182724_8257-X5319-Y21978_reg,ipsi_VISal,0.012499957860783237,-0.12361395601713712,-0.012578739534236506
182724_8281-X5491-Y21925_reg,ipsi_VISal,0.04392855205127155,-0.12361395601713712,-0.04492263237531518
182725_6819-X6109-Y7853_reg,ipsi_VISal,0.11153722399159938,-0.12361395601713712,-0.11826252758481615
182725_7482-X7429-Y6760_reg,ipsi_VISal,0.04164082716467602,-0.12361395601713712,-0.042532651823690995
182725_7714-X7032-Y7882_reg,ipsi_VISal,0.00964297810581627,-0.12361395601713712,-0.009689772688269593
182725_7762-X3772-Y19585_reg,ipsi_VISal,0.031129906597745203,-0.12361395601713712,-0.031624738614928614
182725_7988-X4540-Y20706_reg,ipsi_VISal,0.07093304089441782,-0.12361395601713712,-0.07357446622577124
182725_8028-X4256-Y19926_reg,ipsi_VISal,0.005453177673045371,-0.12361395601713712,-0.005468100522437084
18469_7066-X6108-Y38587_reg,ipsi_VISal,0.027723118439378545,-0.12361395601713712,-0.02811465751325738
18469_7376-X7022-Y19051_reg,ipsi_VISal,0.02734121497675478,-0.12361395601713712,-0.027721941729292297
191807_7423-X4013-Y19283_reg,ipsi_VISal,0.026146408362885395,-0.12361395601713712,-0.026494303232611677
191807_7574-X4648-Y20365_reg,ipsi_VISal,0.027238830465852633,-0.12361395601713712,-0.027616684753021602
191807_7786-X4425-Y19023_reg,ipsi_VISal,4.6513537834616206e-4,-0.12361395601713712,-4.652435873620942e-4
191807_7822-X4840-Y19927_reg,ipsi_VISal,2.0172478807512037e-4,-0.12361395601713712,-2.017451372568503e-4
191807_8102-X5725-Y9586_reg,ipsi_VISal,8.325675648838686e-4,-0.12361395601713712,-8.329143417491123e-4
194069_7406-X4443-Y11111_reg,ipsi_VISal,0.033766244620111234,-0.12361395601713712,-0.034349491247817374
194069_7499-X4635-Y10487_reg,ipsi_VISal,0.01506591121181002,-0.12361395601713712,-0.015180554984800086
194069_7827-X3508-Y20244_reg,ipsi_VISal,2.5313140577791195e-5,-0.12361395601713712,-2.5313460960692485e-5
194069_7960-X3680-Y21513_reg,ipsi_VISal,0.010619321603704233,-0.12361395601713712,-0.010676108986152368
211541_7642-X7572-Y16296_reg,ipsi_VISal,0.00907122522462134,-0.12361395601713712,-0.009112619308351147
211550_6742-X19175-Y17279_reg,ipsi_VISal,0.11564698601494407,-0.12361395601713712,-0.12289895897115977
211550_7524-X21483-Y15565_reg,ipsi_VISal,0.033597904822629095,-0.12361395601713712,-0.03417528378099501
211550_7555-X20812-Y16162_reg,ipsi_VISal,0.038876041178045107,-0.12361395601713712,-0.03965188892136097
211550_7718-X19461-Y16950_reg,ipsi_VISal,0.001197473730190155,-0.12361395601713712,-0.001198191274741804
211550_7772-X7691-Y18498_reg,ipsi_VISal,0.013059596901516632,-0.12361395601713712,-0.013145623237485334
211550_7942-X7116-Y18251_reg,ipsi_VISal,0.035160294546511366,-0.12361395601713712,-0.03579329977902286
211796_7238-X7037-Y16980_reg,ipsi_VISal,0.05582511465675975,-0.12361395601713712,-0.05744387009763177
211796_7334-X21168-Y15440_reg,ipsi_VISal,0.10950094875198321,-0.12361395601713712,-0.11597324166790487
211796_7385-X18532-Y16902_reg,ipsi_VISal,0.003777623081841894,-0.12361395601713712,-0.0037847763204248383
211796_7534-X18739-Y16699_reg,ipsi_VISal,0.0028032517395462048,-0.12361395601713712,-0.0028071882080330413
182709_7126-X2913-Y10535_reg,ipsi_VISpl,0.006014037764713275,-0.09763846956391618,-0.006032194924998044
182724_6690-X3748-Y10610_reg,ipsi_VISpl,5.129958318623271e-4,-0.09763846956391618,-5.131274592422501e-4
182724_7371-X5043-Y7827_reg,ipsi_VISpl,0.15896721557208982,-0.09763846956391618,-0.1731246370960921
182724_8100-X5413-Y22190_reg,ipsi_VISpl,0.21806015783038787,-0.09763846956391618,-0.2459774695678011
182724_8150-X4450-Y19864_reg,ipsi_VISpl,0.027082350165657642,-0.09763846956391618,-0.027455835697180863
182725_7649-X3440-Y17884_reg,ipsi_VISpl,0.0029435440080024925,-0.09763846956391618,-0.0029478847538763884
182725_7657-X3644-Y17105_reg,ipsi_VISpl,0.002344870982512723,-0.09763846956391618,-0.002347624497742468
18469_6185-X6027-Y36689_reg,ipsi_VISpl,5.215519552832479e-4,-0.09763846956391618,-5.21688010813022e-4
18469_6590-X7059-Y41111_reg,ipsi_VISpl,0.04382553351377059,-0.09763846956391618,-0.044814886256656535
18469_6673-X5500-Y35752_reg,ipsi_VISpl,0.0010115655491633546,-0.09763846956391618,-0.0010120775268886405
18469_6680-X6305-Y38542_reg,ipsi_VISpl,0.008687658527090412,-0.09763846956391618,-0.008725616234734996
18469_6767-X5786-Y37391_reg,ipsi_VISpl,0.003923089400737961,-0.09763846956391618,-0.003930804901638422
18469_6907-X5348-Y34515_reg,ipsi_VISpl,0.0015094541403064283,-0.09763846956391618,-0.0015105945139128718
18469_7024-X5427-Y35160_reg,ipsi_VISpl,0.0030834701533949366,-0.09763846956391618,-0.003088233842470813
18469_7048-X7499-Y17640_reg,ipsi_VISpl,0.08387436291502769,-0.09763846956391618,-0.08760176532365097
18469_7279-X7753-Y17170_reg,ipsi_VISpl,0.23467299144936954,-0.09763846956391618,-0.2674520743338349
18868_6405-X11428-Y4397_reg,ipsi_VISpl,5.243985730625095e-4,-0.09763846956391618,-5.245361180819482e-4
191807_6504-X3953-Y21204_reg,ipsi_VISpl,0.001139754629767732,-0.09763846956391618,-0.001140404644027272
191807_6735-X4456-Y21792_reg,ipsi_VISpl,0.005948963330614918,-0.09763846956391618,-0.005966728905846975
191807_6822-X4235-Y21316_reg,ipsi_VISpl,0.0032606363268864436,-0.09763846956391618,-0.0032659637852696026
191807_7110-X4076-Y20205_reg,ipsi_VISpl,0.0014068559850474007,-0.09763846956391618,-0.0014078465360795151
191807_7249-X4135-Y19813_reg,ipsi_VISpl,0.001983064211151291,-0.09763846956391618,-0.001985033086351919
191807_7281-X4351-Y20216_reg,ipsi_VISpl,0.0031007345212224354,-0.09763846956391618,-0.003105551759069087
191807_7289-X4771-Y9549_reg,ipsi_VISpl,0.005036475249289289,-0.09763846956391618,-0.005049201037484347
191807_7405-X4847-Y21105_reg,ipsi_VISpl,0.01740117702058001,-0.09763846956391618,-0.01755435711170981
191807_7439-X5230-Y8737_reg,ipsi_VISpl,0.028897638665808533,-0.09763846956391618,-0.029323397777132408
191807_7500-X4057-Y19214_reg,ipsi_VISpl,0.0012935454057280166,-0.09763846956391618,-0.0012943827577661681
191807_7529-X5296-Y9002_reg,ipsi_VISpl,0.028778169249356885,-0.09763846956391618,-0.029200380809018434
191807_7712-X5701-Y8560_reg,ipsi_VISpl,0.11071050918503278,-0.09763846956391618,-0.11733246001399766
191807_7779-X4433-Y18625_reg,ipsi_VISpl,0.0028524922673344296,-0.09763846956391618,-0.0028565683766275485
191807_7954-X5660-Y20932_reg,ipsi_VISpl,0.22735568670525014,-0.09763846956391618,-0.25793647433113615
191807_7985-X5473-Y10063_reg,ipsi_VISpl,0.04323386643402174,-0.09763846956391618,-0.04419629193271363
194069_7189-X5459-Y8724_reg,ipsi_VISpl,0.020415977915162264,-0.09763846956391618,-0.020627264689617213
194069_7216-X3715-Y22464_reg,ipsi_VISpl,0.0233287888054353,-0.09763846956391618,-0.023605212549722514
194069_7313-X3495-Y20668_reg,ipsi_VISpl,0.002847040686835987,-0.09763846956391618,-0.0028511012159979756
194069_7382-X3692-Y22255_reg,ipsi_VISpl,0.028427064222396065,-0.09763846956391618,-0.02883893755537965
194069_7408-X5410-Y9170_reg,ipsi_VISpl,0.024379850896673542,-0.09763846956391618,-0.02468195981620283
194069_7541-X6312-Y7823_reg,ipsi_VISpl,0.23087848175709022,-2.5084371471980607,-1.4658637598743764
194069_7890-X3746-Y21746_reg,ipsi_VISpl,0.0744081703180324,-0.09763846956391618,-0.07732193019222565
194069_7949-X5085-Y10196_reg,ipsi_VISpl,0.04514316729385132,-0.09763846956391618,-0.046193863136246245
194069_8027-X4187-Y22761_reg,ipsi_VISpl,0.3371120062869112,-2.5084371471980607,-1.087340040980906
194069_8063-X5880-Y9133_reg,ipsi_VISpl,0.3637940419522872,-0.09763846956391618,-0.45223293465638237
194069_8220-X4330-Y22689_reg,ipsi_VISpl,0.5251951767613721,-2.5084371471980607,-0.6439853202183388
194069_8231-X4410-Y22897_reg,ipsi_VISpl,0.6039647891788906,-2.5084371471980607,-0.5042393788080429
211541_7083-X17997-Y16517_reg,ipsi_VISpl,0.0028943144444319897,-0.09763846956391618,-0.0028985110720129385
211541_7381-X7249-Y16155_reg,ipsi_VISpl,0.07608220047420816,-0.09763846956391618,-0.07913217284993974
211550_6674-X20158-Y16621_reg,ipsi_VISpl,0.0024398136235566164,-0.09763846956391618,-0.002442794818843219
211550_6721-X20655-Y16337_reg,ipsi_VISpl,0.0061971113335655284,-0.09763846956391618,-0.006216393130241768
182709_6204-X2976-Y9977_reg,ipsi_VISpl,6.953415829668916e-4,-0.09763846956391618,-6.955834450497559e-4
182709_7144-X3121-Y9346_reg,ipsi_VISpl,0.018708691893415723,-0.09763846956391618,-0.018885913338129272
182709_7463-X3586-Y20695_reg,ipsi_VISpl,0.005613794162010055,-0.09763846956391618,-0.005629610726188934
182709_7886-X5075-Y22541_2_reg,ipsi_VISpl,0.42692051718792445,-0.09763846956391618,-0.5567308584281001
182709_7918-X5201-Y22656_reg,ipsi_VISpl,0.5358245647241796,-0.09763846956391618,-0.7674927049482752
182724_7822-X5447-Y22786_reg,ipsi_VISpl,0.1426227817917967,-0.09763846956391618,-0.15387729595713026
182724_7871-X4578-Y21040_reg,ipsi_VISpl,0.015287948256939292,-0.09763846956391618,-0.015406013803519572
182724_8155-X4575-Y20238_reg,ipsi_VISpl,0.040490180004893496,-0.09763846956391618,-0.0413327290947206
182724_8159-X4833-Y21213_reg,ipsi_VISpl,0.07012724222024065,-0.09763846956391618,-0.07270752178714625
182724_8257-X5319-Y21978_reg,ipsi_VISpl,0.2310921562852698,-2.5084371471980607,-1.4649387030598466
182724_8281-X5491-Y21925_reg,ipsi_VISpl,0.33289213869536083,-2.5084371471980607,-1.0999367492929015
182725_6819-X6109-Y7853_reg,ipsi_VISpl,0.005800531157619609,-0.09763846956391618,-0.005817419578013696
182725_7482-X7429-Y6760_reg,ipsi_VISpl,0.39770908838021046,-0.09763846956391618,-0.5070147085037393
182725_7714-X7032-Y7882_reg,ipsi_VISpl,0.465021532324608,-0.09763846956391618,-0.6255287802317923
182725_7762-X3772-Y19585_reg,ipsi_VISpl,0.023322287871998883,-0.09763846956391618,-0.023598556357007673
182725_7988-X4540-Y20706_reg,ipsi_VISpl,0.35962853578533827,-0.09763846956391618,-0.44570685816739236
182725_8028-X4256-Y19926_reg,ipsi_VISpl,0.14253811811641942,-2.5084371471980607,-1.9481458194901682
18469_7066-X6108-Y38587_reg,ipsi_VISpl,0.025913422247648626,-0.09763846956391618,-0.026255090427199028
18469_7376-X7022-Y19051_reg,ipsi_VISpl,0.10654715167808243,-2.5084371471980607,-2.2391676530512066
191807_7423-X4013-Y19283_reg,ipsi_VISpl,0.0010920525130402167,-0.09763846956391618,-0.001092649236861241
191807_7574-X4648-Y20365_reg,ipsi_VISpl,0.008959483612050474,-0.09763846956391618,-0.008999861140817998
191807_7786-X4425-Y19023_reg,ipsi_VISpl,0.003511880313900526,-0.09763846956391618,-0.0035180614413998774
191807_7822-X4840-Y19927_reg,ipsi_VISpl,0.01619523539763375,-0.09763846956391618,-0.016327811572688
191807_8102-X5725-Y9586_reg,ipsi_VISpl,0.10772009931934334,-0.09763846956391618,-0.11397540562317719
194069_7406-X4443-Y11111_reg,ipsi_VISpl,0.0011537180638089783,-0.09763846956391618,-0.0011543841088290383
194069_7499-X4635-Y10487_reg,ipsi_VISpl,0.0032849820467195216,-0.09763846956391618,-0.0032903894456295514
194069_7827-X3508-Y20244_reg,ipsi_VISpl,0.009351507377637278,-0.09763846956391618,-0.009395507247667405
194069_7960-X3680-Y21513_reg,ipsi_VISpl,0.07118820918604811,-0.09763846956391618,-0.0738491540042345
211541_7642-X7572-Y16296_reg,ipsi_VISpl,0.15175553464159244,-0.09763846956391618,-0.16458640011549708
211550_6742-X19175-Y17279_reg,ipsi_VISpl,6.077046766011352e-4,-0.09763846956391618,-6.078894039316429e-4
211550_7524-X21483-Y15565_reg,ipsi_VISpl,0.19031737696405004,-0.09763846956391618,-0.21111293151091085
211550_7555-X20812-Y16162_reg,ipsi_VISpl,0.0704610867024078,-0.09763846956391618,-0.0730666079335303
211550_7718-X19461-Y16950_reg,ipsi_VISpl,0.012623060058175555,-0.09763846956391618,-0.012703407752731847
211550_7772-X7691-Y18498_reg,ipsi_VISpl,0.018037645546678253,-0.09763846956391618,-0.01820230694974735
211550_7942-X7116-Y18251_reg,ipsi_VISpl,0.07113061742259633,-0.09763846956391618,-0.07378715007773178
211796_7238-X7037-Y16980_reg,ipsi_VISpl,0.04541191631751554,-0.09763846956391618,-0.046475357536144464
211796_7334-X21168-Y15440_reg,ipsi_VISpl,0.2498507921690408,-0.09763846956391618,-0.2874831484638572
211796_7385-X18532-Y16902_reg,ipsi_VISpl,0.00402842663252897,-0.09763846956391618,-0.004036562600546929
211796_7534-X18739-Y16699_reg,ipsi_VISpl,0.01014504172890988,-0.09763846956391618,-0.01019685338354917
182709_7126-X2913-Y10535_reg,ipsi_LP,0.7528458700883479,-0.39390428570719543,-0.2838947599313285
182724_6690-X3748-Y10610_reg,ipsi_LP,0.8558200779427713,-0.39390428570719543,-0.1556951142524582
182724_7371-X5043-Y7827_reg,ipsi_LP,0.9087686023366243,-0.39390428570719543,-0.09566478009729139
182724_8100-X5413-Y22190_reg,ipsi_LP,0.7184395684881933,-0.39390428570719543,-0.33067368488036064
182724_8150-X4450-Y19864_reg,ipsi_LP,0.8003410526144533,-0.39390428570719543,-0.22271732639289146
182725_7649-X3440-Y17884_reg,ipsi_LP,0.8107856661129065,-1.158510430248752,-1.6648748647314326
182725_7657-X3644-Y17105_reg,ipsi_LP,0.6040764656352234,-0.39390428570719527,-0.5040544903264519
18469_6185-X6027-Y36689_reg,ipsi_LP,0.8023563174458892,-0.39390428570719527,-0.2202024836893344
18469_6590-X7059-Y41111_reg,ipsi_LP,0.8459797056778948,-0.39390428570719527,-0.1672599082240519
18469_6673-X5500-Y35752_reg,ipsi_LP,0.9304617949670337,-0.39390428570719527,-0.07207426234884873
18469_6680-X6305-Y38542_reg,ipsi_LP,0.7900143717143084,-1.158510430248752,-1.5607161873413706
18469_6767-X5786-Y37391_reg,ipsi_LP,0.8940273841379307,-1.158510430248752,-2.2445745591697093
18469_6907-X5348-Y34515_reg,ipsi_LP,0.7363818166907538,-0.39390428570719527,-0.30600652209163165
18469_7024-X5427-Y35160_reg,ipsi_LP,0.8293394973699922,-0.39390428570719527,-0.18712568129871063
18469_7048-X7499-Y17640_reg,ipsi_LP,0.578272297672818,-1.158510430248752,-0.8633954283616815
18469_7279-X7753-Y17170_reg,ipsi_LP,0.9065803803876937,-0.39390428570719527,-0.09807558157907455
18868_6405-X11428-Y4397_reg,ipsi_LP,0.8864607224609898,-0.39390428570719527,-0.12051846075400777
191807_6504-X3953-Y21204_reg,ipsi_LP,0.8179461245838101,-1.158510430248752,-1.7034526169399793
191807_6735-X4456-Y21792_reg,ipsi_LP,0.8479123616801097,-1.158510430248752,-1.8832983563932522
191807_6822-X4235-Y21316_reg,ipsi_LP,0.7281767908245428,-0.39390428570719543,-0.31721141572820616
191807_7110-X4076-Y20205_reg,ipsi_LP,0.9816818145146157,-0.39390428570719543,-0.01848804093867282
191807_7249-X4135-Y19813_reg,ipsi_LP,0.6297250223710864,-1.158510430248752,-0.9935093665865934
191807_7281-X4351-Y20216_reg,ipsi_LP,0.7086277875121054,-0.39390428570719527,-0.3444248726539539
191807_7289-X4771-Y9549_reg,ipsi_LP,0.838729953312586,-0.39390428570719527,-0.17586649165240933
191807_7405-X4847-Y21105_reg,ipsi_LP,0.9520283805379136,-0.39390428570719527,-0.04916043314572031
191807_7439-X5230-Y8737_reg,ipsi_LP,0.8984616292051749,-1.158510430248752,-2.2873185145509853
191807_7500-X4057-Y19214_reg,ipsi_LP,0.9021740812113758,-0.39390428570719527,-0.10294778284948904
191807_7529-X5296-Y9002_reg,ipsi_LP,0.8886212258493786,-0.39390428570719527,-0.11808420192183987
191807_7712-X5701-Y8560_reg,ipsi_LP,0.8382121747610299,-0.39390428570719527,-0.17648401870876043
191807_7779-X4433-Y18625_reg,ipsi_LP,0.7793338065594705,-0.39390428570719527,-0.2493158183992508
191807_7954-X5660-Y20932_reg,ipsi_LP,0.6043062858455578,-0.39390428570719527,-0.503674113806142
191807_7985-X5473-Y10063_reg,ipsi_LP,0.4222384780433754,-1.158510430248752,-0.5485940872197093
194069_7189-X5459-Y8724_reg,ipsi_LP,0.755336917721611,-0.39390428570719527,-0.2805913806345286
194069_7216-X3715-Y22464_reg,ipsi_LP,0.5608559277570141,-1.158510430248752,-0.8229277369613119
194069_7313-X3495-Y20668_reg,ipsi_LP,0.5301775377918581,-0.39390428570719527,-0.6345433515624573
194069_7382-X3692-Y22255_reg,ipsi_LP,0.8994566886944592,-0.39390428570719527,-0.10596437717387627
194069_7408-X5410-Y9170_reg,ipsi_LP,0.5265362451331742,-0.39390428570719527,-0.6414351081191345
194069_7541-X6312-Y7823_reg,ipsi_LP,0.9210995037143183,-0.39390428570719527,-0.08218720978483722
194069_7890-X3746-Y21746_reg,ipsi_LP,0.7303711576984261,-0.39390428570719527,-0.31420243884576027
194069_7949-X5085-Y10196_reg,ipsi_LP,0.8273513827427215,-0.39390428570719527,-0.1895257857545443
194069_8027-X4187-Y22761_reg,ipsi_LP,0.7658629620679752,-0.39390428570719527,-0.26675202594073316
194069_8063-X5880-Y9133_reg,ipsi_LP,0.5838960692383878,-0.39390428570719527,-0.538032275624214
194069_8220-X4330-Y22689_reg,ipsi_LP,0.8529323269367962,-0.39390428570719527,-0.15907506999899163
194069_8231-X4410-Y22897_reg,ipsi_LP,0.7061826347579592,-0.39390428570719527,-0.34788138548437797
211541_7083-X17997-Y16517_reg,ipsi_LP,0.8474085320739219,-0.39390428570719527,-0.16557237230847757
211541_7381-X7249-Y16155_reg,ipsi_LP,0.6402753031536961,-0.39390428570719527,-0.4458570339435652
211550_6674-X20158-Y16621_reg,ipsi_LP,0.8548487132218655,-1.158510430248752,-1.9299787233896877
211550_6721-X20655-Y16337_reg,ipsi_LP,0.8525544376286359,-0.39390428570719527,-0.15951821540732397
182709_6204-X2976-Y9977_reg,ipsi_LP,0.09415385974563377,-1.158510430248752,-0.09888581047953736
182709_7144-X3121-Y9346_reg,ipsi_LP,0.7749492574758362,-1.158510430248752,-1.4914293798744378
182709_7463-X3586-Y20695_reg,ipsi_LP,0.7434084663749965,-0.39390428570719527,-0.29650963246309847
182709_7886-X5075-Y22541_2_reg,ipsi_LP,0.5874925278786016,-1.158510430248752,-0.885500959137769
182709_7918-X5201-Y22656_reg,ipsi_LP,0.26803091816530894,-1.158510430248752,-0.31201700384362185
182724_7822-X5447-Y22786_reg,ipsi_LP,0.7055730622864791,-0.39390428570719527,-0.3487449520499509
182724_7871-X4578-Y21040_reg,ipsi_LP,0.8726097872028009,-0.39390428570719527,-0.13626680221663193
182724_8155-X4575-Y20238_reg,ipsi_LP,0.7572996225898485,-0.39390428570719527,-0.2779963012252883
182724_8159-X4833-Y21213_reg,ipsi_LP,0.5666276993063251,-1.158510430248752,-0.8361581035658887
182724_8257-X5319-Y21978_reg,ipsi_LP,0.7252503986035199,-0.39390428570719543,-0.32123830637233636
182724_8281-X5491-Y21925_reg,ipsi_LP,0.7931531009267192,-0.39390428570719543,-0.23173901050066975
182725_6819-X6109-Y7853_reg,ipsi_LP,0.7751168315083172,-0.39390428570719543,-0.25474151065716716
182725_7482-X7429-Y6760_reg,ipsi_LP,0.7933492459719657,-0.39390428570719543,-0.23149174323802843
182725_7714-X7032-Y7882_reg,ipsi_LP,0.9041700719818968,-0.39390428570719543,-0.1007378035613649
182725_7762-X3772-Y19585_reg,ipsi_LP,0.7419866451108629,-0.39390428570719543,-0.2984240344796118
182725_7988-X4540-Y20706_reg,ipsi_LP,0.8337782630365588,-0.39390428570719543,-0.18178778363232806
182725_8028-X4256-Y19926_reg,ipsi_LP,0.6898830745354115,-0.39390428570719543,-0.37123315294538045
18469_7066-X6108-Y38587_reg,ipsi_LP,0.6715272416961532,-0.39390428570719543,-0.3982006954185591
18469_7376-X7022-Y19051_reg,ipsi_LP,0.8134602731539373,-0.39390428570719543,-0.20645818799128562
191807_7423-X4013-Y19283_reg,ipsi_LP,0.8195559515220167,-0.39390428570719543,-0.1989926079342465
191807_7574-X4648-Y20365_reg,ipsi_LP,0.7486903220259666,-0.39390428570719543,-0.28942983620013146
191807_7786-X4425-Y19023_reg,ipsi_LP,0.23688851756337054,-1.158510430248752,-0.2703511477068069
191807_7822-X4840-Y19927_reg,ipsi_LP,0.20905207887260116,-1.158510430248752,-0.23452315266466547
191807_8102-X5725-Y9586_reg,ipsi_LP,0.2932123981806302,-0.39390428570719543,-1.2268580241179883
194069_7406-X4443-Y11111_reg,ipsi_LP,0.7900030682497852,-0.39390428570719543,-0.2357184496681245
194069_7499-X4635-Y10487_reg,ipsi_LP,0.5648626627647556,-0.39390428570719543,-0.571172652135797
194069_7827-X3508-Y20244_reg,ipsi_LP,0.027965962641003317,-1.158510430248752,-0.02836445727575886
194069_7960-X3680-Y21513_reg,ipsi_LP,0.20066468804765153,-0.39390428570719527,-1.6061199826176882
211541_7642-X7572-Y16296_reg,ipsi_LP,0.7018420492746549,-1.158510430248752,-1.2101318969051014
211550_6742-X19175-Y17279_reg,ipsi_LP,0.5113025844241021,-0.39390428570719543,-0.6707937222950285
211550_7524-X21483-Y15565_reg,ipsi_LP,0.24480461664020922,-1.158510430248752,-0.2807787773054017
211550_7555-X20812-Y16162_reg,ipsi_LP,0.6287915172068282,-1.158510430248752,-0.990991425978908
211550_7718-X19461-Y16950_reg,ipsi_LP,0.11515184281631459,-1.158510430248752,-0.12233922249842173
211550_7772-X7691-Y18498_reg,ipsi_LP,0.3170283435246537,-1.158510430248752,-0.3813019188444039
211550_7942-X7116-Y18251_reg,ipsi_LP,0.52597240182663485,-1.158510430248752,-0.7464897349875703
211796_7238-X7037-Y16980_reg,ipsi_LP,0.22757808694823656,-1.158510430248752,-0.2582243587476485
211796_7334-X21168-Y15440_reg,ipsi_LP,0.5364621137998296,-0.39390428570719543,-0.6227593367397989
211796_7385-X18532-Y16902_reg,ipsi_LP,0.448816639395478,-1.158510430248752,-0.5956877473208497
211796_7534-X18739-Y16699_reg,ipsi_LP,0.3882410100479558,-1.158510430248752,-0.4914168813001586
182709_7126-X2913-Y10535_reg,ipsi_PG,0.12268755252836347,-0.34347343208067305,-0.13089208156177062
182724_6690-X3748-Y10610_reg,ipsi_PG,0.4111881126952093,-0.34347343208067305,-0.5296485227345974
182724_7371-X5043-Y7827_reg,ipsi_PG,0.5774889205643075,-1.2762934659039262,-0.5490660219402566
182724_8100-X5413-Y22190_reg,ipsi_PG,0.2803616197062192,-1.2762934659039262,-1.2716750101295091
182724_8150-X4450-Y19864_reg,ipsi_PG,0.04512716293770713,-0.34347343208067305,-0.046177102275902535
182725_7649-X3440-Y17884_reg,ipsi_PG,0.05633815482391538,-0.34347343208067305,-0.05798739186674628
182725_7657-X3644-Y17105_reg,ipsi_PG,0.02853762252421914,-0.34347343208067305,-0.028952737136054535
18469_6185-X6027-Y36689_reg,ipsi_PG,0.33399060801680286,-1.2762934659039264,-1.096642406110974
18469_6590-X7059-Y41111_reg,ipsi_PG,0.7690475780621101,-0.3434734320806732,-1.4655435553110185
18469_6673-X5500-Y35752_reg,ipsi_PG,0.13764152745324382,-0.3434734320806732,-0.14808423334168896
18469_6680-X6305-Y38542_reg,ipsi_PG,0.3289164350741046,-0.3434734320806732,-0.3988616118721133
18469_6767-X5786-Y37391_reg,ipsi_PG,0.18229636777709854,-1.2762934659039264,-1.7021215219222423
18469_6907-X5348-Y34515_reg,ipsi_PG,0.033347800339560835,-0.3434734320806732,-0.03391651765618231
18469_7024-X5427-Y35160_reg,ipsi_PG,0.03393494052236728,-0.3434734320806732,-0.034524097681757585
18469_7048-X7499-Y17640_reg,ipsi_PG,0.4085838920183579,-0.3434734320806732,-0.5252354349011303
18469_7279-X7753-Y17170_reg,ipsi_PG,0.4347754075653312,-0.3434734320806732,-0.5705321180874348
18868_6405-X11428-Y4397_reg,ipsi_PG,0.4072523416884236,-1.2762934659039264,-0.8983222815142459
191807_6504-X3953-Y21204_reg,ipsi_PG,0.6792728484800585,-1.2762934659039264,-0.38673239343492793
191807_6735-X4456-Y21792_reg,ipsi_PG,0.7454429252110427,-0.3434734320806732,-1.3682302057025677
191807_6822-X4235-Y21316_reg,ipsi_PG,0.49334593483976663,-1.2762934659039264,-0.7065446576241965
191807_7110-X4076-Y20205_reg,ipsi_PG,0.2677286467329669,-0.34347343208067305,-0.3116041325290624
191807_7249-X4135-Y19813_reg,ipsi_PG,0.174087654875299,-0.34347343208067305,-0.19126663079600492
191807_7281-X4351-Y20216_reg,ipsi_PG,0.21261506330092098,-0.34347343208067305,-0.2390380310859194
191807_7289-X4771-Y9549_reg,ipsi_PG,0.27445508747759223,-0.34347343208067305,-0.32083230296072485
191807_7405-X4847-Y21105_reg,ipsi_PG,0.2445710083139866,-1.2762934659039264,-1.408249589679584
191807_7439-X5230-Y8737_reg,ipsi_PG,0.363039847868747,-0.34347343208067305,-0.45104818089058774
191807_7500-X4057-Y19214_reg,ipsi_PG,0.0660792390277336,-0.34347343208067305,-0.06836368271172942
191807_7529-X5296-Y9002_reg,ipsi_PG,0.25465268689144915,-1.2762934659039264,-1.3678546743957836
191807_7712-X5701-Y8560_reg,ipsi_PG,0.3151802469764698,-1.2762934659039264,-1.1546105911840079
191807_7779-X4433-Y18625_reg,ipsi_PG,0.03553970394840254,-0.34347343208067305,-0.036186612800830006
191807_7954-X5660-Y20932_reg,ipsi_PG,0.0843386544070464,-1.2762934659039262,-2.4729149851774506
191807_7985-X5473-Y10063_reg,ipsi_PG,0.09117886072701778,-0.34347343208067305,-0.09560697064208827
194069_7189-X5459-Y8724_reg,ipsi_PG,0.49592067556205877,-0.34347343208067305,-0.685021633537417
194069_7216-X3715-Y22464_reg,ipsi_PG,0.6230024418430532,-1.2762934659039264,-0.47320484071110797
194069_7313-X3495-Y20668_reg,ipsi_PG,0.31349322462212387,-0.34347343208067305,-0.37613918437215677
194069_7382-X3692-Y22255_reg,ipsi_PG,0.5629516380611934,-1.2762934659039264,-0.5745615549562674
194069_7408-X5410-Y9170_reg,ipsi_PG,0.31380425195615486,-1.2762934659039264,-1.1589858888828595
194069_7541-X6312-Y7823_reg,ipsi_PG,0.585254880286763,-1.2762934659039264,-0.5357078338389423
194069_7890-X3746-Y21746_reg,ipsi_PG,0.295281027477291,-0.3434734320806732,-0.34995617617531816
194069_7949-X5085-Y10196_reg,ipsi_PG,0.06561182218701869,-0.3434734320806732,-0.06786331915754029
194069_8027-X4187-Y22761_reg,ipsi_PG,0.457724731940258,-1.2762934659039264,-0.7814872975185564
194069_8063-X5880-Y9133_reg,ipsi_PG,0.17666977532641231,-0.3434734320806732,-0.19439791373544785
194069_8220-X4330-Y22689_reg,ipsi_PG,0.43683355596780693,-0.3434734320806732,-0.5741800568220654
194069_8231-X4410-Y22897_reg,ipsi_PG,0.41509537235364774,-1.2762934659039264,-0.8792469722540223
211541_7083-X17997-Y16517_reg,ipsi_PG,0.25439759626673014,-0.3434734320806732,-0.2935627917247643
211541_7381-X7249-Y16155_reg,ipsi_PG,0.19474351906443807,-0.3434734320806732,-0.2165944424510752
211550_6674-X20158-Y16621_reg,ipsi_PG,0.6521249026833584,-1.2762934659039264,-0.42751916686963404
211550_6721-X20655-Y16337_reg,ipsi_PG,0.7195665555119807,-1.2762934659039264,-0.32910625448390624
182709_6204-X2976-Y9977_reg,ipsi_PG,0.6238642287099513,-0.3434734320806732,-0.9778051069144267
182709_7144-X3121-Y9346_reg,ipsi_PG,0.26561552189894744,-0.3434734320806732,-0.30872257538253006
182709_7463-X3586-Y20695_reg,ipsi_PG,0.082615656930667275,-0.3434734320806732,-0.08622876359939503
182709_7886-X5075-Y22541_2_reg,ipsi_PG,0.26897828434682153,-0.3434734320806732,-0.3133121128977022
182709_7918-X5201-Y22656_reg,ipsi_PG,0.2997883855015336,-0.3434734320806732,-0.35637268319773235
182724_7822-X5447-Y22786_reg,ipsi_PG,0.48605548802556414,-1.2762934659039262,-0.7214324887067646
182724_7871-X4578-Y21040_reg,ipsi_PG,0.14518225834481105,-0.34347343208067305,-0.1568670004235804
182724_8155-X4575-Y20238_reg,ipsi_PG,0.05644190278249481,-0.34347343208067305,-0.058097339792108293
182724_8159-X4833-Y21213_reg,ipsi_PG,0.11758565056929128,-0.34347343208067305,-0.12509354935422687
182724_8257-X5319-Y21978_reg,ipsi_PG,0.22894612970423225,-0.34347343208067305,-0.25999703717772027
182724_8281-X5491-Y21925_reg,ipsi_PG,0.17978260088804576,-1.2762934659039264,-1.7160069308815364
182725_6819-X6109-Y7853_reg,ipsi_PG,0.3287447863730274,-1.2762934659039264,-1.1124735545572786
182725_7482-X7429-Y6760_reg,ipsi_PG,0.37338355034944837,-0.34347343208067305,-0.467420648573469
182725_7714-X7032-Y7882_reg,ipsi_PG,0.1628100218713217,-0.34347343208067305,-0.17770425918347282
182725_7762-X3772-Y19585_reg,ipsi_PG,0.20262545517984717,-0.34347343208067305,-0.22643076726808428
182725_7988-X4540-Y20706_reg,ipsi_PG,0.3077573851906729,-0.34347343208067305,-0.3678187853746444
182725_8028-X4256-Y19926_reg,ipsi_PG,0.15562301068365864,-0.34347343208067305,-0.1691562143073505
18469_7066-X6108-Y38587_reg,ipsi_PG,0.1788614222593135,-1.2762934659039264,-1.7211439502936738
18469_7376-X7022-Y19051_reg,ipsi_PG,0.15264525848108138,-0.3434734320806732,-0.16563585085543386
191807_7423-X4013-Y19283_reg,ipsi_PG,0.08088099873852143,-0.3434734320806732,-0.08433967506234757
191807_7574-X4648-Y20365_reg,ipsi_PG,0.13609765173546484,-0.3434734320806732,-0.14629553940761733
191807_7786-X4425-Y19023_reg,ipsi_PG,0.045045992588607225,-0.3434734320806732,-0.04609209943977246
191807_7822-X4840-Y19927_reg,ipsi_PG,0.05281140502121363,-0.3434734320806732,-0.054257055698971844
191807_8102-X5725-Y9586_reg,ipsi_PG,0.10292394728715781,-0.3434734320806732,-0.10861463488439366
194069_7406-X4443-Y11111_reg,ipsi_PG,0.07343833442686756,-0.3434734320806732,-0.07627467791827824
194069_7499-X4635-Y10487_reg,ipsi_PG,0.10213383654281448,-0.3434734320806732,-0.10773426025365916
194069_7827-X3508-Y20244_reg,ipsi_PG,0.08588296477164474,-0.3434734320806732,-0.08979666842954871
194069_7960-X3680-Y21513_reg,ipsi_PG,0.22091071457746225,-0.3434734320806732,-0.2496296242459395
211541_7642-X7572-Y16296_reg,ipsi_PG,0.134524108110382,-0.3434734320806732,-0.14447575930076456
211550_6742-X19175-Y17279_reg,ipsi_PG,0.3993803603508909,-1.2762934659039264,-0.9178410320915439
211550_7524-X21483-Y15565_reg,ipsi_PG,0.6092307250728105,-1.2762934659039264,-0.4955582241167028
211550_7555-X20812-Y16162_reg,ipsi_PG,0.41155780010215054,-0.3434734320806732,-0.5302765730817769
211550_7718-X19461-Y16950_reg,ipsi_PG,0.11715799818992995,-0.3434734320806732,-0.12460902778609652
211550_7772-X7691-Y18498_reg,ipsi_PG,0.39164992208779553,-0.3434734320806732,-0.4970047766773394
211550_7942-X7116-Y18251_reg,ipsi_PG,0.4652879777760397,-0.3434734320806732,-0.6260269532256779
211796_7238-X7037-Y16980_reg,ipsi_PG,0.582486268722392,-0.3434734320806732,-0.8734378459443837
211796_7334-X21168-Y15440_reg,ipsi_PG,0.6226425913802179,-0.3434734320806732,-0.9745625071598186
211796_7385-X18532-Y16902_reg,ipsi_PG,0.11709255132175637,-0.3434734320806732,-0.12453489850554028
211796_7534-X18739-Y16699_reg,ipsi_PG,0.09264495704302793,-0.3434734320806732,-0.09722145788050891
182709_7126-X2913-Y10535_reg,ipsi_SCig,0.7093023255810571,-0.3434734320806734,-0.3434734320806734
182724_6690-X3748-Y10610_reg,ipsi_SCig,0.7209302325576831,-1.2762934659039264,-1.2762934659039264
182724_7371-X5043-Y7827_reg,ipsi_SCig,0.7093023255810572,-0.3434734320806732,-0.3434734320806732
182724_8100-X5413-Y22190_reg,ipsi_SCig,0.7093023255810572,-0.3434734320806732,-0.3434734320806732
182724_8150-X4450-Y19864_reg,ipsi_SCig,0.7209302325576831,-1.2762934659039264,-1.2762934659039264
182725_7649-X3440-Y17884_reg,ipsi_SCig,0.7209302325576831,-1.2762934659039264,-1.2762934659039264
182725_7657-X3644-Y17105_reg,ipsi_SCig,0.7093023255810572,-0.3434734320806732,-0.3434734320806732
18469_6185-X6027-Y36689_reg,ipsi_SCig,0.7093023255810572,-0.3434734320806732,-0.3434734320806732
18469_6590-X7059-Y41111_reg,ipsi_SCig,0.7093023255810572,-0.3434734320806732,-0.3434734320806732
18469_6673-X5500-Y35752_reg,ipsi_SCig,0.7093023255810572,-0.3434734320806732,-0.3434734320806732
18469_6680-X6305-Y38542_reg,ipsi_SCig,0.7209302325576831,-1.2762934659039264,-1.2762934659039264
18469_6767-X5786-Y37391_reg,ipsi_SCig,0.7093023255810572,-0.3434734320806732,-0.3434734320806732
18469_6907-X5348-Y34515_reg,ipsi_SCig,0.7209302325576831,-1.2762934659039264,-1.2762934659039264
18469_7024-X5427-Y35160_reg,ipsi_SCig,0.7093023255810572,-0.3434734320806732,-0.3434734320806732
18469_7048-X7499-Y17640_reg,ipsi_SCig,0.7093023255810572,-0.3434734320806732,-0.3434734320806732
18469_7279-X7753-Y17170_reg,ipsi_SCig,0.7093023255810572,-0.3434734320806732,-0.3434734320806732
18868_6405-X11428-Y4397_reg,ipsi_SCig,0.7093023255810572,-0.3434734320806732,-0.3434734320806732
191807_6504-X3953-Y21204_reg,ipsi_SCig,0.7209302325576831,-1.2762934659039264,-1.2762934659039264
191807_6735-X4456-Y21792_reg,ipsi_SCig,0.7093023255810572,-0.3434734320806732,-0.3434734320806732
191807_6822-X4235-Y21316_reg,ipsi_SCig,0.7093023255810572,-0.3434734320806732,-0.3434734320806732
191807_7110-X4076-Y20205_reg,ipsi_SCig,0.7093023255810572,-0.3434734320806732,-0.3434734320806732
191807_7249-X4135-Y19813_reg,ipsi_SCig,0.7093023255810572,-0.3434734320806732,-0.3434734320806732
191807_7281-X4351-Y20216_reg,ipsi_SCig,0.7209302325576831,-1.2762934659039264,-1.2762934659039264
191807_7289-X4771-Y9549_reg,ipsi_SCig,0.7209302325576831,-1.2762934659039264,-1.2762934659039264
191807_7405-X4847-Y21105_reg,ipsi_SCig,0.7093023255810572,-0.3434734320806732,-0.3434734320806732
191807_7439-X5230-Y8737_reg,ipsi_SCig,0.7093023255810572,-0.3434734320806732,-0.3434734320806732
191807_7500-X4057-Y19214_reg,ipsi_SCig,0.7209302325576831,-1.2762934659039264,-1.2762934659039264
191807_7529-X5296-Y9002_reg,ipsi_SCig,0.7093023255810572,-0.3434734320806732,-0.3434734320806732
191807_7712-X5701-Y8560_reg,ipsi_SCig,0.7093023255810572,-0.3434734320806732,-0.3434734320806732
191807_7779-X4433-Y18625_reg,ipsi_SCig,0.7209302325576831,-1.2762934659039264,-1.2762934659039264
191807_7954-X5660-Y20932_reg,ipsi_SCig,0.7209302325576831,-1.2762934659039264,-1.2762934659039264
191807_7985-X5473-Y10063_reg,ipsi_SCig,0.7093023255810572,-0.3434734320806732,-0.3434734320806732
194069_7189-X5459-Y8724_reg,ipsi_SCig,0.7093023255810572,-0.3434734320806732,-0.3434734320806732
194069_7216-X3715-Y22464_reg,ipsi_SCig,0.7093023255810572,-0.3434734320806732,-0.3434734320806732
194069_7313-X3495-Y20668_reg,ipsi_SCig,0.7093023255810572,-0.3434734320806732,-0.3434734320806732
194069_7382-X3692-Y22255_reg,ipsi_SCig,0.7093023255810572,-0.3434734320806732,-0.3434734320806732
194069_7408-X5410-Y9170_reg,ipsi_SCig,0.7093023255810572,-0.3434734320806732,-0.3434734320806732
194069_7541-X6312-Y7823_reg,ipsi_SCig,0.7093023255810572,-0.3434734320806732,-0.3434734320806732
194069_7890-X3746-Y21746_reg,ipsi_SCig,0.7093023255810572,-0.3434734320806732,-0.3434734320806732
194069_7949-X5085-Y10196_reg,ipsi_SCig,0.7093023255810572,-0.3434734320806732,-0.3434734320806732
194069_8027-X4187-Y22761_reg,ipsi_SCig,0.7093023255810572,-0.3434734320806732,-0.3434734320806732
194069_8063-X5880-Y9133_reg,ipsi_SCig,0.7093023255810572,-0.3434734320806732,-0.3434734320806732
194069_8220-X4330-Y22689_reg,ipsi_SCig,0.7093023255810572,-0.3434734320806732,-0.3434734320806732
194069_8231-X4410-Y22897_reg,ipsi_SCig,0.7209302325576831,-1.2762934659039264,-1.2762934659039264
211541_7083-X17997-Y16517_reg,ipsi_SCig,0.7209302325576831,-1.2762934659039264,-1.2762934659039264
211541_7381-X7249-Y16155_reg,ipsi_SCig,0.7209302325576831,-1.2762934659039264,-1.2762934659039264
211550_6674-X20158-Y16621_reg,ipsi_SCig,0.7093023255810572,-0.3434734320806732,-0.3434734320806732
211550_6721-X20655-Y16337_reg,ipsi_SCig,0.7093023255810572,-0.3434734320806732,-0.3434734320806732
182709_6204-X2976-Y9977_reg,ipsi_SCig,0.7209302325576831,-1.2762934659039264,-1.2762934659039264
182709_7144-X3121-Y9346_reg,ipsi_SCig,0.7209302325576831,-1.2762934659039264,-1.2762934659039264
182709_7463-X3586-Y20695_reg,ipsi_SCig,0.7093023255810572,-0.3434734320806732,-0.3434734320806732
182709_7886-X5075-Y22541_2_reg,ipsi_SCig,0.7093023255810572,-0.3434734320806732,-0.3434734320806732
182709_7918-X5201-Y22656_reg,ipsi_SCig,0.7093023255810572,-0.3434734320806732,-0.3434734320806732
182724_7822-X5447-Y22786_reg,ipsi_SCig,0.7209302325576831,-1.2762934659039264,-1.2762934659039264
182724_7871-X4578-Y21040_reg,ipsi_SCig,0.7209302325576831,-1.2762934659039264,-1.2762934659039264
182724_8155-X4575-Y20238_reg,ipsi_SCig,0.7093023255810572,-0.3434734320806732,-0.3434734320806732
182724_8159-X4833-Y21213_reg,ipsi_SCig,0.7209302325576831,-1.2762934659039264,-1.2762934659039264
182724_8257-X5319-Y21978_reg,ipsi_SCig,0.7209302325576831,-1.2762934659039264,-1.2762934659039264
182724_8281-X5491-Y21925_reg,ipsi_SCig,0.7093023255810572,-0.3434734320806732,-0.3434734320806732
182725_6819-X6109-Y7853_reg,ipsi_SCig,0.7093023255810572,-0.3434734320806732,-0.3434734320806732
182725_7482-X7429-Y6760_reg,ipsi_SCig,0.7093023255810572,-0.3434734320806732,-0.3434734320806732
182725_7714-X7032-Y7882_reg,ipsi_SCig,0.7093023255810572,-0.3434734320806732,-0.3434734320806732
182725_7762-X3772-Y19585_reg,ipsi_SCig,0.7093023255810572,-0.3434734320806732,-0.3434734320806732
182725_7988-X4540-Y20706_reg,ipsi_SCig,0.7209302325576831,-1.2762934659039264,-1.2762934659039264
182725_8028-X4256-Y19926_reg,ipsi_SCig,0.7209302325576831,-1.2762934659039264,-1.2762934659039264
18469_7066-X6108-Y38587_reg,ipsi_SCig,0.7093023255810572,-0.3434734320806732,-0.3434734320806732
18469_7376-X7022-Y19051_reg,ipsi_SCig,0.7093023255810572,-0.3434734320806732,-0.3434734320806732
191807_7423-X4013-Y19283_reg,ipsi_SCig,0.7093023255810572,-0.3434734320806732,-0.3434734320806732
191807_7574-X4648-Y20365_reg,ipsi_SCig,0.7093023255810572,-0.3434734320806732,-0.3434734320806732
191807_7786-X4425-Y19023_reg,ipsi_SCig,0.7209302325576831,-1.2762934659039264,-1.2762934659039264
191807_7822-X4840-Y19927_reg,ipsi_SCig,0.7209302325576831,-1.2762934659039264,-1.2762934659039264
191807_8102-X5725-Y9586_reg,ipsi_SCig,0.7093023255810572,-0.3434734320806732,-0.3434734320806732
194069_7406-X4443-Y11111_reg,ipsi_SCig,0.7093023255810572,-0.3434734320806732,-0.3434734320806732
194069_7499-X4635-Y10487_reg,ipsi_SCig,0.7093023255810572,-0.3434734320806732,-0.3434734320806732
194069_7827-X3508-Y20244_reg,ipsi_SCig,0.7093023255810572,-0.3434734320806732,-0.3434734320806732
194069_7960-X3680-Y21513_reg,ipsi_SCig,0.7093023255810572,-0.3434734320806732,-0.3434734320806732
211541_7642-X7572-Y16296_reg,ipsi_SCig,0.7093023255810572,-0.3434734320806732,-0.3434734320806732
211550_6742-X19175-Y17279_reg,ipsi_SCig,0.7093023255810572,-0.3434734320806732,-0.3434734320806732
211550_7524-X21483-Y15565_reg,ipsi_SCig,0.7093023255810572,-0.3434734320806732,-0.3434734320806732
211550_7555-X20812-Y16162_reg,ipsi_SCig,0.7093023255810572,-0.3434734320806732,-0.3434734320806732
211550_7718-X19461-Y16950_reg,ipsi_SCig,0.7209302325576831,-1.2762934659039264,-1.2762934659039264
211550_7772-X7691-Y18498_reg,ipsi_SCig,0.7093023255810572,-0.3434734320806732,-0.3434734320806732
211550_7942-X7116-Y18251_reg,ipsi_SCig,0.7093023255810572,-0.3434734320806732,-0.3434734320806732
211796_7238-X7037-Y16980_reg,ipsi_SCig,0.7093023255810572,-0.3434734320806732,-0.3434734320806732
211796_7334-X21168-Y15440_reg,ipsi_SCig,0.7093023255810572,-0.3434734320806732,-0.3434734320806732
211796_7385-X18532-Y16902_reg,ipsi_SCig,0.7093023255810572,-0.3434734320806732,-0.3434734320806732
211796_7534-X18739-Y16699_reg,ipsi_SCig,0.7093023255810572,-0.3434734320806732,-0.3434734320806732
182709_7126-X2913-Y10535_reg,ipsi_SCiw,0.0930232558139536,-2.3749057545736707,-2.3749057545736707
182724_6690-X3748-Y10610_reg,ipsi_SCiw,0.10465116338773812,-0.11054187506664832,-0.11054187506664832
182724_7371-X5043-Y7827_reg,ipsi_SCiw,0.10465116338773812,-0.11054187506664832,-0.11054187506664832
182724_8100-X5413-Y22190_reg,ipsi_SCiw,0.0930232558139537,-2.3749057545736694,-2.3749057545736694
182724_8150-X4450-Y19864_reg,ipsi_SCiw,0.10465116338773812,-0.11054187506664832,-0.11054187506664832
182725_7649-X3440-Y17884_reg,ipsi_SCiw,0.10465116338773812,-0.11054187506664832,-0.11054187506664832
182725_7657-X3644-Y17105_reg,ipsi_SCiw,0.10465116338773812,-0.11054187506664832,-0.11054187506664832
18469_6185-X6027-Y36689_reg,ipsi_SCiw,0.10465116338773812,-0.11054187506664832,-0.11054187506664832
18469_6590-X7059-Y41111_reg,ipsi_SCiw,0.10465116338773812,-0.11054187506664832,-0.11054187506664832
18469_6673-X5500-Y35752_reg,ipsi_SCiw,0.10465116338773812,-0.11054187506664832,-0.11054187506664832
18469_6680-X6305-Y38542_reg,ipsi_SCiw,0.10465116338773812,-0.11054187506664832,-0.11054187506664832
18469_6767-X5786-Y37391_reg,ipsi_SCiw,0.10465116338773812,-0.11054187506664832,-0.11054187506664832
18469_6907-X5348-Y34515_reg,ipsi_SCiw,0.10465116338773812,-0.11054187506664832,-0.11054187506664832
18469_7024-X5427-Y35160_reg,ipsi_SCiw,0.10465116338773812,-0.11054187506664832,-0.11054187506664832
18469_7048-X7499-Y17640_reg,ipsi_SCiw,0.10465116338773812,-0.11054187506664832,-0.11054187506664832
18469_7279-X7753-Y17170_reg,ipsi_SCiw,0.10465116338773812,-0.11054187506664832,-0.11054187506664832
18868_6405-X11428-Y4397_reg,ipsi_SCiw,0.10465116338773812,-0.11054187506664832,-0.11054187506664832
191807_6504-X3953-Y21204_reg,ipsi_SCiw,0.10465116338773812,-0.11054187506664832,-0.11054187506664832
191807_6735-X4456-Y21792_reg,ipsi_SCiw,0.10465116338773812,-0.11054187506664832,-0.11054187506664832
191807_6822-X4235-Y21316_reg,ipsi_SCiw,0.09302325581395378,-2.3749057545736685,-2.3749057545736685
191807_7110-X4076-Y20205_reg,ipsi_SCiw,0.10465116338773812,-0.11054187506664832,-0.11054187506664832
191807_7249-X4135-Y19813_reg,ipsi_SCiw,0.10465116338773812,-0.11054187506664832,-0.11054187506664832
191807_7281-X4351-Y20216_reg,ipsi_SCiw,0.10465116338773812,-0.11054187506664832,-0.11054187506664832
191807_7289-X4771-Y9549_reg,ipsi_SCiw,0.10465116338773812,-0.11054187506664832,-0.11054187506664832
191807_7405-X4847-Y21105_reg,ipsi_SCiw,0.10465116338773812,-0.11054187506664832,-0.11054187506664832
191807_7439-X5230-Y8737_reg,ipsi_SCiw,0.10465116338773812,-0.11054187506664832,-0.11054187506664832
191807_7500-X4057-Y19214_reg,ipsi_SCiw,0.10465116338773812,-0.11054187506664832,-0.11054187506664832
191807_7529-X5296-Y9002_reg,ipsi_SCiw,0.10465116338773812,-0.11054187506664832,-0.11054187506664832
191807_7712-X5701-Y8560_reg,ipsi_SCiw,0.09302325581395374,-2.374905754573669,-2.374905754573669
191807_7779-X4433-Y18625_reg,ipsi_SCiw,0.10465116338773812,-0.11054187506664832,-0.11054187506664832
191807_7954-X5660-Y20932_reg,ipsi_SCiw,0.10465116338773812,-0.11054187506664832,-0.11054187506664832
191807_7985-X5473-Y10063_reg,ipsi_SCiw,0.10465116338773812,-0.11054187506664832,-0.11054187506664832
194069_7189-X5459-Y8724_reg,ipsi_SCiw,0.10465116338773812,-0.11054187506664832,-0.11054187506664832
194069_7216-X3715-Y22464_reg,ipsi_SCiw,0.10465116338773812,-0.11054187506664832,-0.11054187506664832
194069_7313-X3495-Y20668_reg,ipsi_SCiw,0.10465116338773812,-0.11054187506664832,-0.11054187506664832
194069_7382-X3692-Y22255_reg,ipsi_SCiw,0.10465116338773812,-0.11054187506664832,-0.11054187506664832
194069_7408-X5410-Y9170_reg,ipsi_SCiw,0.10465116338773812,-0.11054187506664832,-0.11054187506664832
194069_7541-X6312-Y7823_reg,ipsi_SCiw,0.10465116338773812,-0.11054187506664832,-0.11054187506664832
194069_7890-X3746-Y21746_reg,ipsi_SCiw,0.10465116338773812,-0.11054187506664832,-0.11054187506664832
194069_7949-X5085-Y10196_reg,ipsi_SCiw,0.10465116338773812,-0.11054187506664832,-0.11054187506664832
194069_8027-X4187-Y22761_reg,ipsi_SCiw,0.10465116338773812,-0.11054187506664832,-0.11054187506664832
194069_8063-X5880-Y9133_reg,ipsi_SCiw,0.10465116338773812,-0.11054187506664832,-0.11054187506664832
194069_8220-X4330-Y22689_reg,ipsi_SCiw,0.10465116338773812,-0.11054187506664832,-0.11054187506664832
194069_8231-X4410-Y22897_reg,ipsi_SCiw,0.10465116338773812,-0.11054187506664832,-0.11054187506664832
211541_7083-X17997-Y16517_reg,ipsi_SCiw,0.10465116338773812,-0.11054187506664832,-0.11054187506664832
211541_7381-X7249-Y16155_reg,ipsi_SCiw,0.10465116338773812,-0.11054187506664832,-0.11054187506664832
211550_6674-X20158-Y16621_reg,ipsi_SCiw,0.10465116338773812,-0.11054187506664832,-0.11054187506664832
211550_6721-X20655-Y16337_reg,ipsi_SCiw,0.10465116338773812,-0.11054187506664832,-0.11054187506664832
182709_6204-X2976-Y9977_reg,ipsi_SCiw,0.10465116338773812,-0.11054187506664832,-0.11054187506664832
182709_7144-X3121-Y9346_reg,ipsi_SCiw,0.10465116338773812,-0.11054187506664832,-0.11054187506664832
182709_7463-X3586-Y20695_reg,ipsi_SCiw,0.09302325581395378,-2.3749057545736685,-2.3749057545736685
182709_7886-X5075-Y22541_2_reg,ipsi_SCiw,0.10465116338773812,-0.11054187506664832,-0.11054187506664832
182709_7918-X5201-Y22656_reg,ipsi_SCiw,0.10465116338773812,-0.11054187506664832,-0.11054187506664832
182724_7822-X5447-Y22786_reg,ipsi_SCiw,0.10465116338773812,-0.11054187506664832,-0.11054187506664832
182724_7871-X4578-Y21040_reg,ipsi_SCiw,0.10465116338773812,-0.11054187506664832,-0.11054187506664832
182724_8155-X4575-Y20238_reg,ipsi_SCiw,0.10465116338773812,-0.11054187506664832,-0.11054187506664832
182724_8159-X4833-Y21213_reg,ipsi_SCiw,0.10465116338773812,-0.11054187506664832,-0.11054187506664832
182724_8257-X5319-Y21978_reg,ipsi_SCiw,0.10465116338773812,-0.11054187506664832,-0.11054187506664832
182724_8281-X5491-Y21925_reg,ipsi_SCiw,0.09302325581395378,-2.3749057545736685,-2.3749057545736685
182725_6819-X6109-Y7853_reg,ipsi_SCiw,0.10465116338773812,-0.11054187506664832,-0.11054187506664832
182725_7482-X7429-Y6760_reg,ipsi_SCiw,0.09302325581395378,-2.3749057545736685,-2.3749057545736685
182725_7714-X7032-Y7882_reg,ipsi_SCiw,0.10465116338773812,-0.11054187506664832,-0.11054187506664832
182725_7762-X3772-Y19585_reg,ipsi_SCiw,0.10465116338773812,-0.11054187506664832,-0.11054187506664832
182725_7988-X4540-Y20706_reg,ipsi_SCiw,0.10465116338773812,-0.11054187506664832,-0.11054187506664832
182725_8028-X4256-Y19926_reg,ipsi_SCiw,0.10465116338773812,-0.11054187506664832,-0.11054187506664832
18469_7066-X6108-Y38587_reg,ipsi_SCiw,0.10465116338773812,-0.11054187506664832,-0.11054187506664832
18469_7376-X7022-Y19051_reg,ipsi_SCiw,0.10465116338773812,-0.11054187506664832,-0.11054187506664832
191807_7423-X4013-Y19283_reg,ipsi_SCiw,0.10465116338773812,-0.11054187506664832,-0.11054187506664832
191807_7574-X4648-Y20365_reg,ipsi_SCiw,0.10465116338773812,-0.11054187506664832,-0.11054187506664832
191807_7786-X4425-Y19023_reg,ipsi_SCiw,0.10465116338773812,-0.11054187506664832,-0.11054187506664832
191807_7822-X4840-Y19927_reg,ipsi_SCiw,0.10465116338773812,-0.11054187506664832,-0.11054187506664832
191807_8102-X5725-Y9586_reg,ipsi_SCiw,0.10465116338773812,-0.11054187506664832,-0.11054187506664832
194069_7406-X4443-Y11111_reg,ipsi_SCiw,0.10465116338773812,-0.11054187506664832,-0.11054187506664832
194069_7499-X4635-Y10487_reg,ipsi_SCiw,0.10465116338773812,-0.11054187506664832,-0.11054187506664832
194069_7827-X3508-Y20244_reg,ipsi_SCiw,0.0930232558139537,-2.3749057545736694,-2.3749057545736694
194069_7960-X3680-Y21513_reg,ipsi_SCiw,0.10465116338773812,-0.11054187506664832,-0.11054187506664832
211541_7642-X7572-Y16296_reg,ipsi_SCiw,0.09302325581395378,-2.3749057545736685,-2.3749057545736685
211550_6742-X19175-Y17279_reg,ipsi_SCiw,0.10465116338773812,-0.11054187506664832,-0.11054187506664832
211550_7524-X21483-Y15565_reg,ipsi_SCiw,0.10465116338773812,-0.11054187506664832,-0.11054187506664832
211550_7555-X20812-Y16162_reg,ipsi_SCiw,0.10465116338773812,-0.11054187506664832,-0.11054187506664832
211550_7718-X19461-Y16950_reg,ipsi_SCiw,0.10465116338773812,-0.11054187506664832,-0.11054187506664832
211550_7772-X7691-Y18498_reg,ipsi_SCiw,0.10465116338773812,-0.11054187506664832,-0.11054187506664832
211550_7942-X7116-Y18251_reg,ipsi_SCiw,0.10465116338773812,-0.11054187506664832,-0.11054187506664832
211796_7238-X7037-Y16980_reg,ipsi_SCiw,0.10465116338773812,-0.11054187506664832,-0.11054187506664832
211796_7334-X21168-Y15440_reg,ipsi_SCiw,0.10465116338773812,-0.11054187506664832,-0.11054187506664832
211796_7385-X18532-Y16902_reg,ipsi_SCiw,0.10465116338773812,-0.11054187506664832,-0.11054187506664832
211796_7534-X18739-Y16699_reg,ipsi_SCiw,0.10465116338773812,-0.11054187506664832,-0.11054187506664832
182709_7126-X2913-Y10535_reg,ipsi_SubG,0.05813953490637313,-0.059898141605119457,-0.059898141605119457
182724_6690-X3748-Y10610_reg,ipsi_SubG,0.05813953490637313,-0.059898141605119457,-0.059898141605119457
182724_7371-X5043-Y7827_reg,ipsi_SubG,0.05813953490637313,-0.059898141605119457,-0.059898141605119457
182724_8100-X5413-Y22190_reg,ipsi_SubG,0.05813953490637313,-0.059898141605119457,-0.059898141605119457
182724_8150-X4450-Y19864_reg,ipsi_SubG,0.05813953490637313,-0.059898141605119457,-0.059898141605119457
182725_7649-X3440-Y17884_reg,ipsi_SubG,0.05813953490637313,-0.059898141605119457,-0.059898141605119457
182725_7657-X3644-Y17105_reg,ipsi_SubG,0.05813953490637313,-0.059898141605119457,-0.059898141605119457
18469_6185-X6027-Y36689_reg,ipsi_SubG,0.05813953490637313,-0.059898141605119457,-0.059898141605119457
18469_6590-X7059-Y41111_reg,ipsi_SubG,0.05813953490637313,-0.059898141605119457,-0.059898141605119457
18469_6673-X5500-Y35752_reg,ipsi_SubG,0.05813953490637313,-0.059898141605119457,-0.059898141605119457
18469_6680-X6305-Y38542_reg,ipsi_SubG,0.05813953490637313,-0.059898141605119457,-0.059898141605119457
18469_6767-X5786-Y37391_reg,ipsi_SubG,0.05813953490637313,-0.059898141605119457,-0.059898141605119457
18469_6907-X5348-Y34515_reg,ipsi_SubG,0.05813953490637313,-0.059898141605119457,-0.059898141605119457
18469_7024-X5427-Y35160_reg,ipsi_SubG,0.05813953490637313,-0.059898141605119457,-0.059898141605119457
18469_7048-X7499-Y17640_reg,ipsi_SubG,0.05813953490637313,-0.059898141605119457,-0.059898141605119457
18469_7279-X7753-Y17170_reg,ipsi_SubG,0.05813953490637313,-0.059898141605119457,-0.059898141605119457
18868_6405-X11428-Y4397_reg,ipsi_SubG,0.05813953490637313,-0.059898141605119457,-0.059898141605119457
191807_6504-X3953-Y21204_reg,ipsi_SubG,0.05813953490637313,-0.059898141605119457,-0.059898141605119457
191807_6735-X4456-Y21792_reg,ipsi_SubG,0.05813953490637313,-0.059898141605119457,-0.059898141605119457
191807_6822-X4235-Y21316_reg,ipsi_SubG,0.0465116287180821,-3.0680529176948523,-3.0680529176948523
191807_7110-X4076-Y20205_reg,ipsi_SubG,0.05813953490637313,-0.059898141605119457,-0.059898141605119457
191807_7249-X4135-Y19813_reg,ipsi_SubG,0.05813953490637313,-0.059898141605119457,-0.059898141605119457
191807_7281-X4351-Y20216_reg,ipsi_SubG,0.05813953490637313,-0.059898141605119457,-0.059898141605119457
191807_7289-X4771-Y9549_reg,ipsi_SubG,0.05813953490637313,-0.059898141605119457,-0.059898141605119457
191807_7405-X4847-Y21105_reg,ipsi_SubG,0.05813953490637313,-0.059898141605119457,-0.059898141605119457
191807_7439-X5230-Y8737_reg,ipsi_SubG,0.05813953490637313,-0.059898141605119457,-0.059898141605119457
191807_7500-X4057-Y19214_reg,ipsi_SubG,0.0465116287180821,-3.0680529176948523,-3.0680529176948523
191807_7529-X5296-Y9002_reg,ipsi_SubG,0.05813953490637313,-0.059898141605119457,-0.059898141605119457
191807_7712-X5701-Y8560_reg,ipsi_SubG,0.05813953490637313,-0.059898141605119457,-0.059898141605119457
191807_7779-X4433-Y18625_reg,ipsi_SubG,0.05813953490637313,-0.059898141605119457,-0.059898141605119457
191807_7954-X5660-Y20932_reg,ipsi_SubG,0.05813953490637313,-0.059898141605119457,-0.059898141605119457
191807_7985-X5473-Y10063_reg,ipsi_SubG,0.05813953490637313,-0.059898141605119457,-0.059898141605119457
194069_7189-X5459-Y8724_reg,ipsi_SubG,0.0465116287180821,-3.0680529176948523,-3.0680529176948523
194069_7216-X3715-Y22464_reg,ipsi_SubG,0.05813953490637313,-0.059898141605119457,-0.059898141605119457
194069_7313-X3495-Y20668_reg,ipsi_SubG,0.05813953490637313,-0.059898141605119457,-0.059898141605119457
194069_7382-X3692-Y22255_reg,ipsi_SubG,0.05813953490637313,-0.059898141605119457,-0.059898141605119457
194069_7408-X5410-Y9170_reg,ipsi_SubG,0.05813953490637313,-0.059898141605119457,-0.059898141605119457
194069_7541-X6312-Y7823_reg,ipsi_SubG,0.05813953490637313,-0.059898141605119457,-0.059898141605119457
194069_7890-X3746-Y21746_reg,ipsi_SubG,0.05813953490637313,-0.059898141605119457,-0.059898141605119457
194069_7949-X5085-Y10196_reg,ipsi_SubG,0.05813953490637313,-0.059898141605119457,-0.059898141605119457
194069_8027-X4187-Y22761_reg,ipsi_SubG,0.05813953490637313,-0.059898141605119457,-0.059898141605119457
194069_8063-X5880-Y9133_reg,ipsi_SubG,0.05813953490637313,-0.059898141605119457,-0.059898141605119457
194069_8220-X4330-Y22689_reg,ipsi_SubG,0.05813953490637313,-0.059898141605119457,-0.059898141605119457
194069_8231-X4410-Y22897_reg,ipsi_SubG,0.05813953490637313,-0.059898141605119457,-0.059898141605119457
211541_7083-X17997-Y16517_reg,ipsi_SubG,0.05813953490637313,-0.059898141605119457,-0.059898141605119457
211541_7381-X7249-Y16155_reg,ipsi_SubG,0.05813953490637313,-0.059898141605119457,-0.059898141605119457
211550_6674-X20158-Y16621_reg,ipsi_SubG,0.05813953490637313,-0.059898141605119457,-0.059898141605119457
211550_6721-X20655-Y16337_reg,ipsi_SubG,0.05813953490637313,-0.059898141605119457,-0.059898141605119457
182709_6204-X2976-Y9977_reg,ipsi_SubG,0.05813953490637313,-0.059898141605119457,-0.059898141605119457
182709_7144-X3121-Y9346_reg,ipsi_SubG,0.05813953490637313,-0.059898141605119457,-0.059898141605119457
182709_7463-X3586-Y20695_reg,ipsi_SubG,0.05813953490637313,-0.059898141605119457,-0.059898141605119457
182709_7886-X5075-Y22541_2_reg,ipsi_SubG,0.05813953490637313,-0.059898141605119457,-0.059898141605119457
182709_7918-X5201-Y22656_reg,ipsi_SubG,0.05813953490637313,-0.059898141605119457,-0.059898141605119457
182724_7822-X5447-Y22786_reg,ipsi_SubG,0.05813953490637313,-0.059898141605119457,-0.059898141605119457
182724_7871-X4578-Y21040_reg,ipsi_SubG,0.05813953490637313,-0.059898141605119457,-0.059898141605119457
182724_8155-X4575-Y20238_reg,ipsi_SubG,0.0465116287180821,-3.0680529176948523,-3.0680529176948523
182724_8159-X4833-Y21213_reg,ipsi_SubG,0.05813953490637312,-0.059898141605119457,-0.059898141605119457
182724_8257-X5319-Y21978_reg,ipsi_SubG,0.05813953490637312,-0.059898141605119457,-0.059898141605119457
182724_8281-X5491-Y21925_reg,ipsi_SubG,0.05813953490637312,-0.059898141605119457,-0.059898141605119457
182725_6819-X6109-Y7853_reg,ipsi_SubG,0.05813953490637312,-0.059898141605119457,-0.059898141605119457
182725_7482-X7429-Y6760_reg,ipsi_SubG,0.05813953490637312,-0.059898141605119457,-0.059898141605119457
182725_7714-X7032-Y7882_reg,ipsi_SubG,0.05813953490637312,-0.059898141605119457,-0.059898141605119457
182725_7762-X3772-Y19585_reg,ipsi_SubG,0.05813953490637312,-0.059898141605119457,-0.059898141605119457
182725_7988-X4540-Y20706_reg,ipsi_SubG,0.05813953490637312,-0.059898141605119457,-0.059898141605119457
182725_8028-X4256-Y19926_reg,ipsi_SubG,0.05813953490637312,-0.059898141605119457,-0.059898141605119457
18469_7066-X6108-Y38587_reg,ipsi_SubG,0.05813953490637312,-0.059898141605119457,-0.059898141605119457
18469_7376-X7022-Y19051_reg,ipsi_SubG,0.05813953490637312,-0.059898141605119457,-0.059898141605119457
191807_7423-X4013-Y19283_reg,ipsi_SubG,0.05813953490637312,-0.059898141605119457,-0.059898141605119457
191807_7574-X4648-Y20365_reg,ipsi_SubG,0.05813953490637312,-0.059898141605119457,-0.059898141605119457
191807_7786-X4425-Y19023_reg,ipsi_SubG,0.05813953490637312,-0.059898141605119457,-0.059898141605119457
191807_7822-X4840-Y19927_reg,ipsi_SubG,0.0465116287180821,-3.0680529176948523,-3.0680529176948523
191807_8102-X5725-Y9586_reg,ipsi_SubG,0.05813953490637313,-0.059898141605119457,-0.059898141605119457
194069_7406-X4443-Y11111_reg,ipsi_SubG,0.05813953490637313,-0.059898141605119457,-0.059898141605119457
194069_7499-X4635-Y10487_reg,ipsi_SubG,0.05813953490637313,-0.059898141605119457,-0.059898141605119457
194069_7827-X3508-Y20244_reg,ipsi_SubG,0.05813953490637313,-0.059898141605119457,-0.059898141605119457
194069_7960-X3680-Y21513_reg,ipsi_SubG,0.05813953490637313,-0.059898141605119457,-0.059898141605119457
211541_7642-X7572-Y16296_reg,ipsi_SubG,0.05813953490637313,-0.059898141605119457,-0.059898141605119457
211550_6742-X19175-Y17279_reg,ipsi_SubG,0.05813953490637313,-0.059898141605119457,-0.059898141605119457
211550_7524-X21483-Y15565_reg,ipsi_SubG,0.05813953490637313,-0.059898141605119457,-0.059898141605119457
211550_7555-X20812-Y16162_reg,ipsi_SubG,0.05813953490637313,-0.059898141605119457,-0.059898141605119457
211550_7718-X19461-Y16950_reg,ipsi_SubG,0.05813953490637313,-0.059898141605119457,-0.059898141605119457
211550_7772-X7691-Y18498_reg,ipsi_SubG,0.05813953490637313,-0.059898141605119457,-0.059898141605119457
211550_7942-X7116-Y18251_reg,ipsi_SubG,0.05813953490637313,-0.059898141605119457,-0.059898141605119457
211796_7238-X7037-Y16980_reg,ipsi_SubG,0.05813953490637313,-0.059898141605119457,-0.059898141605119457
211796_7334-X21168-Y15440_reg,ipsi_SubG,0.05813953490637313,-0.059898141605119457,-0.059898141605119457
211796_7385-X18532-Y16902_reg,ipsi_SubG,0.05813953490637313,-0.059898141605119457,-0.059898141605119457
211796_7534-X18739-Y16699_reg,ipsi_SubG,0.05813953490637313,-0.059898141605119457,-0.059898141605119457
182709_7126-X2913-Y10535_reg,ipsi_ZI,0.1543140551058878,-0.1916674192121923,-0.1676072118258435
182724_6690-X3748-Y10610_reg,ipsi_ZI,0.18685688362406974,-0.1916674192121923,-0.20684815002390858
182724_7371-X5043-Y7827_reg,ipsi_ZI,0.2154353251019018,-0.1916674192121923,-0.24262626929175743
182724_8100-X5413-Y22190_reg,ipsi_ZI,0.1525642893830831,-0.1916674192121923,-0.16554030028402505
182724_8150-X4450-Y19864_reg,ipsi_ZI,0.11328693560976857,-0.1916674192121923,-0.12023383898391807
182725_7649-X3440-Y17884_reg,ipsi_ZI,0.1078376767647412,-0.1916674192121923,-0.11410718623674057
182725_7657-X3644-Y17105_reg,ipsi_ZI,0.09478523483178954,-0.1916674192121923,-0.09958305385754183
18469_6185-X6027-Y36689_reg,ipsi_ZI,0.2815609617037415,-1.8152899666369093,-1.2674062946217377
18469_6590-X7059-Y41111_reg,ipsi_ZI,0.362403876869286,-0.1916674192121924,-0.4500502319344136
18469_6673-X5500-Y35752_reg,ipsi_ZI,0.29433568043305564,-0.1916674192121924,-0.34861562259515344
18469_6680-X6305-Y38542_reg,ipsi_ZI,0.199902137258724,-1.8152899666369093,-1.6099273458934982
18469_6767-X5786-Y37391_reg,ipsi_ZI,0.19503894929871554,-0.1916674192121924,-0.21696138695613482
18469_6907-X5348-Y34515_reg,ipsi_ZI,0.1415745123832679,-0.1916674192121924,-0.15265539610186646
18469_7024-X5427-Y35160_reg,ipsi_ZI,0.2507074930527395,-0.1916674192121924,-0.28862584173225814
18469_7048-X7499-Y17640_reg,ipsi_ZI,0.12941702349680115,-0.1916674192121924,-0.13859220380747306
18469_7279-X7753-Y17170_reg,ipsi_ZI,0.21094060815701995,-0.1916674192121924,-0.23691368613659655
18868_6405-X11428-Y4397_reg,ipsi_ZI,0.29530169343608514,-1.8152899666369093,-1.219757755619224
191807_6504-X3953-Y21204_reg,ipsi_ZI,0.23530596293458556,-1.8152899666369093,-1.4468686417314767
191807_6735-X4456-Y21792_reg,ipsi_ZI,0.5143650168250333,-0.1916674192121923,-0.7222980006970764
191807_6822-X4235-Y21316_reg,ipsi_ZI,0.2379064304076334,-1.8152899666369087,-1.4358778321619665
191807_7110-X4076-Y20205_reg,ipsi_ZI,0.5154874865061359,-1.8152899666369087,-0.6626422502986353
191807_7249-X4135-Y19813_reg,ipsi_ZI,0.15576718750828897,-0.1916674192121923,-0.16932697823970042
191807_7281-X4351-Y20216_reg,ipsi_ZI,0.18688593286887178,-0.1916674192121923,-0.2068838753016811
191807_7289-X4771-Y9549_reg,ipsi_ZI,0.29300881721316174,-1.8152899666369087,-1.2275525775401661
191807_7405-X4847-Y21105_reg,ipsi_ZI,0.4788713765114213,-0.1916674192121923,-0.6517583896010728
191807_7439-X5230-Y8737_reg,ipsi_ZI,0.2768142617650979,-0.1916674192121923,-0.3240891904596506
191807_7500-X4057-Y19214_reg,ipsi_ZI,0.18452238740417343,-1.8152899666369087,-1.6899844819187426
191807_7529-X5296-Y9002_reg,ipsi_ZI,0.2052047001570417,-1.8152899666369087,-1.5837472606991025
191807_7712-X5701-Y8560_reg,ipsi_ZI,0.2153370111307717,-0.1916674192121923,-0.24250096692355597
191807_7779-X4433-Y18625_reg,ipsi_ZI,0.05445801440060624,-0.1916674192121923,-0.05599698615890658
191807_7954-X5660-Y20932_reg,ipsi_ZI,0.047357102752321384,-1.8152899666369087,-3.050038465270867
191807_7985-X5473-Y10063_reg,ipsi_ZI,0.03073995639607715,-1.8152899666369087,-3.482191959347737
194069_7189-X5459-Y8724_reg,ipsi_ZI,0.2852015294705156,-0.1916674192121923,-0.335754635417278
194069_7216-X3715-Y22464_reg,ipsi_ZI,0.4816837708627921,-0.1916674192121923,-0.6571697420304897
194069_7313-X3495-Y20668_reg,ipsi_ZI,0.3984480836120578,-1.8152899666369087,-0.920178068757029
194069_7382-X3692-Y22255_reg,ipsi_ZI,0.5587317205910762,-1.8152899666369087,-0.5820858484153144
194069_7408-X5410-Y9170_reg,ipsi_ZI,0.2637177057275867,-0.1916674192121923,-0.3061416817899648
194069_7541-X6312-Y7823_reg,ipsi_ZI,0.25898909763690947,-1.8152899666369087,-1.350969312234566
194069_7890-X3746-Y21746_reg,ipsi_ZI,0.20119515608757896,-0.1916674192121923,-0.22463861347235678
194069_7949-X5085-Y10196_reg,ipsi_ZI,0.16821800557076488,-0.1916674192121923,-0.18418489842211955
194069_8027-X4187-Y22761_reg,ipsi_ZI,0.3921371557102097,-0.1916674192121923,-0.49780600751379156
194069_8063-X5880-Y9133_reg,ipsi_ZI,0.04538041108917862,-0.1916674192121923,-0.046442354077388295
194069_8220-X4330-Y22689_reg,ipsi_ZI,0.2025155306584407,-0.1916674192121923,-0.22629291869262472
194069_8231-X4410-Y22897_reg,ipsi_ZI,0.1184183442479027,-0.1916674192121923,-0.12603764870367526
211541_7083-X17997-Y16517_reg,ipsi_ZI,0.40447552394729697,-0.1916674192121923,-0.5183127893476331
211541_7381-X7249-Y16155_reg,ipsi_ZI,0.12287582798940332,-0.1916674192121923,-0.13110670939120814
211550_6674-X20158-Y16621_reg,ipsi_ZI,0.39321285942836676,-0.1916674192121923,-0.49957722393463616
211550_6721-X20655-Y16337_reg,ipsi_ZI,0.2733392023152879,-1.8152899666369093,-1.297041755737266
182709_6204-X2976-Y9977_reg,ipsi_ZI,0.03570394587966752,-0.1916674192121923,-0.03635692143690766
182709_7144-X3121-Y9346_reg,ipsi_ZI,0.094648178669814,-0.1916674192121923,-0.09943165797598807
182709_7463-X3586-Y20695_reg,ipsi_ZI,0.10490461402326509,-0.1916674192121923,-0.11082498987583617
182709_7886-X5075-Y22541_2_reg,ipsi_ZI,0.06872367125424193,-0.1916674192121923,-0.0711992372093604
182709_7918-X5201-Y22656_reg,ipsi_ZI,0.029946560781737217,-0.1916674192121923,-0.03040411702462528
182724_7822-X5447-Y22786_reg,ipsi_ZI,0.10737641255135852,-0.1916674192121923,-0.11359030158307859
182724_7871-X4578-Y21040_reg,ipsi_ZI,0.18228009604710274,-0.1916674192121923,-0.20123541672253825
182724_8155-X4575-Y20238_reg,ipsi_ZI,0.07012061216077341,-0.1916674192121923,-0.07270039174083015
182724_8159-X4833-Y21213_reg,ipsi_ZI,0.05148301752940007,-0.1916674192121923,-0.05285558521216049
182724_8257-X5319-Y21978_reg,ipsi_ZI,0.08707092297362427,-0.1916674192121923,-0.09109708264616014
182724_8281-X5491-Y21925_reg,ipsi_ZI,0.16172350593231632,-0.1916674192121923,-0.17640728773183087
182725_6819-X6109-Y7853_reg,ipsi_ZI,0.15547047278895618,-0.1916674192121923,-0.16897557921165451
182725_7482-X7429-Y6760_reg,ipsi_ZI,0.15811546884270675,-0.1916674192121923,-0.1721124105366286
182725_7714-X7032-Y7882_reg,ipsi_ZI,0.09048065509327428,-0.1916674192121923,-0.09483901142418306
182725_7762-X3772-Y19585_reg,ipsi_ZI,0.06675275576432192,-0.1916674192121923,-0.06908511406008315
182725_7988-X4540-Y20706_reg,ipsi_ZI,0.1745728561806553,-0.1916674192121923,-0.19185427654973106
182725_8028-X4256-Y19926_reg,ipsi_ZI,0.07184411335293565,-0.1916674192121923,-0.07455557900249941
18469_7066-X6108-Y38587_reg,ipsi_ZI,0.10416766928426198,-0.1916674192121923,-0.11000201441599149
18469_7376-X7022-Y19051_reg,ipsi_ZI,0.19660248890579007,-0.1916674192121923,-0.21890565502763645
191807_7423-X4013-Y19283_reg,ipsi_ZI,0.11364916076611845,-0.1916674192121923,-0.12064242568025624
191807_7574-X4648-Y20365_reg,ipsi_ZI,0.17473128471174404,-0.1916674192121923,-0.19204623018031788
191807_7786-X4425-Y19023_reg,ipsi_ZI,0.011251130968492992,-0.1916674192121923,-0.011314903737582926
191807_7822-X4840-Y19927_reg,ipsi_ZI,0.023452116355537827,-0.1916674192121923,-0.023731493877395617
191807_8102-X5725-Y9586_reg,ipsi_ZI,0.039383580065263706,-0.1916674192121923,-0.04018009648220468
194069_7406-X4443-Y11111_reg,ipsi_ZI,0.1195718447650038,-0.1916674192121923,-0.1273469497923442
194069_7499-X4635-Y10487_reg,ipsi_ZI,0.06626314954434544,-0.1916674192121923,-0.0685606251449473
194069_7827-X3508-Y20244_reg,ipsi_ZI,0.0033777972502124607,-0.1916674192121923,-0.003383514886318662
194069_7960-X3680-Y21513_reg,ipsi_ZI,0.058048483867013785,-0.1916674192121923,-0.05980147480361523
211541_7642-X7572-Y16296_reg,ipsi_ZI,0.07037238478792195,-0.1916674192121923,-0.07297118677228095
211550_6742-X19175-Y17279_reg,ipsi_ZI,0.08233965234877146,-0.1916674192121923,-0.0859279484907791
211550_7524-X21483-Y15565_reg,ipsi_ZI,0.062445875166359306,-0.1916674192121923,-0.06448078964818232
211550_7555-X20812-Y16162_reg,ipsi_ZI,0.07071780820196151,-0.1916674192121923,-0.07334282763050082
211550_7718-X19461-Y16950_reg,ipsi_ZI,0.03621045164813139,-0.1916674192121923,-0.036882319043181865
211550_7772-X7691-Y18498_reg,ipsi_ZI,0.06148389666173559,-0.1916674192121923,-0.06345526451112955
211550_7942-X7116-Y18251_reg,ipsi_ZI,0.0716284050502446,-0.1916674192121923,-0.07432320075246009
211796_7238-X7037-Y16980_reg,ipsi_ZI,0.0443727623176303,-0.1916674192121923,-0.04538736071110611
211796_7334-X21168-Y15440_reg,ipsi_ZI,0.09814172394922242,-0.1916674192121923,-0.10329789315937649
211796_7385-X18532-Y16902_reg,ipsi_ZI,0.024887718245041372,-0.1916674192121923,-0.025202653840466212
211796_7534-X18739-Y16699_reg,ipsi_ZI,0.060699989275979783,-0.1916674192121923,-0.06262035056463318
182709_7126-X2913-Y10535_reg,ipsi_LGd-co,0.275069891999516,-1.2762934659039264,-1.2907300608813859
182724_6690-X3748-Y10610_reg,ipsi_LGd-co,0.3879505412939869,-0.3434734320806734,-0.49094218485605096
182724_7371-X5043-Y7827_reg,ipsi_LGd-co,0.5155529610457371,-1.2762934659039264,-0.6625152435651076
182724_8100-X5413-Y22190_reg,ipsi_LGd-co,0.22619772899775872,-0.3434734320806734,-0.25643890185024404
182724_8150-X4450-Y19864_reg,ipsi_LGd-co,0.13596404497534284,-1.2762934659039264,-1.9953648033806666
182725_7649-X3440-Y17884_reg,ipsi_LGd-co,0.5896080816521584,-1.2762934659039264,-0.5282972311925407
182725_7657-X3644-Y17105_reg,ipsi_LGd-co,0.09365707937303429,-0.3434734320806734,-0.09833754496379472
18469_6185-X6027-Y36689_reg,ipsi_LGd-co,0.18221667789598897,-0.3434734320806734,-0.20115786487166423
18469_6590-X7059-Y41111_reg,ipsi_LGd-co,0.32821497168920516,-1.2762934659039264,-1.114086483788275
18469_6673-X5500-Y35752_reg,ipsi_LGd-co,0.5855441611300793,-1.2762934659039264,-0.535213674142923
18469_6680-X6305-Y38542_reg,ipsi_LGd-co,0.2817850418494085,-0.3434734320806734,-0.3309863701296912
18469_6767-X5786-Y37391_reg,ipsi_LGd-co,0.6532825876119535,-0.3434734320806734,-1.059245204339016
18469_6907-X5348-Y34515_reg,ipsi_LGd-co,0.18191149191485048,-0.3434734320806734,-0.2007847476395596
18469_7024-X5427-Y35160_reg,ipsi_LGd-co,0.28907351539683973,-0.3434734320806734,-0.3411862517073691
18469_7048-X7499-Y17640_reg,ipsi_LGd-co,0.08615119029983044,-0.3434734320806734,-0.09009013729370167
18469_7279-X7753-Y17170_reg,ipsi_LGd-co,0.5597628961624637,-1.2762934659039264,-0.5802419846217942
18868_6405-X11428-Y4397_reg,ipsi_LGd-co,0.3888790201460025,-0.3434734320806734,-0.4924603363761896
191807_6504-X3953-Y21204_reg,ipsi_LGd-co,0.2480307455076223,-0.3434734320806734,-0.2850598408516512
191807_6735-X4456-Y21792_reg,ipsi_LGd-co,0.04628354662166387,-1.2762934659039264,-3.0729687455897876
191807_6822-X4235-Y21316_reg,ipsi_LGd-co,0.09488385398641333,-0.3434734320806734,-0.09969200538028515
191807_7110-X4076-Y20205_reg,ipsi_LGd-co,0.8151942870931667,-0.3434734320806734,-1.6884502062543651
191807_7249-X4135-Y19813_reg,ipsi_LGd-co,0.12320087417194765,-0.3434734320806734,-0.13147735979156056
191807_7281-X4351-Y20216_reg,ipsi_LGd-co,0.1692020843547668,-0.3434734320806734,-0.18536869583595916
191807_7289-X4771-Y9549_reg,ipsi_LGd-co,0.35059396809457866,-1.2762934659039264,-1.0481265111650255
191807_7405-X4847-Y21105_reg,ipsi_LGd-co,0.37769634087234283,-1.2762934659039264,-0.9736647372313774
191807_7439-X5230-Y8737_reg,ipsi_LGd-co,0.42451345367983395,-0.3434734320806734,-0.5525394284693609
191807_7500-X4057-Y19214_reg,ipsi_LGd-co,0.5659521790434741,-0.3434734320806734,-0.8346005644160486
191807_7529-X5296-Y9002_reg,ipsi_LGd-co,0.5875893881235278,-1.2762934659039264,-0.5317268945399658
191807_7712-X5701-Y8560_reg,ipsi_LGd-co,0.5239851791235265,-1.2762934659039264,-0.6462918791765054
191807_7779-X4433-Y18625_reg,ipsi_LGd-co,0.5033787222219334,-1.2762934659039264,-0.6864124653070743
191807_7954-X5660-Y20932_reg,ipsi_LGd-co,0.18634692947390688,-0.3434734320806734,-0.2062212071149294
191807_7985-X5473-Y10063_reg,ipsi_LGd-co,0.05767549574174374,-0.3434734320806734,-0.05940557937629438
194069_7189-X5459-Y8724_reg,ipsi_LGd-co,0.17003261032068395,-0.3434734320806734,-0.18636886850634046
194069_7216-X3715-Y22464_reg,ipsi_LGd-co,0.0033020955141614323,-0.3434734320806734,-0.00330755946319049
194069_7313-X3495-Y20668_reg,ipsi_LGd-co,0.0082772677821041,-0.3434734320806734,-0.008311714578339893
194069_7382-X3692-Y22255_reg,ipsi_LGd-co,0.07427321057319428,-0.3434734320806734,-0.07717613168549192
194069_7408-X5410-Y9170_reg,ipsi_LGd-co,0.0504975254864516,-0.3434734320806734,-0.051817142610445274
194069_7541-X6312-Y7823_reg,ipsi_LGd-co,0.6317493410281538,-1.2762934659039267,-0.4592625758039638
194069_7890-X3746-Y21746_reg,ipsi_LGd-co,0.2567051787397822,-0.3434734320806734,-0.29666251450209746
194069_7949-X5085-Y10196_reg,ipsi_LGd-co,0.2986484008842653,-0.3434734320806734,-0.3547459497652531
194069_8027-X4187-Y22761_reg,ipsi_LGd-co,0.29000951338874065,-0.3434734320806734,-0.3425037081756165
194069_8063-X5880-Y9133_reg,ipsi_LGd-co,0.14161883372040365,-1.2762934659039264,-1.954616100067072
194069_8220-X4330-Y22689_reg,ipsi_LGd-co,0.3345978574358956,-0.3434734320806734,-0.4073636954388565
194069_8231-X4410-Y22897_reg,ipsi_LGd-co,0.25628478596611004,-1.2762934659039264,-1.3614660076310827
211541_7083-X17997-Y16517_reg,ipsi_LGd-co,0.22231186275019194,-0.3434734320806732,-0.2514296870303301
211541_7381-X7249-Y16155_reg,ipsi_LGd-co,0.2175624016532159,-0.3434734320806732,-0.24534110626943326
211550_6674-X20158-Y16621_reg,ipsi_LGd-co,0.14938566476619963,-0.3434734320806732,-0.16179644321996897
211550_6721-X20655-Y16337_reg,ipsi_LGd-co,0.21675367925716083,-0.3434734320806732,-0.2443080465846299
182709_6204-X2976-Y9977_reg,ipsi_LGd-co,0.005657855664251702,-0.3434734320806732,-0.0056739219587864246
182709_7144-X3121-Y9346_reg,ipsi_LGd-co,0.39544013044867027,-1.2762934659039262,-0.9277558801011533
182709_7463-X3586-Y20695_reg,ipsi_LGd-co,0.463393129134228,-0.3434734320806732,-0.6224895366264992
182709_7886-X5075-Y22541_2_reg,ipsi_LGd-co,0.16655559467531397,-0.3434734320806732,-0.18218827928617304
182709_7918-X5201-Y22656_reg,ipsi_LGd-co,0.07874342256995365,-0.3434734320806732,-0.08201669582424492
182724_7822-X5447-Y22786_reg,ipsi_LGd-co,0.39024780478764437,-1.2762934659039264,-0.9409733447461852
182724_7871-X4578-Y21040_reg,ipsi_LGd-co,0.3913064218047821,-0.3434734320806734,-0.4964402935704093
182724_8155-X4575-Y20238_reg,ipsi_LGd-co,0.32446646517000455,-0.3434734320806734,-0.3922524783581769
182724_8159-X4833-Y21213_reg,ipsi_LGd-co,0.2757884381931808,-0.3434734320806734,-0.32267171684180246
182724_8257-X5319-Y21978_reg,ipsi_LGd-co,0.4376772952009918,-0.3434734320806734,-0.5756793860552626
182724_8281-X5491-Y21925_reg,ipsi_LGd-co,0.34317663244033464,-0.3434734320806734,-0.42034014358449273
182725_6819-X6109-Y7853_reg,ipsi_LGd-co,0.3278134981410156,-0.3434734320806734,-0.39721944443576507
182725_7482-X7429-Y6760_reg,ipsi_LGd-co,0.23260624551107184,-1.2762934659039264,-1.4584081883935978
182725_7714-X7032-Y7882_reg,ipsi_LGd-co,0.7677605985127175,-1.2762934659039264,-0.2642773151160228
182725_7762-X3772-Y19585_reg,ipsi_LGd-co,0.6799915208509306,-1.2762934659039264,-0.3856749502265942
182725_7988-X4540-Y20706_reg,ipsi_LGd-co,0.4040916426834628,-0.3434734320806734,-0.5176683866312289
182725_8028-X4256-Y19926_reg,ipsi_LGd-co,0.3174904788937384,-0.3434734320806734,-0.38197880168148246
18469_7066-X6108-Y38587_reg,ipsi_LGd-co,0.2832244502822917,-0.3434734320806734,-0.3329925282300446
18469_7376-X7022-Y19051_reg,ipsi_LGd-co,0.4435025871335692,-1.2762934659039264,-0.8130516438029126
191807_7423-X4013-Y19283_reg,ipsi_LGd-co,0.4652297892657543,-1.2762934659039264,-0.7652238249928054
191807_7574-X4648-Y20365_reg,ipsi_LGd-co,0.2379635899980257,-0.3434734320806734,-0.27176094228219966
191807_7786-X4425-Y19023_reg,ipsi_LGd-co,0.08072430807723678,-0.3434734320806734,-0.0841692104039747
191807_7822-X4840-Y19927_reg,ipsi_LGd-co,0.028798576872218696,-0.3434734320806734,-0.02922139334871267
191807_8102-X5725-Y9586_reg,ipsi_LGd-co,0.16558432902285722,-0.3434734320806734,-0.1810235943392162
194069_7406-X4443-Y11111_reg,ipsi_LGd-co,0.45631391219311257,-0.3434734320806734,-0.6093832431530654
194069_7499-X4635-Y10487_reg,ipsi_LGd-co,0.3921029213238752,-0.3434734320806734,-0.497749689838407
194069_7827-X3508-Y20244_reg,ipsi_LGd-co,0.0013044670971719692,-0.3434734320806734,-0.001305318655009171
194069_7960-X3680-Y21513_reg,ipsi_LGd-co,0.030261059251662555,-0.3434734320806734,-0.030728376956697428
211541_7642-X7572-Y16296_reg,ipsi_LGd-co,0.33732212208882,-0.3434734320806734,-0.4114662621998094
211550_6742-X19175-Y17279_reg,ipsi_LGd-co,0.1963818817307059,-0.3434734320806734,-0.2186310999176065
211550_7524-X21483-Y15565_reg,ipsi_LGd-co,0.10699074850133243,-0.3434734320806734,-0.11315833813839828
211550_7555-X20812-Y16162_reg,ipsi_LGd-co,0.2336259260266815,-0.3434734320806734,-0.2660848812205912
211550_7718-X19461-Y16950_reg,ipsi_LGd-co,0.052294040299781845,-0.3434734320806734,-0.053710993932093984
211550_7772-X7691-Y18498_reg,ipsi_LGd-co,0.05408238640307613,-0.3434734320806734,-0.05559980294375592
211550_7942-X7116-Y18251_reg,ipsi_LGd-co,0.20412563817076007,-1.2762934659039264,-1.5890196013240248
211796_7238-X7037-Y16980_reg,ipsi_LGd-co,0.16410751764558804,-0.3434734320806734,-0.17925528379227143
211796_7334-X21168-Y15440_reg,ipsi_LGd-co,0.3215888100759415,-0.3434734320806734,-0.38800170005902357
211796_7385-X18532-Y16902_reg,ipsi_LGd-co,0.31239776019193044,-1.2762934659039264,-1.1634780307224286
211796_7534-X18739-Y16699_reg,ipsi_LGd-co,0.18442737412339993,-0.3434734320806734,-0.20386480401748117
182709_7126-X2913-Y10535_reg,ipsi_LGd-ip,0.02668261931808138,-0.08489944378649812,-0.02704506223258964
182724_6690-X3748-Y10610_reg,ipsi_LGd-ip,0.0153375190532438,-0.08489944378649812,-0.015456355468339705
182724_7371-X5043-Y7827_reg,ipsi_LGd-ip,0.13024314380073596,-2.6625878270175245,-2.038352238500072
182724_8100-X5413-Y22190_reg,ipsi_LGd-ip,0.17346215055759137,-0.08489944378649812,-0.19050956792096102
182724_8150-X4450-Y19864_reg,ipsi_LGd-ip,0.015761366260368236,-0.08489944378649812,-0.01588689736860094
182725_7649-X3440-Y17884_reg,ipsi_LGd-ip,0.018768614283756688,-0.08489944378649812,-0.018946980036158443
182725_7657-X3644-Y17105_reg,ipsi_LGd-ip,0.004490121976578665,-0.08489944378649812,-0.0045002328516546355
18469_6185-X6027-Y36689_reg,ipsi_LGd-ip,0.016858979798693125,-0.08489944378649812,-0.01700271011984805
18469_6590-X7059-Y41111_reg,ipsi_LGd-ip,0.15651960056908315,-0.08489944378649812,-0.17021861445529343
18469_6673-X5500-Y35752_reg,ipsi_LGd-ip,0.013757749528937371,-0.08489944378649812,-0.01385326442345612
18469_6680-X6305-Y38542_reg,ipsi_LGd-ip,0.04599476718875269,-0.08489944378649812,-0.0470861224218002
18469_6767-X5786-Y37391_reg,ipsi_LGd-ip,0.03950171337199019,-0.08489944378649812,-0.04030308060852659
18469_6907-X5348-Y34515_reg,ipsi_LGd-ip,0.01409563501232955,-0.08489944378649812,-0.014195921996731574
18469_7024-X5427-Y35160_reg,ipsi_LGd-ip,0.022354098137097763,-0.08489944378649812,-0.022607738043011416
18469_7048-X7499-Y17640_reg,ipsi_LGd-ip,0.10549302523933399,-2.662587827017526,-2.249110439726983
18469_7279-X7753-Y17170_reg,ipsi_LGd-ip,0.17649651437384095,-0.08489944378649812,-0.19418749667618185
18868_6405-X11428-Y4397_reg,ipsi_LGd-ip,0.01929517019900607,-0.08489944378649812,-0.01948375174537874
191807_6504-X3953-Y21204_reg,ipsi_LGd-ip,0.03530414575074465,-0.08489944378649812,-0.03594240426561962
191807_6735-X4456-Y21792_reg,ipsi_LGd-ip,0.06827850686317838,-0.08489944378649812,-0.07072133606067704
191807_6822-X4235-Y21316_reg,ipsi_LGd-ip,0.0346217255992549,-0.08489944378649812,-0.03523526025514136
191807_7110-X4076-Y20205_reg,ipsi_LGd-ip,0.022996943615784138,-0.08489944378649812,-0.02326549860830506
191807_7249-X4135-Y19813_reg,ipsi_LGd-ip,0.02356775088648148,-0.08489944378649812,-0.02384991242056378
191807_7281-X4351-Y20216_reg,ipsi_LGd-ip,0.019273333493567604,-0.08489944378649812,-0.0194614856550458
191807_7289-X4771-Y9549_reg,ipsi_LGd-ip,0.03196221486379087,-0.08489944378649812,-0.03248415823575487
191807_7405-X4847-Y21105_reg,ipsi_LGd-ip,0.05943958790577708,-0.08489944378649812,-0.06127939828565568
191807_7439-X5230-Y8737_reg,ipsi_LGd-ip,0.08330239928430072,-0.08489944378649812,-0.08697763132371285
191807_7500-X4057-Y19214_reg,ipsi_LGd-ip,0.017795855282691463,-0.08489944378649812,-0.01795610555560862
191807_7529-X5296-Y9002_reg,ipsi_LGd-ip,0.05260880967621914,-2.662587827017526,-2.944871688923642
191807_7712-X5701-Y8560_reg,ipsi_LGd-ip,0.10125979003480326,-2.662587827017526,-2.2900658859680694
191807_7779-X4433-Y18625_reg,ipsi_LGd-ip,0.014420433296369037,-0.08489944378649812,-0.014525418252579149
191807_7954-X5660-Y20932_reg,ipsi_LGd-ip,0.09504143647669454,-0.08489944378649812,-0.09986612249252261
191807_7985-X5473-Y10063_reg,ipsi_LGd-ip,0.04664892954002612,-0.08489944378649812,-0.04777205863183134
194069_7189-X5459-Y8724_reg,ipsi_LGd-ip,0.08682426160943339,-0.08489944378649812,-0.09082693236386677
194069_7216-X3715-Y22464_reg,ipsi_LGd-ip,0.1059263776997623,-0.08489944378649812,-0.1119671556330656
194069_7313-X3495-Y20668_reg,ipsi_LGd-ip,0.0242290578040296,-0.08489944378649812,-0.02452741048612096
194069_7382-X3692-Y22255_reg,ipsi_LGd-ip,0.11130979135362852,-0.08489944378649812,-0.11800657591247694
194069_7408-X5410-Y9170_reg,ipsi_LGd-ip,0.07645912654633671,-0.08489944378649812,-0.07954022103296152
194069_7541-X6312-Y7823_reg,ipsi_LGd-ip,0.20776236445363933,-2.662587827017526,-1.5713603309952564
194069_7890-X3746-Y21746_reg,ipsi_LGd-ip,0.11300849569749087,-0.08489944378649812,-0.11991987473138173
194069_7949-X5085-Y10196_reg,ipsi_LGd-ip,0.032337767738103124,-0.08489944378649812,-0.0328721862108015
194069_8027-X4187-Y22761_reg,ipsi_LGd-ip,0.22100365557998902,-0.08489944378649812,-0.24974892577963814
194069_8063-X5880-Y9133_reg,ipsi_LGd-ip,0.13484875183531242,-0.08489944378649812,-0.1448509339657454
194069_8220-X4330-Y22689_reg,ipsi_LGd-ip,0.30834799147293046,-0.08489944378649812,-0.3686723277009959
194069_8231-X4410-Y22897_reg,ipsi_LGd-ip,0.36591344787481495,-0.08489944378649812,-0.455569816314973
211541_7083-X17997-Y16517_reg,ipsi_LGd-ip,0.022224841381009473,-0.08489944378649812,-0.02247553454076957
211541_7381-X7249-Y16155_reg,ipsi_LGd-ip,0.09364066051345804,-0.08489944378649812,-0.09831942962302655
211550_6674-X20158-Y16621_reg,ipsi_LGd-ip,0.033257977677110355,-0.08489944378649812,-0.03382360058681921
211550_6721-X20655-Y16337_reg,ipsi_LGd-ip,0.07599020797055908,-0.08489944378649812,-0.07903260996214546
182709_6204-X2976-Y9977_reg,ipsi_LGd-ip,0.03772953894752377,-0.08489944378649812,-0.03845972328495871
182709_7144-X3121-Y9346_reg,ipsi_LGd-ip,0.06182964700334422,-0.08489944378649812,-0.06382373346272603
182709_7463-X3586-Y20695_reg,ipsi_LGd-ip,0.02603693719167923,-0.08489944378649812,-0.026381899253446996
182709_7886-X5075-Y22541_2_reg,ipsi_LGd-ip,0.14674845991920793,-0.08489944378649812,-0.1587008862385059
182709_7918-X5201-Y22656_reg,ipsi_LGd-ip,0.23023225043348766,-0.08489944378649812,-0.2616664335716514
182724_7822-X5447-Y22786_reg,ipsi_LGd-ip,0.16202818930640567,-0.08489944378649812,-0.1767708178563111
182724_7871-X4578-Y21040_reg,ipsi_LGd-ip,0.04486428569447995,-0.08489944378649812,-0.045901839377525726
182724_8155-X4575-Y20238_reg,ipsi_LGd-ip,0.02339400982817297,-0.08489944378649812,-0.023671993672971448
182724_8159-X4833-Y21213_reg,ipsi_LGd-ip,0.06804992377258853,-0.08489944378649812,-0.07047603201087171
182724_8257-X5319-Y21978_reg,ipsi_LGd-ip,0.1496381058393048,-0.08489944378649812,-0.16209326227081297
182724_8281-X5491-Y21925_reg,ipsi_LGd-ip,0.1617770991736651,-0.08489944378649812,-0.17647122242996469
182725_6819-X6109-Y7853_reg,ipsi_LGd-ip,0.03860799820256918,-0.08489944378649812,-0.03937304288553785
182725_7482-X7429-Y6760_reg,ipsi_LGd-ip,0.1867287392882604,-2.662587827017526,-1.6780983072961357
182725_7714-X7032-Y7882_reg,ipsi_LGd-ip,0.13251801169241564,-0.08489944378649812,-0.14216053013449964
182725_7762-X3772-Y19585_reg,ipsi_LGd-ip,0.056448557666877126,-0.08489944378649812,-0.05810439278425622
182725_7988-X4540-Y20706_reg,ipsi_LGd-ip,0.1898189218309092,-0.08489944378649812,-0.2104975030047932
182725_8028-X4256-Y19926_reg,ipsi_LGd-ip,0.11224603185331773,-0.08489944378649812,-0.11906063727686293
18469_7066-X6108-Y38587_reg,ipsi_LGd-ip,0.061520271303957735,-0.08489944378649812,-0.06349402287340818
18469_7376-X7022-Y19051_reg,ipsi_LGd-ip,0.10230602266236741,-0.08489944378649812,-0.10792605123427708
191807_7423-X4013-Y19283_reg,ipsi_LGd-ip,0.015349295322521968,-0.08489944378649812,-0.015468315241284182
191807_7574-X4648-Y20365_reg,ipsi_LGd-ip,0.029810507416151346,-0.08489944378649812,-0.030263873384430706
191807_7786-X4425-Y19023_reg,ipsi_LGd-ip,0.00745362556571164,-0.08489944378649812,-0.007481542641544809
191807_7822-X4840-Y19927_reg,ipsi_LGd-ip,0.022224342423488176,-0.08489944378649812,-0.022475024242067876
191807_8102-X5725-Y9586_reg,ipsi_LGd-ip,0.034204591481386194,-2.662587827017525,-3.3753953900831166
194069_7406-X4443-Y11111_reg,ipsi_LGd-ip,0.01362721794111569,-0.08489944378649812,-0.013720920721456817
194069_7499-X4635-Y10487_reg,ipsi_LGd-ip,0.01631103152526591,-0.08489944378649812,-0.01644552084496581
194069_7827-X3508-Y20244_reg,ipsi_LGd-ip,0.02505112405489873,-0.08489944378649812,-0.02537024428715004
194069_7960-X3680-Y21513_reg,ipsi_LGd-ip,0.08971764883365006,-0.08489944378649812,-0.09400045158990908
211541_7642-X7572-Y16296_reg,ipsi_LGd-ip,0.07431573643826568,-0.08489944378649812,-0.07722207055466991
211550_6742-X19175-Y17279_reg,ipsi_LGd-ip,0.010467268920359237,-0.08489944378649812,-0.010522436083724001
211550_7524-X21483-Y15565_reg,ipsi_LGd-ip,0.2456288014366136,-0.08489944378649812,-0.28187072632993243
211550_7555-X20812-Y16162_reg,ipsi_LGd-ip,0.12002395514911435,-0.08489944378649812,-0.12786059364076094
211550_7718-X19461-Y16950_reg,ipsi_LGd-ip,0.03411405362330283,-0.08489944378649812,-0.0347095196732119
211550_7772-X7691-Y18498_reg,ipsi_LGd-ip,0.0719504356299213,-0.08489944378649812,-0.07467013774064311
211550_7942-X7116-Y18251_reg,ipsi_LGd-ip,0.12422351860360203,-0.08489944378649812,-0.13264437882743355
211796_7238-X7037-Y16980_reg,ipsi_LGd-ip,0.13983579793434392,-0.08489944378649812,-0.1506319753254154
211796_7334-X21168-Y15440_reg,ipsi_LGd-ip,0.2258166260222955,-0.08489944378649812,-0.2559465161690217
211796_7385-X18532-Y16902_reg,ipsi_LGd-ip,0.023652099901428525,-0.08489944378649812,-0.02393630106501361
211796_7534-X18739-Y16699_reg,ipsi_LGd-ip,0.03285854008828434,-0.08489944378649812,-0.03341050683202416
182709_7126-X2913-Y10535_reg,ipsi_LGd-sh,0.0465116287180821,-0.047628049839926113,-0.047628049839926113
182724_6690-X3748-Y10610_reg,ipsi_LGd-sh,0.0465116287180821,-0.047628049839926113,-0.047628049839926113
182724_7371-X5043-Y7827_reg,ipsi_LGd-sh,0.0465116287180821,-0.047628049839926113,-0.047628049839926113
182724_8100-X5413-Y22190_reg,ipsi_LGd-sh,0.0465116287180821,-0.047628049839926113,-0.047628049839926113
182724_8150-X4450-Y19864_reg,ipsi_LGd-sh,0.0465116287180821,-0.047628049839926113,-0.047628049839926113
182725_7649-X3440-Y17884_reg,ipsi_LGd-sh,0.0465116287180821,-0.047628049839926113,-0.047628049839926113
182725_7657-X3644-Y17105_reg,ipsi_LGd-sh,0.0465116287180821,-0.047628049839926113,-0.047628049839926113
18469_6185-X6027-Y36689_reg,ipsi_LGd-sh,0.0465116287180821,-0.047628049839926113,-0.047628049839926113
18469_6590-X7059-Y41111_reg,ipsi_LGd-sh,0.0465116287180821,-0.047628049839926113,-0.047628049839926113
18469_6673-X5500-Y35752_reg,ipsi_LGd-sh,0.0465116287180821,-0.047628049839926113,-0.047628049839926113
18469_6680-X6305-Y38542_reg,ipsi_LGd-sh,0.0465116287180821,-0.047628049839926113,-0.047628049839926113
18469_6767-X5786-Y37391_reg,ipsi_LGd-sh,0.0465116287180821,-0.047628049839926113,-0.047628049839926113
18469_6907-X5348-Y34515_reg,ipsi_LGd-sh,0.0465116287180821,-0.047628049839926113,-0.047628049839926113
18469_7024-X5427-Y35160_reg,ipsi_LGd-sh,0.0465116287180821,-0.047628049839926113,-0.047628049839926113
18469_7048-X7499-Y17640_reg,ipsi_LGd-sh,0.0465116287180821,-0.047628049839926113,-0.047628049839926113
18469_7279-X7753-Y17170_reg,ipsi_LGd-sh,0.0465116287180821,-0.047628049839926113,-0.047628049839926113
18868_6405-X11428-Y4397_reg,ipsi_LGd-sh,0.0465116287180821,-0.047628049839926113,-0.047628049839926113
191807_6504-X3953-Y21204_reg,ipsi_LGd-sh,0.0465116287180821,-0.047628049839926113,-0.047628049839926113
191807_6735-X4456-Y21792_reg,ipsi_LGd-sh,0.0465116287180821,-0.047628049839926113,-0.047628049839926113
191807_6822-X4235-Y21316_reg,ipsi_LGd-sh,0.0465116287180821,-0.047628049839926113,-0.047628049839926113
191807_7110-X4076-Y20205_reg,ipsi_LGd-sh,0.0465116287180821,-0.047628049839926113,-0.047628049839926113
191807_7249-X4135-Y19813_reg,ipsi_LGd-sh,0.0465116287180821,-0.047628049839926113,-0.047628049839926113
191807_7281-X4351-Y20216_reg,ipsi_LGd-sh,0.0465116287180821,-0.047628049839926113,-0.047628049839926113
191807_7289-X4771-Y9549_reg,ipsi_LGd-sh,0.0465116287180821,-0.047628049839926113,-0.047628049839926113
191807_7405-X4847-Y21105_reg,ipsi_LGd-sh,0.0465116287180821,-0.047628049839926113,-0.047628049839926113
191807_7439-X5230-Y8737_reg,ipsi_LGd-sh,0.0465116287180821,-0.047628049839926113,-0.047628049839926113
191807_7500-X4057-Y19214_reg,ipsi_LGd-sh,0.0465116287180821,-0.047628049839926113,-0.047628049839926113
191807_7529-X5296-Y9002_reg,ipsi_LGd-sh,0.0465116287180821,-0.047628049839926113,-0.047628049839926113
191807_7712-X5701-Y8560_reg,ipsi_LGd-sh,0.0465116287180821,-0.047628049839926113,-0.047628049839926113
191807_7779-X4433-Y18625_reg,ipsi_LGd-sh,0.03488372093024277,-3.355735007585105,-3.355735007585105
191807_7954-X5660-Y20932_reg,ipsi_LGd-sh,0.0465116287180821,-0.047628049839926113,-0.047628049839926113
191807_7985-X5473-Y10063_reg,ipsi_LGd-sh,0.0465116287180821,-0.047628049839926113,-0.047628049839926113
194069_7189-X5459-Y8724_reg,ipsi_LGd-sh,0.0465116287180821,-0.047628049839926113,-0.047628049839926113
194069_7216-X3715-Y22464_reg,ipsi_LGd-sh,0.0465116287180821,-0.047628049839926113,-0.047628049839926113
194069_7313-X3495-Y20668_reg,ipsi_LGd-sh,0.0465116287180821,-0.047628049839926113,-0.047628049839926113
194069_7382-X3692-Y22255_reg,ipsi_LGd-sh,0.0465116287180821,-0.047628049839926113,-0.047628049839926113
194069_7408-X5410-Y9170_reg,ipsi_LGd-sh,0.0465116287180821,-0.047628049839926113,-0.047628049839926113
194069_7541-X6312-Y7823_reg,ipsi_LGd-sh,0.0465116287180821,-0.047628049839926113,-0.047628049839926113
194069_7890-X3746-Y21746_reg,ipsi_LGd-sh,0.0465116287180821,-0.047628049839926113,-0.047628049839926113
194069_7949-X5085-Y10196_reg,ipsi_LGd-sh,0.0465116287180821,-0.047628049839926113,-0.047628049839926113
194069_8027-X4187-Y22761_reg,ipsi_LGd-sh,0.0465116287180821,-0.047628049839926113,-0.047628049839926113
194069_8063-X5880-Y9133_reg,ipsi_LGd-sh,0.0465116287180821,-0.047628049839926113,-0.047628049839926113
194069_8220-X4330-Y22689_reg,ipsi_LGd-sh,0.0348837209302428,-3.3557350075851047,-3.3557350075851047
194069_8231-X4410-Y22897_reg,ipsi_LGd-sh,0.0465116287180821,-0.047628049839926113,-0.047628049839926113
211541_7083-X17997-Y16517_reg,ipsi_LGd-sh,0.0465116287180821,-0.047628049839926113,-0.047628049839926113
211541_7381-X7249-Y16155_reg,ipsi_LGd-sh,0.0465116287180821,-0.047628049839926113,-0.047628049839926113
211550_6674-X20158-Y16621_reg,ipsi_LGd-sh,0.0465116287180821,-0.047628049839926113,-0.047628049839926113
211550_6721-X20655-Y16337_reg,ipsi_LGd-sh,0.0465116287180821,-0.047628049839926113,-0.047628049839926113
182709_6204-X2976-Y9977_reg,ipsi_LGd-sh,0.0465116287180821,-0.047628049839926113,-0.047628049839926113
182709_7144-X3121-Y9346_reg,ipsi_LGd-sh,0.0465116287180821,-0.047628049839926113,-0.047628049839926113
182709_7463-X3586-Y20695_reg,ipsi_LGd-sh,0.0465116287180821,-0.047628049839926113,-0.047628049839926113
182709_7886-X5075-Y22541_2_reg,ipsi_LGd-sh,0.0465116287180821,-0.047628049839926113,-0.047628049839926113
182709_7918-X5201-Y22656_reg,ipsi_LGd-sh,0.0465116287180821,-0.047628049839926113,-0.047628049839926113
182724_7822-X5447-Y22786_reg,ipsi_LGd-sh,0.0465116287180821,-0.047628049839926113,-0.047628049839926113
182724_7871-X4578-Y21040_reg,ipsi_LGd-sh,0.0465116287180821,-0.047628049839926113,-0.047628049839926113
182724_8155-X4575-Y20238_reg,ipsi_LGd-sh,0.0465116287180821,-0.047628049839926113,-0.047628049839926113
182724_8159-X4833-Y21213_reg,ipsi_LGd-sh,0.0465116287180821,-0.047628049839926113,-0.047628049839926113
182724_8257-X5319-Y21978_reg,ipsi_LGd-sh,0.0465116287180821,-0.047628049839926113,-0.047628049839926113
182724_8281-X5491-Y21925_reg,ipsi_LGd-sh,0.0465116287180821,-0.047628049839926113,-0.047628049839926113
182725_6819-X6109-Y7853_reg,ipsi_LGd-sh,0.0465116287180821,-0.047628049839926113,-0.047628049839926113
182725_7482-X7429-Y6760_reg,ipsi_LGd-sh,0.03488372093024277,-3.355735007585105,-3.355735007585105
182725_7714-X7032-Y7882_reg,ipsi_LGd-sh,0.04651162871808212,-0.047628049839926113,-0.047628049839926113
182725_7762-X3772-Y19585_reg,ipsi_LGd-sh,0.04651162871808212,-0.047628049839926113,-0.047628049839926113
182725_7988-X4540-Y20706_reg,ipsi_LGd-sh,0.04651162871808212,-0.047628049839926113,-0.047628049839926113
182725_8028-X4256-Y19926_reg,ipsi_LGd-sh,0.04651162871808212,-0.047628049839926113,-0.047628049839926113
18469_7066-X6108-Y38587_reg,ipsi_LGd-sh,0.04651162871808212,-0.047628049839926113,-0.047628049839926113
18469_7376-X7022-Y19051_reg,ipsi_LGd-sh,0.04651162871808212,-0.047628049839926113,-0.047628049839926113
191807_7423-X4013-Y19283_reg,ipsi_LGd-sh,0.04651162871808212,-0.047628049839926113,-0.047628049839926113
191807_7574-X4648-Y20365_reg,ipsi_LGd-sh,0.04651162871808212,-0.047628049839926113,-0.047628049839926113
191807_7786-X4425-Y19023_reg,ipsi_LGd-sh,0.03488372093024281,-3.3557350075851042,-3.3557350075851042
191807_7822-X4840-Y19927_reg,ipsi_LGd-sh,0.04651162871808212,-0.047628049839926113,-0.047628049839926113
191807_8102-X5725-Y9586_reg,ipsi_LGd-sh,0.04651162871808212,-0.047628049839926113,-0.047628049839926113
194069_7406-X4443-Y11111_reg,ipsi_LGd-sh,0.04651162871808212,-0.047628049839926113,-0.047628049839926113
194069_7499-X4635-Y10487_reg,ipsi_LGd-sh,0.04651162871808212,-0.047628049839926113,-0.047628049839926113
194069_7827-X3508-Y20244_reg,ipsi_LGd-sh,0.04651162871808212,-0.047628049839926113,-0.047628049839926113
194069_7960-X3680-Y21513_reg,ipsi_LGd-sh,0.04651162871808212,-0.047628049839926113,-0.047628049839926113
211541_7642-X7572-Y16296_reg,ipsi_LGd-sh,0.04651162871808212,-0.047628049839926113,-0.047628049839926113
211550_6742-X19175-Y17279_reg,ipsi_LGd-sh,0.04651162871808212,-0.047628049839926113,-0.047628049839926113
211550_7524-X21483-Y15565_reg,ipsi_LGd-sh,0.04651162871808212,-0.047628049839926113,-0.047628049839926113
211550_7555-X20812-Y16162_reg,ipsi_LGd-sh,0.04651162871808212,-0.047628049839926113,-0.047628049839926113
211550_7718-X19461-Y16950_reg,ipsi_LGd-sh,0.04651162871808212,-0.047628049839926113,-0.047628049839926113
211550_7772-X7691-Y18498_reg,ipsi_LGd-sh,0.04651162871808212,-0.047628049839926113,-0.047628049839926113
211550_7942-X7116-Y18251_reg,ipsi_LGd-sh,0.04651162871808212,-0.047628049839926113,-0.047628049839926113
211796_7238-X7037-Y16980_reg,ipsi_LGd-sh,0.04651162871808212,-0.047628049839926113,-0.047628049839926113
211796_7334-X21168-Y15440_reg,ipsi_LGd-sh,0.04651162871808212,-0.047628049839926113,-0.047628049839926113
211796_7385-X18532-Y16902_reg,ipsi_LGd-sh,0.04651162871808212,-0.047628049839926113,-0.047628049839926113
211796_7534-X18739-Y16699_reg,ipsi_LGd-sh,0.04651162871808212,-0.047628049839926113,-0.047628049839926113
182709_7126-X2913-Y10535_reg,ipsi_MPT,0.12790697674608506,-0.13685918271937486,-0.13685918271937486
182724_6690-X3748-Y10610_reg,ipsi_MPT,0.12790697674608506,-0.13685918271937486,-0.13685918271937486
182724_7371-X5043-Y7827_reg,ipsi_MPT,0.12790697674608506,-0.13685918271937486,-0.13685918271937486
182724_8100-X5413-Y22190_reg,ipsi_MPT,0.11627906981159296,-2.1517622028797625,-2.1517622028797625
182724_8150-X4450-Y19864_reg,ipsi_MPT,0.12790697674608506,-0.13685918271937486,-0.13685918271937486
182725_7649-X3440-Y17884_reg,ipsi_MPT,0.12790697674608506,-0.13685918271937486,-0.13685918271937486
182725_7657-X3644-Y17105_reg,ipsi_MPT,0.12790697674608506,-0.13685918271937486,-0.13685918271937486
18469_6185-X6027-Y36689_reg,ipsi_MPT,0.12790697674608506,-0.13685918271937486,-0.13685918271937486
18469_6590-X7059-Y41111_reg,ipsi_MPT,0.12790697674608506,-0.13685918271937486,-0.13685918271937486
18469_6673-X5500-Y35752_reg,ipsi_MPT,0.12790697674608506,-0.13685918271937486,-0.13685918271937486
18469_6680-X6305-Y38542_reg,ipsi_MPT,0.12790697674608506,-0.13685918271937486,-0.13685918271937486
18469_6767-X5786-Y37391_reg,ipsi_MPT,0.12790697674608506,-0.13685918271937486,-0.13685918271937486
18469_6907-X5348-Y34515_reg,ipsi_MPT,0.11627906981159296,-2.1517622028797625,-2.1517622028797625
18469_7024-X5427-Y35160_reg,ipsi_MPT,0.12790697674608506,-0.13685918271937486,-0.13685918271937486
18469_7048-X7499-Y17640_reg,ipsi_MPT,0.12790697674608506,-0.13685918271937486,-0.13685918271937486
18469_7279-X7753-Y17170_reg,ipsi_MPT,0.12790697674608506,-0.13685918271937486,-0.13685918271937486
18868_6405-X11428-Y4397_reg,ipsi_MPT,0.12790697674608506,-0.13685918271937486,-0.13685918271937486
191807_6504-X3953-Y21204_reg,ipsi_MPT,0.12790697674608506,-0.13685918271937486,-0.13685918271937486
191807_6735-X4456-Y21792_reg,ipsi_MPT,0.12790697674608506,-0.13685918271937486,-0.13685918271937486
191807_6822-X4235-Y21316_reg,ipsi_MPT,0.11627906981159296,-2.1517622028797625,-2.1517622028797625
191807_7110-X4076-Y20205_reg,ipsi_MPT,0.12790697674608506,-0.13685918271937486,-0.13685918271937486
191807_7249-X4135-Y19813_reg,ipsi_MPT,0.12790697674608506,-0.13685918271937486,-0.13685918271937486
191807_7281-X4351-Y20216_reg,ipsi_MPT,0.12790697674608506,-0.13685918271937486,-0.13685918271937486
191807_7289-X4771-Y9549_reg,ipsi_MPT,0.12790697674608506,-0.13685918271937486,-0.13685918271937486
191807_7405-X4847-Y21105_reg,ipsi_MPT,0.12790697674608506,-0.13685918271937486,-0.13685918271937486
191807_7439-X5230-Y8737_reg,ipsi_MPT,0.12790697674608506,-0.13685918271937486,-0.13685918271937486
191807_7500-X4057-Y19214_reg,ipsi_MPT,0.12790697674608506,-0.13685918271937486,-0.13685918271937486
191807_7529-X5296-Y9002_reg,ipsi_MPT,0.12790697674608506,-0.13685918271937486,-0.13685918271937486
191807_7712-X5701-Y8560_reg,ipsi_MPT,0.12790697674608506,-0.13685918271937486,-0.13685918271937486
191807_7779-X4433-Y18625_reg,ipsi_MPT,0.12790697674608506,-0.13685918271937486,-0.13685918271937486
191807_7954-X5660-Y20932_reg,ipsi_MPT,0.12790697674608506,-0.13685918271937486,-0.13685918271937486
191807_7985-X5473-Y10063_reg,ipsi_MPT,0.12790697674608506,-0.13685918271937486,-0.13685918271937486
194069_7189-X5459-Y8724_reg,ipsi_MPT,0.12790697674608506,-0.13685918271937486,-0.13685918271937486
194069_7216-X3715-Y22464_reg,ipsi_MPT,0.12790697674608506,-0.13685918271937486,-0.13685918271937486
194069_7313-X3495-Y20668_reg,ipsi_MPT,0.12790697674608506,-0.13685918271937486,-0.13685918271937486
194069_7382-X3692-Y22255_reg,ipsi_MPT,0.12790697674608506,-0.13685918271937486,-0.13685918271937486
194069_7408-X5410-Y9170_reg,ipsi_MPT,0.12790697674608506,-0.13685918271937486,-0.13685918271937486
194069_7541-X6312-Y7823_reg,ipsi_MPT,0.12790697674608506,-0.13685918271937486,-0.13685918271937486
194069_7890-X3746-Y21746_reg,ipsi_MPT,0.12790697674608506,-0.13685918271937486,-0.13685918271937486
194069_7949-X5085-Y10196_reg,ipsi_MPT,0.11627906981159296,-2.1517622028797625,-2.1517622028797625
194069_8027-X4187-Y22761_reg,ipsi_MPT,0.12790697674608506,-0.13685918271937486,-0.13685918271937486
194069_8063-X5880-Y9133_reg,ipsi_MPT,0.12790697674608506,-0.13685918271937486,-0.13685918271937486
194069_8220-X4330-Y22689_reg,ipsi_MPT,0.12790697674608506,-0.13685918271937486,-0.13685918271937486
194069_8231-X4410-Y22897_reg,ipsi_MPT,0.11627906981159296,-2.1517622028797625,-2.1517622028797625
211541_7083-X17997-Y16517_reg,ipsi_MPT,0.12790697674608506,-0.13685918271937486,-0.13685918271937486
211541_7381-X7249-Y16155_reg,ipsi_MPT,0.12790697674608506,-0.13685918271937486,-0.13685918271937486
211550_6674-X20158-Y16621_reg,ipsi_MPT,0.12790697674608506,-0.13685918271937486,-0.13685918271937486
211550_6721-X20655-Y16337_reg,ipsi_MPT,0.12790697674608506,-0.13685918271937486,-0.13685918271937486
182709_6204-X2976-Y9977_reg,ipsi_MPT,0.12790697674608506,-0.13685918271937486,-0.13685918271937486
182709_7144-X3121-Y9346_reg,ipsi_MPT,0.12790697674608506,-0.13685918271937486,-0.13685918271937486
182709_7463-X3586-Y20695_reg,ipsi_MPT,0.12790697674608506,-0.13685918271937486,-0.13685918271937486
182709_7886-X5075-Y22541_2_reg,ipsi_MPT,0.12790697674608506,-0.13685918271937486,-0.13685918271937486
182709_7918-X5201-Y22656_reg,ipsi_MPT,0.12790697674608506,-0.13685918271937486,-0.13685918271937486
182724_7822-X5447-Y22786_reg,ipsi_MPT,0.12790697674608506,-0.13685918271937486,-0.13685918271937486
182724_7871-X4578-Y21040_reg,ipsi_MPT,0.11627906981159296,-2.1517622028797625,-2.1517622028797625
182724_8155-X4575-Y20238_reg,ipsi_MPT,0.11627906981159296,-2.1517622028797625,-2.1517622028797625
182724_8159-X4833-Y21213_reg,ipsi_MPT,0.11627906981159296,-2.1517622028797625,-2.1517622028797625
182724_8257-X5319-Y21978_reg,ipsi_MPT,0.12790697674608506,-0.13685918271937486,-0.13685918271937486
182724_8281-X5491-Y21925_reg,ipsi_MPT,0.12790697674608506,-0.13685918271937486,-0.13685918271937486
182725_6819-X6109-Y7853_reg,ipsi_MPT,0.12790697674608506,-0.13685918271937486,-0.13685918271937486
182725_7482-X7429-Y6760_reg,ipsi_MPT,0.11627906981159296,-2.1517622028797625,-2.1517622028797625
182725_7714-X7032-Y7882_reg,ipsi_MPT,0.12790697674608506,-0.13685918271937486,-0.13685918271937486
182725_7762-X3772-Y19585_reg,ipsi_MPT,0.12790697674608506,-0.13685918271937486,-0.13685918271937486
182725_7988-X4540-Y20706_reg,ipsi_MPT,0.12790697674608506,-0.13685918271937486,-0.13685918271937486
182725_8028-X4256-Y19926_reg,ipsi_MPT,0.12790697674608506,-0.13685918271937486,-0.13685918271937486
18469_7066-X6108-Y38587_reg,ipsi_MPT,0.11627906981159296,-2.1517622028797625,-2.1517622028797625
18469_7376-X7022-Y19051_reg,ipsi_MPT,0.11627906981159296,-2.1517622028797625,-2.1517622028797625
191807_7423-X4013-Y19283_reg,ipsi_MPT,0.12790697674608506,-0.13685918271937486,-0.13685918271937486
191807_7574-X4648-Y20365_reg,ipsi_MPT,0.12790697674608506,-0.13685918271937486,-0.13685918271937486
191807_7786-X4425-Y19023_reg,ipsi_MPT,0.12790697674608506,-0.13685918271937486,-0.13685918271937486
191807_7822-X4840-Y19927_reg,ipsi_MPT,0.12790697674608506,-0.13685918271937486,-0.13685918271937486
191807_8102-X5725-Y9586_reg,ipsi_MPT,0.12790697674608506,-0.13685918271937486,-0.13685918271937486
194069_7406-X4443-Y11111_reg,ipsi_MPT,0.12790697674608506,-0.13685918271937486,-0.13685918271937486
194069_7499-X4635-Y10487_reg,ipsi_MPT,0.12790697674608506,-0.13685918271937486,-0.13685918271937486
194069_7827-X3508-Y20244_reg,ipsi_MPT,0.12790697674608506,-0.13685918271937486,-0.13685918271937486
194069_7960-X3680-Y21513_reg,ipsi_MPT,0.12790697674608506,-0.13685918271937486,-0.13685918271937486
211541_7642-X7572-Y16296_reg,ipsi_MPT,0.12790697674608506,-0.13685918271937486,-0.13685918271937486
211550_6742-X19175-Y17279_reg,ipsi_MPT,0.12790697674608506,-0.13685918271937486,-0.13685918271937486
211550_7524-X21483-Y15565_reg,ipsi_MPT,0.12790697674608506,-0.13685918271937486,-0.13685918271937486
211550_7555-X20812-Y16162_reg,ipsi_MPT,0.12790697674608506,-0.13685918271937486,-0.13685918271937486
211550_7718-X19461-Y16950_reg,ipsi_MPT,0.12790697674608506,-0.13685918271937486,-0.13685918271937486
211550_7772-X7691-Y18498_reg,ipsi_MPT,0.12790697674608506,-0.13685918271937486,-0.13685918271937486
211550_7942-X7116-Y18251_reg,ipsi_MPT,0.12790697674608506,-0.13685918271937486,-0.13685918271937486
211796_7238-X7037-Y16980_reg,ipsi_MPT,0.12790697674608506,-0.13685918271937486,-0.13685918271937486
211796_7334-X21168-Y15440_reg,ipsi_MPT,0.12790697674608506,-0.13685918271937486,-0.13685918271937486
211796_7385-X18532-Y16902_reg,ipsi_MPT,0.12790697674608506,-0.13685918271937486,-0.13685918271937486
211796_7534-X18739-Y16699_reg,ipsi_MPT,0.12790697674608506,-0.13685918271937486,-0.13685918271937486
182709_7126-X2913-Y10535_reg,ipsi_OP,0.06158300860339573,-0.1502822030493726,-0.06356087503292202
182724_6690-X3748-Y10610_reg,ipsi_OP,0.0559108586467551,-0.1502822030493726,-0.057534687895187696
182724_7371-X5043-Y7827_reg,ipsi_OP,0.2427514585250727,-0.1502822030493726,-0.2780637551579562
182724_8100-X5413-Y22190_reg,ipsi_OP,0.22735224346607127,-0.1502822030493726,-0.257932017906042
182724_8150-X4450-Y19864_reg,ipsi_OP,0.09395657363518772,-0.1502822030493726,-0.09866804211786641
182725_7649-X3440-Y17884_reg,ipsi_OP,0.06650904369204588,-0.1502822030493726,-0.06882400398734803
182725_7657-X3644-Y17105_reg,ipsi_OP,0.04510794222883651,-0.1502822030493726,-0.04615697340148112
18469_6185-X6027-Y36689_reg,ipsi_OP,0.04137796667363897,-0.1502822030493726,-0.04225840761948123
18469_6590-X7059-Y41111_reg,ipsi_OP,0.17767745283515937,-0.1502822030493726,-0.19562256774743877
18469_6673-X5500-Y35752_reg,ipsi_OP,0.052322015033322344,-0.1502822030493726,-0.053740512736050614
18469_6680-X6305-Y38542_reg,ipsi_OP,0.10565017259000867,-0.1502822030493726,-0.11165827452105107
18469_6767-X5786-Y37391_reg,ipsi_OP,0.08077080692177013,-0.1502822030493726,-0.08421979372841686
18469_6907-X5348-Y34515_reg,ipsi_OP,0.04372449867766213,-0.1502822030493726,-0.044709226147473934
18469_7024-X5427-Y35160_reg,ipsi_OP,0.07258519447965688,-0.1502822030493726,-0.07535434260579588
18469_7048-X7499-Y17640_reg,ipsi_OP,0.16621099639778944,-2.0564520234402903,-1.7944972351045643
18469_7279-X7753-Y17170_reg,ipsi_OP,0.2886395779961178,-0.15028220304937245,-0.3405760549711542
18868_6405-X11428-Y4397_reg,ipsi_OP,0.028561518838639874,-0.15028220304937245,-0.02897733572976637
191807_6504-X3953-Y21204_reg,ipsi_OP,0.07793801658279685,-0.15028220304937245,-0.08114283055155974
191807_6735-X4456-Y21792_reg,ipsi_OP,0.09523493243138602,-0.15028220304937245,-0.10007996282936137
191807_6822-X4235-Y21316_reg,ipsi_OP,0.07261576249586567,-0.15028220304937245,-0.07538730360642455
191807_7110-X4076-Y20205_reg,ipsi_OP,0.061242955300240855,-0.15028220304937245,-0.06319857159132768
191807_7249-X4135-Y19813_reg,ipsi_OP,0.05932988632033676,-0.15028220304937245,-0.061162770807989646
191807_7281-X4351-Y20216_reg,ipsi_OP,0.07500904638044902,-0.15028220304937245,-0.07797132138829081
191807_7289-X4771-Y9549_reg,ipsi_OP,0.10192199334482382,-0.15028220304937245,-0.10749834735336018
191807_7405-X4847-Y21105_reg,ipsi_OP,0.12234383679031746,-0.15028220304937245,-0.1305003757040717
191807_7439-X5230-Y8737_reg,ipsi_OP,0.15429821204280134,-0.15028220304937245,-0.1675884780219035
191807_7500-X4057-Y19214_reg,ipsi_OP,0.03342664794291083,-0.15028220304937245,-0.03399808868996432
191807_7529-X5296-Y9002_reg,ipsi_OP,0.13732236492959715,-0.15028220304937245,-0.14771419757736007
191807_7712-X5701-Y8560_reg,ipsi_OP,0.1832226464868003,-0.15028220304937245,-0.20238873838137866
191807_7779-X4433-Y18625_reg,ipsi_OP,0.04434083012422789,-0.15028220304937245,-0.045353946364329864
191807_7954-X5660-Y20932_reg,ipsi_OP,0.1938465998004953,-0.15028220304937245,-0.21548123175643086
191807_7985-X5473-Y10063_reg,ipsi_OP,0.127119551800631,-0.15028220304937245,-0.13595667616350615
194069_7189-X5459-Y8724_reg,ipsi_OP,0.14151227743138858,-0.15028220304937245,-0.15258289977352865
194069_7216-X3715-Y22464_reg,ipsi_OP,0.1612850467516328,-0.15028220304937245,-0.17588437607193402
194069_7313-X3495-Y20668_reg,ipsi_OP,0.10191239884727547,-0.15028220304937245,-0.10748766404274915
194069_7382-X3692-Y22255_reg,ipsi_OP,0.13344987401177555,-2.0564520234402903,-2.014029347217658
194069_7408-X5410-Y9170_reg,ipsi_OP,0.13799833080010332,-0.1502822030493726,-0.1484980718935246
194069_7541-X6312-Y7823_reg,ipsi_OP,0.28227604098492093,-0.1502822030493726,-0.33167024205318146
194069_7890-X3746-Y21746_reg,ipsi_OP,0.15851695569669275,-2.0564520234402903,-1.841893715381956
194069_7949-X5085-Y10196_reg,ipsi_OP,0.0915700713603961,-2.0564520234402903,-2.3906507925639455
194069_8027-X4187-Y22761_reg,ipsi_OP,0.300934243806868,-0.1502822030493726,-0.35801046936574604
194069_8063-X5880-Y9133_reg,ipsi_OP,0.23738542788126937,-0.1502822030493726,-0.2710025232718825
194069_8220-X4330-Y22689_reg,ipsi_OP,0.21788741811615928,-2.0564520234402903,-1.5237767802491096
194069_8231-X4410-Y22897_reg,ipsi_OP,0.33080116652984,-2.0564520234402903,-1.1062377894487339
211541_7083-X17997-Y16517_reg,ipsi_OP,0.07544075813455434,-2.0564520234402903,-2.5844075912037945
211541_7381-X7249-Y16155_reg,ipsi_OP,0.16504123003398857,-0.1502822030493726,-0.18037293263659368
211550_6674-X20158-Y16621_reg,ipsi_OP,0.09654898150403393,-0.1502822030493726,-0.1015333834842209
211550_6721-X20655-Y16337_reg,ipsi_OP,0.12496168348269604,-0.1502822030493726,-0.13348760327779988
182709_6204-X2976-Y9977_reg,ipsi_OP,0.058999948071510454,-0.1502822030493726,-0.060812084212391704
182709_7144-X3121-Y9346_reg,ipsi_OP,0.1274224957654024,-0.1502822030493726,-0.13630379878240503
182709_7463-X3586-Y20695_reg,ipsi_OP,0.07230288396671591,-0.1502822030493726,-0.0750499830554742
182709_7886-X5075-Y22541_2_reg,ipsi_OP,0.3146947856348014,-0.1502822030493726,-0.3778909715396938
182709_7918-X5201-Y22656_reg,ipsi_OP,0.3148525607247741,-0.1502822030493726,-0.37812122406282994
182724_7822-X5447-Y22786_reg,ipsi_OP,0.2179158563622129,-0.1502822030493726,-0.24579294366552093
182724_7871-X4578-Y21040_reg,ipsi_OP,0.10477813433003712,-0.1502822030493726,-0.11068369682476148
182724_8155-X4575-Y20238_reg,ipsi_OP,0.11036703445544177,-0.1502822030493726,-0.11694629958004349
182724_8159-X4833-Y21213_reg,ipsi_OP,0.15091466214085525,-0.1502822030493726,-0.1635955819870049
182724_8257-X5319-Y21978_reg,ipsi_OP,0.2180871029867842,-0.1502822030493726,-0.24601192953416975
182724_8281-X5491-Y21925_reg,ipsi_OP,0.2530027338208109,-0.1502822030493726,-0.29169375358936456
182725_6819-X6109-Y7853_reg,ipsi_OP,0.09180309332611154,-0.1502822030493726,-0.09629406632068613
182725_7482-X7429-Y6760_reg,ipsi_OP,0.2865103015201579,-2.0564520234402903,-1.2499807870334185
182725_7714-X7032-Y7882_reg,ipsi_OP,0.2371649623261352,-0.1502822030493726,-0.27071347333505874
182725_7762-X3772-Y19585_reg,ipsi_OP,0.12489979532550255,-0.1502822030493726,-0.13341687955339754
182725_7988-X4540-Y20706_reg,ipsi_OP,0.3124316012441822,-0.1502822030493726,-0.37459396529075145
182725_8028-X4256-Y19926_reg,ipsi_OP,0.19899746268212662,-0.1502822030493726,-0.22189116423106284
18469_7066-X6108-Y38587_reg,ipsi_OP,0.1291625865457645,-0.1502822030493726,-0.1382999860818572
18469_7376-X7022-Y19051_reg,ipsi_OP,0.16116568043716117,-2.0564520234402903,-1.8253223720900293
191807_7423-X4013-Y19283_reg,ipsi_OP,0.05641154612044372,-0.1502822030493726,-0.05806516776812207
191807_7574-X4648-Y20365_reg,ipsi_OP,0.08226064374484385,-0.1502822030493726,-0.08584185432414251
191807_7786-X4425-Y19023_reg,ipsi_OP,0.07039019327157357,-0.1502822030493726,-0.07299034353347995
191807_7822-X4840-Y19927_reg,ipsi_OP,0.07725937925777035,-0.1502822030493726,-0.08040710158618597
191807_8102-X5725-Y9586_reg,ipsi_OP,0.1630335115751908,-0.1502822030493726,-0.17797124701843517
194069_7406-X4443-Y11111_reg,ipsi_OP,0.04266589536345978,-0.1502822030493726,-0.043602831803619214
194069_7499-X4635-Y10487_reg,ipsi_OP,0.07071441894055255,-0.1502822030493726,-0.07333918045501604
194069_7827-X3508-Y20244_reg,ipsi_OP,0.07287786888634161,-2.0564520234402903,-2.618970267863823
194069_7960-X3680-Y21513_reg,ipsi_OP,0.178503174756938,-0.1502822030493726,-0.19662720609772064
211541_7642-X7572-Y16296_reg,ipsi_OP,0.17885959962641151,-0.1502822030493726,-0.19706117273321244
211550_6742-X19175-Y17279_reg,ipsi_OP,0.06818224414924007,-0.1502822030493726,-0.07061802434982774
211550_7524-X21483-Y15565_reg,ipsi_OP,0.24101630775123137,-2.0564520234402903,-1.4228906807632338
211550_7555-X20812-Y16162_reg,ipsi_OP,0.1691470340536038,-0.15028220304937245,-0.18530243606768526
211550_7718-X19461-Y16950_reg,ipsi_OP,0.10316013468587841,-0.15028220304937245,-0.10887795536414618
211550_7772-X7691-Y18498_reg,ipsi_OP,0.13183373385775377,-0.15028220304937245,-0.1413720318101871
211550_7942-X7116-Y18251_reg,ipsi_OP,0.15167193545078647,-2.0564520234402903,-1.886035410066735
211796_7238-X7037-Y16980_reg,ipsi_OP,0.19761094952735386,-0.15028220304937245,-0.22016168839879696
211796_7334-X21168-Y15440_reg,ipsi_OP,0.32188659531080216,-0.15028220304937245,-0.38844074147534075
211796_7385-X18532-Y16902_reg,ipsi_OP,0.08361663232769634,-0.15028220304937245,-0.08732047820488469
211796_7534-X18739-Y16699_reg,ipsi_OP,0.09509137287784278,-0.15028220304937245,-0.09992130488537335
182709_7126-X2913-Y10535_reg,ipsi_POL,0.08394294527551431,-0.08489944378649825,-0.08767662943062587
182724_6690-X3748-Y10610_reg,ipsi_POL,0.08146770011571002,-0.08489944378649825,-0.08497820903966663
182724_7371-X5043-Y7827_reg,ipsi_POL,0.10754662875988107,-0.08489944378649825,-0.11378101180227661
182724_8100-X5413-Y22190_reg,ipsi_POL,0.06209219621993848,-0.08489944378649825,-0.06410362501986593
182724_8150-X4450-Y19864_reg,ipsi_POL,0.21602650418083147,-2.6625878270175245,-1.532354174284672
182725_7649-X3440-Y17884_reg,ipsi_POL,0.020757401240577514,-0.08489944378649812,-0.020975864535300023
182725_7657-X3644-Y17105_reg,ipsi_POL,0.23021562261703568,-0.08489944378649812,-0.2616448327227271
18469_6185-X6027-Y36689_reg,ipsi_POL,0.08139534883720931,-0.08489944378649812,-0.08489944378648627
18469_6590-X7059-Y41111_reg,ipsi_POL,0.050667923882466596,-0.08489944378649812,-0.051996619433653204
18469_6673-X5500-Y35752_reg,ipsi_POL,0.10541290916534796,-0.08489944378649812,-0.1113930181851433
18469_6680-X6305-Y38542_reg,ipsi_POL,0.05152088927231526,-0.08489944378649812,-0.052895513331207185
18469_6767-X5786-Y37391_reg,ipsi_POL,0.03422546366867649,-0.08489944378649812,-0.03482487125439761
18469_6907-X5348-Y34515_reg,ipsi_POL,0.13909840981449653,-0.08489944378649812,-0.14977507820005542
18469_7024-X5427-Y35160_reg,ipsi_POL,0.2121696529498627,-0.08489944378649812,-0.23847250792534044
18469_7048-X7499-Y17640_reg,ipsi_POL,0.03994861515195691,-0.08489944378649812,-0.04076847006933589
18469_7279-X7753-Y17170_reg,ipsi_POL,0.08937755774260044,-0.08489944378649812,-0.09362691081366165
18868_6405-X11428-Y4397_reg,ipsi_POL,0.07540415778766389,-0.08489944378649812,-0.07839856428828924
191807_6504-X3953-Y21204_reg,ipsi_POL,0.08895215406902597,-0.08489944378649812,-0.09315986286973275
191807_6735-X4456-Y21792_reg,ipsi_POL,0.08148057521371913,-0.08489944378649812,-0.0849922261713961
191807_6822-X4235-Y21316_reg,ipsi_POL,0.06431547046122822,-2.6625878270175245,-2.7439550785248077
191807_7110-X4076-Y20205_reg,ipsi_POL,0.15183975872702607,-0.08489944378649812,-0.164685697276338
191807_7249-X4135-Y19813_reg,ipsi_POL,0.039721069192463175,-0.08489944378649812,-0.040531483798064136
191807_7281-X4351-Y20216_reg,ipsi_POL,0.07824654717795836,-0.08489944378649812,-0.08147749593289573
191807_7289-X4771-Y9549_reg,ipsi_POL,0.03673360428241985,-0.08489944378649812,-0.03742527437226884
191807_7405-X4847-Y21105_reg,ipsi_POL,0.2030148747843309,-0.08489944378649812,-0.2269192638345069
191807_7439-X5230-Y8737_reg,ipsi_POL,0.09244380646712755,-0.08489944378649812,-0.0969997935118283
191807_7500-X4057-Y19214_reg,ipsi_POL,0.09972185418254109,-0.08489944378649812,-0.10505151249593346
191807_7529-X5296-Y9002_reg,ipsi_POL,0.06129945402740087,-0.08489944378649812,-0.06325875801306932
191807_7712-X5701-Y8560_reg,ipsi_POL,0.04571550607238629,-0.08489944378649812,-0.04679344032594549
191807_7779-X4433-Y18625_reg,ipsi_POL,0.0814272009217202,-0.08489944378649812,-0.08493411880877098
191807_7954-X5660-Y20932_reg,ipsi_POL,0.08139534883720931,-0.08489944378649812,-0.08489944378648627
191807_7985-X5473-Y10063_reg,ipsi_POL,0.0818002260307518,-0.08489944378649812,-0.08534029333427696
194069_7189-X5459-Y8724_reg,ipsi_POL,0.07693496207690043,-0.08489944378649812,-0.08005558333973625
194069_7216-X3715-Y22464_reg,ipsi_POL,0.22054091969001696,-0.08489944378649812,-0.24915508665376046
194069_7313-X3495-Y20668_reg,ipsi_POL,0.08146456146716605,-0.08489944378649812,-0.08497479201972956
194069_7382-X3692-Y22255_reg,ipsi_POL,0.2168537200840402,-0.08489944378649812,-0.24443578062394195
194069_7408-X5410-Y9170_reg,ipsi_POL,0.025147321764459055,-0.08489944378649812,-0.025468918646530014
194069_7541-X6312-Y7823_reg,ipsi_POL,0.08146264160831725,-0.08489944378649812,-0.08497270189150818
194069_7890-X3746-Y21746_reg,ipsi_POL,0.08139534883720931,-0.08489944378649812,-0.08489944378648627
194069_7949-X5085-Y10196_reg,ipsi_POL,0.14480068715844138,-0.08489944378649812,-0.15642072277775326
194069_8027-X4187-Y22761_reg,ipsi_POL,0.08136222557699634,-0.08489944378649812,-0.0848633862039318
194069_8063-X5880-Y9133_reg,ipsi_POL,0.08142243288362973,-0.08489944378649812,-0.0849289281197798
194069_8220-X4330-Y22689_reg,ipsi_POL,0.12109857065795472,-0.08489944378649812,-0.12908252712767926
194069_8231-X4410-Y22897_reg,ipsi_POL,0.06436007493861749,-0.08489944378649812,-0.06652457196606207
211541_7083-X17997-Y16517_reg,ipsi_POL,0.03315788784647796,-2.6625878270175245,-3.406474646567654
211541_7381-X7249-Y16155_reg,ipsi_POL,0.013141186002962386,-2.6625878270175245,-4.332004011021419
211550_6674-X20158-Y16621_reg,ipsi_POL,0.17407316960901884,-0.08489944378649812,-0.1912490924466363
211550_6721-X20655-Y16337_reg,ipsi_POL,0.08146961723544967,-0.08489944378649812,-0.08498029619734256
182709_6204-X2976-Y9977_reg,ipsi_POL,0.017072221519631788,-0.08489944378649812,-0.01721963205250665
182709_7144-X3121-Y9346_reg,ipsi_POL,0.04561396610055725,-0.08489944378649812,-0.04668704168831322
182709_7463-X3586-Y20695_reg,ipsi_POL,0.05767250186223565,-0.08489944378649812,-0.059402402259771656
182709_7886-X5075-Y22541_2_reg,ipsi_POL,0.09714969510331177,-0.08489944378649812,-0.1021985146156047
182709_7918-X5201-Y22656_reg,ipsi_POL,0.08131456222289557,-0.08489944378649812,-0.08481150273150302
182724_7822-X5447-Y22786_reg,ipsi_POL,0.03855345175090792,-0.08489944378649812,-0.03931630754322368
182724_7871-X4578-Y21040_reg,ipsi_POL,0.18648411334492243,-2.6625878270175245,-1.6794092266637015
182724_8155-X4575-Y20238_reg,ipsi_POL,0.11604182146170292,-2.6625878270175245,-2.153804623008773
182724_8159-X4833-Y21213_reg,ipsi_POL,0.04213908360107024,-0.08489944378649812,-0.04305269276306188
182724_8257-X5319-Y21978_reg,ipsi_POL,0.042834570587745764,-0.08489944378649812,-0.043779039968439924
182724_8281-X5491-Y21925_reg,ipsi_POL,0.07815354730094765,-0.08489944378649812,-0.0813766064971661
182725_6819-X6109-Y7853_reg,ipsi_POL,0.06284788397160952,-0.08489944378649812,-0.06490966623977815
182725_7482-X7429-Y6760_reg,ipsi_POL,0.06976744186046514,-2.6625878270175245,-2.6625878270254524
182725_7714-X7032-Y7882_reg,ipsi_POL,0.12989095334537007,-0.08489944378649825,-0.13913673420569897
182725_7762-X3772-Y19585_reg,ipsi_POL,0.04662079403954425,-0.08489944378649825,-0.04774254685365082
182725_7988-X4540-Y20706_reg,ipsi_POL,0.09741674165111257,-0.08489944378649825,-0.10249434001199124
182725_8028-X4256-Y19926_reg,ipsi_POL,0.07713331847736803,-0.08489944378649825,-0.0802704952989832
18469_7066-X6108-Y38587_reg,ipsi_POL,0.061553351670875445,-0.08489944378649825,-0.06352927238274012
18469_7376-X7022-Y19051_reg,ipsi_POL,0.055557586514568824,-0.08489944378649825,-0.05716056426945124
191807_7423-X4013-Y19283_reg,ipsi_POL,0.06944882146621965,-0.08489944378649825,-0.0719782033013428
191807_7574-X4648-Y20365_reg,ipsi_POL,0.06110681052510533,-0.08489944378649825,-0.06305355547182244
191807_7786-X4425-Y19023_reg,ipsi_POL,0.0397128331961496,-0.08489944378649825,-0.04052290716399369
191807_7822-X4840-Y19927_reg,ipsi_POL,0.04704642876967796,-0.08489944378649825,-0.04818909505583169
191807_8102-X5725-Y9586_reg,ipsi_POL,0.038624182156818385,-0.08489944378649825,-0.039389876903752896
194069_7406-X4443-Y11111_reg,ipsi_POL,0.07201598154028596,-0.08489944378649825,-0.07474076783160513
194069_7499-X4635-Y10487_reg,ipsi_POL,0.03696655861065599,-0.08489944378649825,-0.03766714152595311
194069_7827-X3508-Y20244_reg,ipsi_POL,0.3714785264902526,-0.08489944378649825,-0.46438508525108596
194069_7960-X3680-Y21513_reg,ipsi_POL,0.047088988117441444,-0.08489944378649825,-0.04823375651619746
211541_7642-X7572-Y16296_reg,ipsi_POL,0.0747242641166036,-0.08489944378649825,-0.07766349304364205
211550_6742-X19175-Y17279_reg,ipsi_POL,0.0184406969339876,-0.08489944378649825,-0.018612846239117336
211550_7524-X21483-Y15565_reg,ipsi_POL,0.006894765964916122,-0.08489944378649825,-0.006918644685862948
211550_7555-X20812-Y16162_reg,ipsi_POL,0.054405872511941705,-0.08489944378649825,-0.055941842704855964
211550_7718-X19461-Y16950_reg,ipsi_POL,0.002595377780670627,-0.08489944378649825,-0.002598751612425808
211550_7772-X7691-Y18498_reg,ipsi_POL,0.06526403421420633,-0.08489944378649825,-0.06749117910679288
211550_7942-X7116-Y18251_reg,ipsi_POL,0.02478398556682172,-0.08489944378649825,-0.025096279258791758
211796_7238-X7037-Y16980_reg,ipsi_POL,0.0048300619586682325,-0.08489944378649825,-0.004841764405499198
211796_7334-X21168-Y15440_reg,ipsi_POL,0.024726596176313825,-0.08489944378649825,-0.025037433114857514
211796_7385-X18532-Y16902_reg,ipsi_POL,0.08120783049376332,-0.08489944378649825,-0.0846953307261091
211796_7534-X18739-Y16699_reg,ipsi_POL,0.008708461854897443,-0.08489944378649825,-0.008746602098852082
