specimen_id,LF1_L23-IT,LF1_L4-L5-IT,LF2_L4-L5-IT,LF3_L4-L5-IT,LF4_L4-L5-IT,LF1_L6-IT,LF1_L5-ET,LF2_L5-ET,LF3_L5-ET,LF1_L6-CT,LF2_L6-CT,LF3_L6-CT,LF1_L6b,LF2_L6b
17109_6201-X4328-Y6753_reg.swc,-5.235021765662827,-8.88865635643281,-3.054356215886319,3.479194429490313,-2.7157158232826513,1.690650102677067,-8.028438209113881,8.3067919407304,-8.260548051420768,-12.498159506805932,-5.427712856783939,-11.952853077593623,-3.0801174214293976,1.5596685357496343
17109_6301-X4756-Y24516_reg.swc,-4.011542901544392,-8.198052566758921,-3.0903436229865884,3.2977078888197324,-2.5906046434042276,1.9007050614409373,-7.4385317931470105,7.8218406049273685,-7.00211594467281,-11.288350834682731,-5.365740185715036,-11.721722600266155,-1.398459351811799,2.4284305220962312
17109_6601-X4384-Y7436_reg.swc,-1.9513480783420563,-7.362612029629729,-1.7709503354848488,2.901926111329986,-2.1032708408736545,2.2250422375952756,-5.694492426235687,5.802618038501091,-7.650826696993184,-11.443753499957662,-4.371821460351411,-11.09302022772137,-2.5614282369749963,0.8783956703247633
17109_6601-X5417-Y25287_reg.swc,-2.432017777993737,-7.143915533043303,-3.234944974833562,3.884796671667934,-0.6619337311145326,1.6933908062420646,-6.107799544692032,7.566351275133044,-7.5195591621308235,-10.294035277894773,-3.840774450811046,-10.225449083845614,-0.6879626324661308,2.3903184909140296
17109_6801-X7432-Y4405_reg.swc,-4.5462625855169385,-7.2662131957611615,-1.6610036093069063,4.090499657017242,-0.14088407722418905,2.5001071311477543,-7.471919272567548,4.332508639046221,-7.114851941167639,-10.867971048530297,-2.2551143861434726,-12.82674029922571,-0.8902226694709015,2.6747585654565103
17109_6901-X7203-Y26714_reg.swc,-3.6064090303253553,-5.982817150457481,-0.7172289379485594,3.954093798341848,-3.258688000811016,2.9224395621203763,-3.892089845117328,5.161045118080956,-6.154491505062456,-8.172350882576737,-4.689833386038638,-11.639913375060253,0.0008382703687324078,-0.38101069308633234
17109_7001-X5738-Y6470_reg.swc,-3.9629487184737706,-8.278146389988116,-2.7123535488937724,4.472406651880487,-2.053480054410308,2.1472153123261357,-6.628154422514355,8.221733487569129,-7.739534893125662,-11.632085773850774,-5.392043370825537,-12.10152951122663,-1.2955253380729972,3.160754672028069
17109_7001-X6205-Y5194_reg.swc,-6.926126348544074,-8.368879615774954,-0.7507198427709086,3.1444222773313557,-1.9856153170605855,1.4402239302821565,-8.041810227441548,3.401515482961844,-8.400385130166935,-12.347389843818524,-1.0561424213420683,-12.99734996003351,-4.413892084264865,-0.5048598459344771
17300_5969-X27278-Y20820_reg.swc,2.4638874107597855,-0.7184141290685604,4.294075580801355,2.3352333337476363,-2.387198579597356,-7.042749943439975,-2.912823620856605,0.39638192967625785,-2.059212457531397,-4.573898049922097,6.581500777438164,-8.67562825037799,3.4689628251224582,-0.6895871063633633
17543_6014-X3691-Y17288_reg.swc,3.1515690709339634,-1.125919487445495,-2.3634569363375206,1.5411278704155422,-1.848887824704463,0.4330586758250933,-3.7920589031257212,6.48757032124824,-2.3819284700508883,-6.108416779993657,-0.9663749510253299,-3.8577877404931304,1.001738852238668,0.4511764509535443
17781_6262-X6896-Y13574_reg.swc,-4.062513404475167,-8.136444431772759,-1.194362813993382,3.5517510605262457,-2.6497677252171035,1.4725413853384663,-6.720367304637756,5.4363368891772215,-7.274083296829952,-11.821352314461954,-3.3225469524466535,-11.531703789234735,-2.0240169304587776,1.0686479804359914
17781_6866-X8954-Y41812_reg.swc,-5.564320026906284,-9.15463063227517,-3.162759526094852,4.137386488243826,-2.9110494595576806,2.1994578160344425,-7.353205274630264,8.8536672038155,-8.747690699849878,-12.497071740759305,-5.456654005650721,-10.98635216127185,-1.788942166724799,2.4634241747832415
17787_7070-X12739-Y1410_reg.swc,-2.386173600456081,-8.342459817653836,2.9628001955047076,1.6015571264256638,-0.1599227945217241,0.8768543717341605,-6.551448852464093,-1.3019315097349118,-7.6038275920438565,-11.438579370878394,4.437197141322834,-11.129844160357598,-4.606258287887786,2.3513682962194284
182709_6172-X3564-Y6968_reg.swc,-1.2704476593707792,-6.215279960364867,3.3561971596405287,2.809349855426109,1.783042695880368,0.087322552826958,-6.119920131388253,-1.3438040289994047,-7.358989408308638,-8.749384083368275,5.157103106011638,-9.625392583358341,-1.6567252949548277,4.832416986157575
182709_6204-X2976-Y9977_reg.swc,5.1773839733793094,0.5813423375005518,0.5599945689820047,-1.7922572096922311,-1.5082685596541325,-1.6259260104505278,-3.006752596961314,3.1768016846883436,-0.8230246311724151,-3.6325709689767587,4.239978353272102,-1.0919955587234944,-0.3762636254161771,-1.2889852132606316
182709_6592-X3030-Y10077_reg.swc,4.999656734305719,-0.002871619194030728,-1.8876936307293097,-1.8752887404297471,-1.756539907587678,-0.09391059864306173,-5.494193016386962,5.349842766404573,0.4443948599316889,-4.583287378407585,1.9982356629346565,-3.384990569690938,0.1477596447992684,1.234053454375402
182709_6812-X3137-Y8659_reg.swc,3.804995630585001,-2.0128897142497175,-0.13085251909100987,-1.6444042781342403,0.3443591109906605,0.7283706711862101,-6.332516591913517,1.7255964576462417,-2.8899453502506076,-6.947142604583027,5.182973308378381,-4.885913771732811,-2.4820070183045324,1.7897049566073058
182709_6886-X3406-Y21258_reg.swc,1.3994014287921506,-5.3320557534912805,1.4659226757683097,0.8932620383057495,1.0909765336376072,-0.32482648571725703,-6.280644248819385,0.6315434616386271,-5.379656959933739,-9.1976040984651,4.389900635062438,-7.396383876638595,-1.3218801987249087,3.545226337970344
182709_6984-X2452-Y12423_reg.swc,2.229242451913584,0.21651833447664917,4.408811072791356,1.710565166882698,-0.34861503342750366,-3.075154165354436,-1.4905151534537628,0.36849177721638393,-3.1924142931849735,-3.330475950143015,5.1285287176090115,-4.0981787110220065,2.118908030876191,0.037807997571964735
182709_7010-X2644-Y10852_reg.swc,3.5226155547681675,-3.012996418424018,0.24327877507591011,-0.13152352787228266,1.131796039176362,0.8137208807166738,-6.156070824578457,1.2979917444860518,-4.383753304184692,-7.743046765770703,4.927911623277026,-7.11287253905615,-1.6770805381254124,2.847603251283578
182709_7120-X2261-Y10934_reg.swc,-1.0537381941104709,-7.830976600602927,0.7690832733887017,1.540641507407694,1.7225483839703073,0.5931822556867127,-7.043206095527225,0.19752642013041521,-7.926978366919259,-11.15806071769224,2.9584649632890265,-11.255924507721748,-3.0437575984054637,3.795635743986704
182709_7126-X2913-Y10535_reg.swc,4.598736731258409,3.9617867872313925,4.843348956114468,1.9046908232794688,-1.4466204063927552,-6.429397537044306,-0.03813471877225384,-0.3029242067361359,-0.891710474232892,0.42184973123269587,8.011986547772924,-6.031332593941494,3.8684845521511786,-2.988899378993013
182709_7144-X3121-Y9346_reg.swc,5.2289652104711895,2.2399151787524496,5.175561766860358,-1.749163242283618,1.2473933799052606,-4.9918240135446,-0.7249481548073823,-0.9897083087040108,-1.0705463305492604,0.14474484464425963,8.655491325135657,-3.4462155232952103,1.2112754630923548,1.2232066870734504
182709_7463-X3586-Y20695_reg.swc,4.368042008272251,2.0596633865486047,5.194491057625407,1.3712445647787659,-0.3188339521930308,-3.4241478147201914,-0.7896053154146323,-0.8306622729274827,-1.6237799440831724,-0.707531995142149,6.898124290827228,-4.476832914766174,2.8105208270449342,0.9343087487477152
182709_7486-X4577-Y22503_reg.swc,5.947691594226136,0.31103990900191736,-0.9051866988407633,-1.6027455364023333,0.4164037666198146,-1.6919465068096173,-4.109320239404673,2.0742501004851697,-1.9176682732036427,-4.007691496639522,4.737791614348746,-1.7369714498460314,-1.3781922038067524,-0.47662073366151564
182709_7886-X5075-Y22541_2_reg.swc,4.284442581249341,0.5717737071424455,4.010304257509186,0.31838557534706075,0.4513455281439198,-3.3109720616888505,-1.0724783866076562,0.7172540303018352,-2.591511971769027,-2.2930440455385552,5.937779707307751,-4.101165233077578,2.5237728991016706,0.9166581874047958
182709_7918-X5201-Y22656_reg.swc,4.461567030383591,0.1949178683247629,2.1107100040356315,-0.9432668867165193,0.16552539906842917,-3.242626642799867,-2.501596158065973,1.396173552316975,-2.7541498255825156,-3.338954029869212,6.346273622217207,-1.4096603239258862,0.4295846992414476,-1.034419141820615
182724_5937-X3804-Y11955_reg.swc,7.464958068237436,7.213193914990393,5.67584801348411,2.989273414439164,-0.6637474466833211,-2.1431169387355724,3.933304067282543,-0.8197118650745487,-0.4606890688536895,3.6485727816687676,5.11466292307564,-1.4425531222058035,5.236983777832895,-2.1174026420768857
182724_6175-X3782-Y10859_reg.swc,5.293293712492468,6.39150371321096,6.327341952811246,2.9310754743544956,1.7180550717921348,-5.9901068633573695,1.679181405005536,-1.633020918967033,-1.0850540105353252,3.6244422450150635,10.145241863772428,-5.24178857295131,5.077589041491435,1.8758339074811046
182724_6305-X3647-Y18869_reg.swc,3.777150504718187,3.581564599955273,3.1631780172481694,1.1715226817736266,0.37945792871490447,-3.169822742804047,-1.9080269970124164,0.41960754622779084,-1.3525568458674768,0.22634740248003737,8.369599971189599,-4.691109366175826,2.1831144800050715,0.43917883293922766
182724_6354-X4834-Y8105_reg.swc,5.419495487161693,7.101360714657082,7.137661587312189,4.771926963452548,-0.7712013081479097,-3.886596211052324,3.075081147956244,-1.4082531575002666,0.1171470655302289,3.768517336757685,6.689786710476961,-2.6002051235154626,6.796612456128067,-0.8445725138636205
182724_6360-X3448-Y12540_reg.swc,6.682632195290136,5.335902570949949,6.003427818663029,0.837878967427632,0.16502443185938057,-7.140424110954968,1.2352625149864351,-0.046594768812969284,-0.568046293655724,3.6327561983819874,8.623379384688047,-6.145041731657033,5.008895195242857,-0.2803915905987209
182724_6361-X3802-Y10603_reg.swc,6.575566991761706,7.476607635358732,4.997021763461461,1.020183110096081,2.1678354088394762,-6.224226560581279,0.8920383172887826,-1.3615445987505774,-0.6306049012393861,5.890768674408306,11.847937158493547,-5.6714707664636705,3.9967190318355783,0.04401013368562201
182724_6391-X3524-Y11978_reg.swc,5.6205837906555045,5.527140730656009,6.538243281982011,0.8708435272620295,-0.34210970134795743,-6.525134429811562,1.8009384469377119,0.06436828050247076,-0.26574845853505513,4.459498786146913,8.31870183169136,-6.16250563283928,5.2843562776798745,-1.4583409000551804
182724_6396-X3762-Y10790_reg.swc,7.182120761504203,5.468583803222158,3.7035182618201747,-0.5022635654359768,0.3881754957025045,-5.048032549651293,0.42000861569035897,0.415743147954204,-0.425239957129427,3.205061507975225,8.399741671847302,-4.506470515467515,3.0464639396452577,-1.5249280643299215
182724_6416-X3689-Y10398_reg.swc,3.976099025247248,-1.3103849774980394,1.2941459360069845,-0.1294282812214495,0.7040855519167906,-0.5391632837073339,-5.030088005417472,0.5300516492157914,-3.316453442470963,-5.745502027275846,5.543068027632964,-7.031900260709,-1.3657298599411218,1.9697997366811766
182724_6450-X3505-Y11792_reg.swc,5.107050940084858,5.716264938260458,6.9475296829511475,0.6892169454795507,-0.15483597689862744,-8.190246047305688,1.8432168155182975,-1.2207601935890067,-0.5404581601074814,4.837277831886239,10.168510901547,-5.380531606904621,4.874156451373745,-2.284088893183934
182724_6457-X3810-Y19182_reg.swc,5.984423514601686,6.365649317526951,5.152462755435815,2.7948640023162126,-0.8434815407269264,-4.840470444535795,1.5030033270273886,-0.1435486920622568,-0.15470857022506995,3.9351987635967514,8.734344991290632,-4.6189154598619115,5.442208822009947,-1.2103767914889279
182724_6644-X4183-Y20666_reg.swc,7.322548743650128,6.967990486738611,4.765030191149188,2.231200809367652,0.5605283624554672,-4.147449684262802,1.034422009244199,-0.19527510130161674,-0.7424420958992334,3.6853563889410594,8.889497404599563,-4.433135251926902,4.581600697521887,-0.2428958562939149
182724_6690-X3748-Y10610_reg.swc,8.00713364578265,6.34215905059298,4.0949857719775995,1.0518005940667803,1.7919697375846853,-5.831862220849771,0.7040782743208555,-0.5569147122542005,-1.0575806357640924,3.2571945117819525,9.515540664828569,-4.573896836753121,4.438357682931293,-0.5602763112438756
182724_6704-X3301-Y12214_reg.swc,2.223095636364619,1.4962730680546825,2.3776737409971966,1.912882134489537,0.1741092824301309,-1.3475481792798605,-3.8720962621989257,0.04798624168375737,-1.4117151145016547,-2.9646216965148424,6.394850492322628,-5.3479803993407025,1.0634442210966508,0.753079247450814
182724_7371-X5043-Y7827_reg.swc,7.311517417077118,5.8066963571331955,5.381200549059609,0.2818521370446006,3.5082705024161345,-8.252742246863077,0.7791506246327862,-1.2909810358951501,-0.8449889359527992,3.2919392199929174,9.71752581083502,-2.238963444148331,5.618993174769577,0.055738101195830114
182724_7600-X5645-Y23085_reg.swc,6.716242581618616,6.489154688509105,6.18006310720742,3.4232495370432825,-1.7893093076604707,-2.3356264985254467,3.0701420440778597,0.1638532027464396,0.20855031601236068,3.3854536765547367,5.97007694092649,-2.3909974655575748,6.268128347344284,-1.8960432553409796
182724_7822-X5447-Y22786_reg.swc,6.3032181387643975,4.332086905807513,4.396130885916468,1.8341162728072888,1.6055887112111313,-4.173458525614416,-0.9341831535927232,-0.8512313933467751,-1.0656992014901758,0.5789660372295266,8.244471957085121,-3.658334673015804,3.8956244266023323,1.2748893941002037
182724_7871-X4578-Y21040_reg.swc,5.776001346045764,4.77003674819741,5.991194393645422,1.6060563453065564,1.0258917120000204,-4.597618954605018,0.9936020745254361,-0.3425552260360406,-1.556421543512825,1.0754858823553435,9.500221783666692,-2.0125148798307424,4.191777512022714,0.2444734857627887
182724_8055-X5917-Y23103_reg.swc,6.338052783094245,4.1680251683482314,4.355333808185527,2.3048340101554596,1.560977504828531,-4.897445446520296,0.7113611944994515,0.0278792839298162,-2.1881931258567846,0.40018565284950214,7.15008199857917,-2.6867769518660207,4.740404606273349,0.15990356836017705
182724_8100-X5413-Y22190_reg.swc,3.9020309475600037,4.480499003018295,5.842537519593633,2.623446713447363,0.18564356797327172,-4.642573881842842,-0.18307366244338855,-0.21503542262165842,-0.18997398710901436,2.022941789105638,7.765274335293291,-3.884400099634031,6.779877865916381,0.4162666233785337
182724_8150-X4450-Y19864_reg.swc,5.775907900775941,3.2959623178848494,4.270676492791673,1.7183337539780152,2.2348908767664333,-5.101464007694834,0.9261726746558051,0.7442201262214909,-3.051998397547597,0.5295586365025783,7.046430209997874,-2.059843695441052,5.1645937411649925,-1.1388697574499693
182724_8155-X4575-Y20238_reg.swc,4.520382457386968,2.9267754999132998,5.13918814839716,2.5697928974128446,0.38073597071827747,-5.544402416448166,-0.16764623189430056,0.3119714325453974,-3.2520068933983537,0.34886083195526396,7.742649912434988,-4.703583019951462,5.279518716068187,-1.3436836296146
182724_8159-X4833-Y21213_reg.swc,4.917595394581547,2.7035632375098717,3.8048649508779877,0.9089790374970242,-0.05913989246546976,-3.4973079557905495,-1.5848571641100364,-0.09995962344219234,-1.8833035518693861,-1.028878099411851,8.343955072882604,-2.7026538649378935,1.5947113946493912,-0.4350841447646664
182724_8257-X5319-Y21978_reg.swc,4.268122230090018,2.5647160403841305,4.0283324145213095,0.28050558989092245,0.5734288871963307,-1.6104246235831747,-0.9484741559348704,-0.8098724487299539,-1.830802526438151,-0.4887014435613152,7.035217076992401,-3.3981887221547957,1.3418214696222495,-0.42466163426803216
182724_8281-X5491-Y21925_reg.swc,4.735638918491067,4.318183262987025,5.234221036103332,2.6316047422805027,0.43118101291727773,-5.132569598546166,0.14557498773385302,-0.539256457313817,-0.741433431189186,1.0073593910804468,8.64166922247288,-3.8038944876951355,5.184799526078764,-0.002138823322786476
182725_6819-X6109-Y7853_reg.swc,8.789151981114138,5.708313034669816,3.90965251382246,0.38510718098595054,3.434942160906592,-4.723467421220111,-0.1148875717263926,-0.49273666101291874,-0.8005370578857559,2.6243166076363362,8.126793684984499,-3.51241924359588,4.637556816836982,0.6961151367853238
182725_7341-X4593-Y22594_reg.swc,3.9110920158504365,6.232210538818032,7.557364178240695,2.5199273267928444,0.21822186722550924,-8.00553048347859,1.450905855457693,-1.4553019976854296,-1.1141958568757986,5.356281468539911,11.873488969018503,-6.3883547190695085,5.4844874415115346,-0.8542750714855869
182725_7482-X7429-Y6760_reg.swc,4.7783628630830535,2.87615375854002,6.064213368586946,1.4145501656912116,0.15951146291558882,-5.77319590029622,0.4773765749410567,-0.024094831599107636,-1.1601397904131123,-0.14447952309643652,6.274644372670545,-2.9161398404113767,5.766266056094242,-0.7480651213589516
182725_7649-X3440-Y17884_reg.swc,4.4616316824822535,1.5913985693959292,4.952335629827494,0.8722803445025347,-0.38689074959750136,-1.623792886397566,-0.9062915631980668,-1.7574270846428361,-0.3666889605941121,-2.773946595370057,5.99377265341966,-1.9293751540892001,1.043380077613723,0.941486233901731
182725_7657-X3644-Y17105_reg.swc,3.782107813410315,1.8213621086381515,4.353309042526916,2.6460257261118922,-1.4942385728199306,-3.7582561872981497,0.04407230539713092,1.452169155842542,-1.9746881495315882,-1.5093510742147491,4.821277205796651,-3.3007527039226465,4.6825905105745305,-1.8402561395715755
182725_7677-X7858-Y6794_reg.swc,4.517600898343794,3.7796602729415674,6.63707038583904,2.1091819331835038,0.5573056594852923,-7.6457986464923895,1.3186105080749067,-0.9553900510434343,-1.8875191478921356,1.4665580016405615,8.993345196645167,-3.8891875404419545,6.003012700508902,-1.1148051642696615
182725_7714-X7032-Y7882_reg.swc,2.325595887883739,1.4272747434451756,6.593768938512846,1.1214396640142046,1.4037276735136042,-5.743373235976564,-0.03589811691485162,-1.629344023885294,-2.967774821270471,0.5437931550856071,7.666481698962702,-6.045993774335523,3.6582068708271795,0.7813796259625294
182725_7762-X3772-Y19585_reg.swc,4.9621312354926665,3.251849691479542,3.572953679820502,0.4887747743234387,2.9182779666687177,-1.3305627372449025,-1.4687113385092303,-1.6750177300832605,-2.066728131547456,-0.00048222728819258265,8.445303311599035,-2.5203824984328733,1.093104902532322,1.666252402482721
182725_7988-X4540-Y20706_reg.swc,6.3878148210308305,4.629243422748253,4.553225915944793,-0.5117946386566008,1.7872220644018748,-6.757003858751465,0.37807205250487463,-0.7509057599524693,-0.9621694022141266,2.4383760402912107,9.353874219266622,-2.5972150273532932,3.285600260486177,-0.205671983967607
182725_8028-X4256-Y19926_reg.swc,5.77619052505751,2.8672458371907052,4.108690409085208,-0.05553696129704469,2.0037495842448942,-5.558104015586706,-0.7365314764675024,-0.17549016466038042,-1.949534980803794,0.11901252978174126,7.759938120252176,-2.761438736445442,3.2435393674756794,0.44016105746965384
18452_7249-X11408-Y2071_reg.swc,-2.5845237395882883,-8.222704765723401,3.0292306239857565,1.726688911474424,0.20277679609656718,0.8956468005025009,-6.793665000507779,-1.9948890773368748,-7.909764179871699,-10.927922905196448,4.477276395576078,-13.072660316232115,-4.151849228165006,3.2024649725274537
18453_5667-X25695-Y3103_reg.swc,-0.5483532460025917,-7.284845724451592,0.8027668810446598,0.5842438496128384,2.146528283775565,-1.0375692060223638,-7.967496902346853,-1.3874490350576374,-7.975139740084836,-9.860515228373293,7.303548562529155,-10.941490901384386,-4.655557715881508,2.0221911721526715
18453_5701-X28505-Y4297_reg.swc,1.6845656248186545,-3.6743444125203224,1.1767563041827072,-0.38632570006956646,1.292239455742001,-0.19395424976911674,-6.0117484443208395,-0.559051476284401,-5.495916311111904,-7.3602264630029035,5.645694405332179,-5.489241670849541,-3.006589050002283,2.0556094265238847
18453_5766-X31719-Y6139_reg.swc,1.0698111359595934,-4.252178894462883,0.5972408937325313,-0.38455630228898663,4.0001150197420765,-0.75089944673712,-6.213985168525598,-1.5524121252025243,-6.056087109526439,-7.991422804237708,7.101976741607578,-2.79709435104553,-2.4578980663940966,3.049892502561183
18453_5941-X24629-Y3152_reg.swc,4.3391179344716235,-2.460037477568635,-0.6299470080975151,-1.6878628156076125,3.8335943616773123,-0.448667016149233,-7.202932288813108,0.1245200219260254,-5.369470895506167,-7.536918906210273,6.383684290167406,-2.705437315030869,-3.4748254808959245,2.123756359330189
18453_5995-X24812-Y3143_reg.swc,2.385720959067576,-2.9731470069193575,1.5649440544984636,-0.8738681468941222,1.0809644395200473,-0.7190342780322526,-6.0496643840605895,-1.1044950897460988,-4.121796160394136,-6.293860376733302,6.834712278682079,-5.9358653902594725,-2.769768086686961,0.9735287424145981
18453_6035-X24820-Y3039_reg.swc,0.8577175637079397,-3.797617422635472,0.888766577537487,-0.26482082388735484,1.6198034788532818,0.10493555766281247,-7.05083227864074,-0.393301153747724,-4.752492382612927,-7.918521317135916,6.25512482432506,-4.688158594380219,-3.3661458010065863,1.9928309092639522
18453_6181-X10238-Y3690_reg.swc,-0.9792727787401535,-6.73875615475435,2.654818930865077,2.716434334481834,1.8912407790645334,0.5212014302058755,-6.7389353860872365,-1.9086093541621647,-7.143598914338654,-9.936840898452344,3.77684026151459,-13.322635644854962,-1.7613357840897326,5.0261617561618515
18453_6316-X30559-Y4743_reg.swc,-2.720705488441417,-6.378246698523704,2.8133967427498847,0.33683392821194613,1.476532496400289,-0.48752129643022285,-7.277144969965963,-1.6550440513439422,-6.834317540453836,-8.122677028468367,7.242253581341834,-10.186146354751695,-2.8387814337532573,2.7287955441808687
18453_6477-X30376-Y5078_reg.swc,3.0908026581783616,-6.474688589174352,-3.677919369908417,-0.1316659245659353,4.063634408840689,1.1170411958166875,-9.58236394192336,2.5492427202694046,-6.9002500150533495,-11.303910050502104,2.7462073696386895,-5.166985186112391,-3.0080457890492243,3.5675410209625316
18453_6479-X9010-Y4330_reg.swc,1.1220939609826117,-5.447537645936196,1.2386947116603635,1.2528524433342083,2.508272379543369,0.6192853180266676,-6.402372660861351,-0.7202198460834905,-7.116350761828004,-9.10878527313376,4.845925802417873,-6.905496146526886,-2.2966251799990145,3.9075403819334906
18453_6537-X8725-Y4484_reg.swc,2.0776693781410174,-4.843409685638725,-0.21056915371990814,0.16717643564413542,4.603869003443746,-0.09537748744074767,-6.926467330190805,-1.5041055224019408,-7.614868393698201,-9.232312386394339,5.664949329964053,-3.4307610389626575,-3.6552769299666674,3.1557638505002368
18453_6561-X9442-Y3817_reg.swc,0.05852610731149577,-5.965542231476899,0.7627640706375256,1.4320952089291132,4.356186946178766,-1.1757602089537114,-7.458764776902195,-1.1915789590315438,-8.05232496940485,-8.490177682817725,6.902420254806076,-8.342864163246768,-2.3389538202393485,4.562891026336725
18453_6604-X9161-Y4006_reg.swc,-1.9469319541188717,-6.472567266418207,2.958396313922809,2.617543791333354,2.829029948210276,0.5372717104967069,-6.964828799325064,-2.173711690721511,-8.119496170999865,-9.388848397470873,5.3545870665365145,-12.112661850796382,-2.3714239490444786,4.733547595441648
18453_6675-X10576-Y3102_reg.swc,-2.4667678191190547,-9.030698531476617,1.1806627748816545,1.230823310749111,1.4668539476281313,0.1735194712816944,-9.652040423027085,-1.18232389449695,-8.00814583685047,-11.296534558266625,5.154028206036619,-14.197233218297189,-3.9446734063147337,3.305895538667192
18453_6675-X8876-Y4461_reg.swc,1.6567516711339552,-3.316370444200338,2.858351465716226,1.8857606672141503,3.2088236190203188,-0.44660597917428324,-4.676412296356819,-1.736010540519254,-6.103732066354956,-7.11987098286004,6.401607836462045,-4.046806353955323,-0.9368872230167669,4.300660332630272
18453_6748-X28152-Y3578_reg.swc,0.9523315421147207,-6.411387085184253,0.10635100513219675,0.7434719669526584,2.8031209078982275,-0.5228487974994268,-7.266055056943334,-1.1179945476493214,-7.489030265509674,-10.15009892196727,5.298006936892989,-7.9522622804147804,-3.75072160018207,2.3678484228873966
18453_6846-X11548-Y2831_reg.swc,-1.3796362977587808,-5.443924475733267,1.0578428760086909,-0.4588065808362125,1.8577113661194027,-2.1972679938813084,-7.464192805175493,-1.2475688761590114,-6.577664360485185,-6.915125618873164,9.009043508311711,-6.083284156035091,-4.102548567960977,1.2787798740314391
18453_7007-X11486-Y3611_reg.swc,1.958145288728978,-5.594621546512094,-2.9005995270771514,0.23846479828100375,0.8087436034035338,0.5533786034806885,-9.101337520228,3.681644439256697,-4.084807738727758,-9.925361029704565,0.6466647792826863,-7.35431165589709,-1.3305349468874823,3.9032707338773407
18453_7010-X8769-Y4509_reg.swc,2.5524966962927085,-4.426298989909921,0.22747100465190306,0.48552209012905045,4.268343947400724,-0.3175453963912295,-6.432997786947573,-0.7227143413667969,-7.34791689198425,-8.811516061772808,6.471250534287374,-3.421730805653546,-2.4520906701867786,3.3314996174824505
18453_7024-X9012-Y4138_reg.swc,-4.040192625702122,-5.277666586811913,2.7208340403896063,-0.547484236668796,0.7683050622836346,-1.840395370495892,-7.002308565234744,-2.0955220479806056,-6.6059307248482115,-5.789565304334488,8.87961336084693,-3.9788801560833784,-5.727875339356246,0.8242633056673543
18453_7112-X9089-Y4667_reg.swc,1.7073979351429205,-3.9479697710405004,-0.20286506762155487,0.0862824505098374,1.48760704566806,-0.01264027534528838,-7.358683638315917,1.4342174584517005,-4.995293685425372,-8.370410044802549,4.31867564566595,-4.973175384277782,-1.943346234890361,2.488700450882273
18453_7132-X11495-Y3152_reg.swc,1.1557379588903103,-4.548308318623209,0.9053791395921961,-0.19464357693888656,2.691530684853678,-0.10271793548576388,-6.748587225381347,-0.9037923744984098,-6.264978417057869,-8.76013050260168,7.077812029164402,-4.651766183490748,-3.585032623246304,2.237665063979505
18453_7132-X31679-Y7308_reg.swc,1.729480736850873,-2.3396084393303713,1.5112444222310275,-0.1690598801302623,0.8155373808025519,-0.8463783257862281,-5.40436850369508,0.9983029258471297,-4.438997697831443,-6.218014395377119,6.45923360817023,-4.841496430348298,-1.5084590243732778,1.9145827307884642
18453_7146-X8788-Y4552_reg.swc,0.6407209582366895,-4.61383332946126,0.5664914802534398,0.6318278553431143,3.082360693072831,-0.7023359971058444,-6.461871082700517,-1.1359397723113602,-6.436030892907174,-7.738279249978191,6.22219198113301,-4.766877266329054,-2.4054964526147753,3.1842011361664375
18453_7188-X11060-Y3637_reg.swc,2.3279146740679884,-4.157589077624405,1.0683097516027145,1.0236620129899994,0.9680843118318525,0.298660445785377,-6.0727607972529345,-0.11802129196451983,-5.159807029953469,-8.314828436723008,4.641881854781747,-6.761728933537372,-2.000288536304442,2.4204912375222265
18453_7223-X30215-Y5120_reg.swc,-2.0556373245831203,-6.457317505887962,1.7565605305890966,0.4289923469657626,1.6652050377553755,-0.8932164508533974,-7.71120441043948,-0.8081786526005024,-7.1476737762996505,-8.121767818659347,7.292010328572518,-6.992308489217663,-3.6702434668576407,2.4927517038348004
18453_7245-X12979-Y2864_reg.swc,1.6697995320108083,-4.7378209325725456,-1.1658959325306877,0.17805761486838234,4.180749957441837,0.15433568320390229,-8.30764529348151,-0.3081331450405993,-6.823806981867811,-9.336497569725367,6.042332454557158,-3.8367959513797185,-3.2910318988959135,3.135142132824198
18453_7304-X11719-Y3749_reg.swc,1.3144339481370118,-7.447209317360092,-2.2040313920990164,0.4730124220684824,-0.5955775116544888,0.06940226430395717,-7.998856649680655,3.8880744514675585,-5.629967446452313,-10.864940293277602,-0.29760094374971446,-9.058287284108395,-2.422705903742803,2.082489389606174
18461_6043-X11080-Y1667_reg.swc,-1.6958675541764574,-7.823039245208763,0.5558403145958113,0.14677440816288523,0.5705923692109853,0.04985453788890447,-7.325983148318981,-0.2959094514400622,-7.669618481916378,-10.494798963204653,4.253191792879502,-6.913283627883671,-5.842027135560922,2.058822895060903
18461_7132-X6338-Y3287_reg.swc,1.482632218968231,-5.352352872486488,-1.6116709023875386,0.18891730545226137,2.009056170234652,0.6595911841549326,-8.431982442609936,2.7008180360967122,-6.01590680511237,-10.164893597273807,3.9429969314173503,-7.044272302104273,-2.2815834475501657,3.6361901802886134
18469_5755-X6174-Y22049_reg.swc,4.560630994519034,4.358313491562445,6.128762044152847,1.3396309071143715,1.4020208824974676,-6.024921326906844,0.34263461550718827,-0.9731132564800431,-1.5714545935850284,2.1704562887638548,9.490223035946363,-3.9636890262639,4.4223788014414485,0.4356694248893297
18469_5853-X6133-Y22657_reg.swc,5.155917029387348,4.707442187960811,5.906699885934054,0.5151896187451293,-0.6746851058029638,-8.032730249510697,1.0038007415144374,-0.3008840873457322,-0.5850029560089013,2.7248992803138576,9.626902929516458,-4.76913327088178,4.347851190552077,-2.1046786671743316
18469_5924-X6028-Y22963_reg.swc,5.481629558347076,4.408243623332638,5.312161259013641,0.636954312635598,-1.2532621408166316,-5.9930775984015,1.3621121210599363,0.31326120294084486,-1.1409555365331538,2.15982067051182,7.88557627830483,-4.054415672724006,4.1732010585960655,-2.884227907207363
18469_6120-X7370-Y17612_reg.swc,8.955137430578647,3.847980222639501,-3.2700765984196782,-1.716466163764589,0.06492670428580716,0.8424200158809547,-4.391093228044273,3.933242492106618,1.2942022062230536,-2.10159293824809,3.6224731259090617,-1.441782547704412,0.05674066533130828,-0.24751767150481713
18469_6185-X6027-Y36689_reg.swc,6.382604185644641,7.016111640135376,5.689921520610375,1.3576956206756818,0.3030880173135982,-5.500732773102134,0.88942829778078,-0.16953666259633576,0.9134860004757913,4.699845221683319,9.096047807430601,-4.147169293645558,5.765125650695384,-0.2710854898366511
18469_6420-X7388-Y41840_2_reg.swc,8.297328294562488,3.9475283372607834,-2.3184292517401803,-0.48931421394022917,3.0085647428259374,-0.2947700212661199,-6.718869855064311,-0.3506294513161785,-1.5814111615007946,-2.1663929335654455,7.507706223015106,-1.9736518974070425,-2.219615778404994,0.2659448712842264
18469_6572-X5325-Y34608_reg.swc,4.385002386147194,3.1198280274936967,3.307891924620914,0.09846340136685197,-0.9415286645326967,-3.941632092850715,-1.705402297622109,0.1294590497611231,-0.277571160139297,-0.6255317519294961,8.437685313525451,-3.4274354203457795,1.5503568277763609,-0.5368189297861833
18469_6590-X7059-Y41111_reg.swc,4.898622782430494,5.360280445293824,6.173918054301113,0.722180074731025,-0.3893053083157063,-8.676656031199167,0.796852063455787,-1.1145959906262357,1.2462159750794537,3.2418655065572284,9.596068147493929,-4.897165172933827,5.832055903660346,-0.8987875662439465
18469_6673-X5500-Y35752_reg.swc,6.146288527903614,4.798390531529255,6.294705866970613,1.9446563746489156,-1.199499840934029,-6.3756862845226125,1.168461236727511,-1.5292007850965923,-0.21400160439759305,0.6645807446130024,8.977581926843152,-4.21721148804347,3.3571198082449927,-0.9790088587564186
18469_6680-X6305-Y38542_reg.swc,6.778623668706679,5.341168647975178,3.893199566514001,0.4921189069240409,0.21403368216597737,-4.683465217429009,0.1780786861963539,-0.5270103771844354,0.3207174186930571,1.6622323734322222,8.448913926175319,-2.218485226954104,3.6378850058661665,-1.2547726676483328
18469_6767-X5786-Y37391_reg.swc,5.69602515451778,5.379047810436093,4.414900417696193,-0.08237988835474974,2.8174020782272367,-5.459616902475514,0.016845486985949898,-1.7288791044412302,-0.24482315313774952,2.81407684321407,10.115244822606229,-4.647638864114326,2.991180554788773,1.2719694312427838
18469_6822-X8235-Y15661_reg.swc,5.576952916399095,6.956997059497036,4.5652880496754875,0.7050560766353356,-0.29862094064967337,-6.132229309031584,0.8570360999694172,-0.4217151707768349,1.668515934866893,5.0460563576727635,9.109387191282774,-5.982342199420843,4.283174240724224,-1.2756943241657366
18469_6907-X5348-Y34515_reg.swc,5.460611986336762,4.553818510904152,3.7527644521273413,2.5099549658487623,-1.478747927402196,-3.2462584656095923,0.2760498114574635,0.3370572824664158,-1.1174675015505207,1.5097168105348842,6.864284551109033,-4.605518286708291,4.205476808772256,-2.2970901147116964
18469_6933-X5678-Y23165_reg.swc,5.346959129399632,3.0758303283061132,2.4501382790096025,0.9408076967913219,-1.8212409636382796,-3.029851787453377,-0.9292054281151492,0.9771898994300219,-0.15401751282746523,-0.03990903533726908,6.038893154300568,-5.225421954089052,3.0285966921868965,-1.6484452300518528
18469_7024-X5427-Y35160_reg.swc,4.540903250419004,5.579396371715365,5.593822664461539,3.974931026535975,-0.307651099450597,-4.7888481083592,1.1977392954332613,-0.13716202435439334,-0.6683685165223313,2.209939011817073,8.396581148677761,-4.1592413640880626,6.235949406383911,-1.0189186861102206
18469_7048-X7499-Y17640_reg.swc,4.614093566810197,3.7713561878719934,4.535713854046662,2.649215689151162,-2.158789638831268,-4.305820211560252,-0.9157816662456572,0.7507187290363224,0.24425901980769113,0.2480429589364963,5.521482189065496,-4.436371056818579,5.54175890593878,-1.892779731954596
18469_7066-X6108-Y38587_reg.swc,6.978033721445821,4.6403546147848544,3.409222403903215,0.264256146439533,3.069402860610683,-3.9476521662023822,-0.7405108888473205,-0.31065969108174274,-0.943943543810268,1.1249144353446228,8.753993182584821,-1.924964031330048,3.0922665182946023,2.1003881469198533
18469_7279-X7753-Y17170_reg.swc,6.2628617490740455,4.905446135998169,6.310461513026045,-0.8807423565708066,1.6630477815299363,-9.466703477950404,0.665842662571716,-1.4599963415155985,-0.6521234153879819,2.6280585622397936,11.449246226687842,-4.03248449637033,3.03206385313563,0.1079033417480193
18469_7376-X7022-Y19051_reg.swc,3.640784935038419,3.941625005468637,6.279210360848985,1.3369127080578183,0.48986696829459786,-6.445608386029562,0.06604263853141124,-1.1687722645002105,-0.11590195215221354,2.6539427948539984,8.857506110856042,-6.1314708600392285,4.766799188440239,-0.28929963179005047
18864_6139-X4843-Y27122_reg.swc,-2.41546052036445,-8.860205514100333,-2.248955852146345,1.3018751795756343,1.4384336832044164,0.979705772868517,-9.977700076834697,3.7089030806883354,-7.818862097364524,-12.929531798637258,0.5329268937028275,-8.520818944553886,-3.117491113529061,2.8042058320678285
18864_6321-X4387-Y7047_reg.swc,-2.2136761938555445,-5.91360499191415,2.8755936741760553,-0.12380813953377934,1.2048358074749261,-1.3065756102341097,-5.777510746449044,-1.6869591666322523,-7.017695421258298,-7.2947382645250425,6.527243399806694,-6.365309754306355,-3.413192056147386,1.679198314355597
18864_6345-X3603-Y9891_reg.swc,0.42387243354940884,-5.539773754903531,0.9310692592865241,0.8373478842444455,3.314239966923954,-0.9834333346992392,-6.931151380845639,-1.1182183077337018,-7.298994878806774,-8.642089526983755,6.388330612908698,-7.834450250020899,-2.876907388633608,3.5297441093447954
18864_6384-X3409-Y13059_reg.swc,0.6547375354269707,-4.0456382836434805,1.9227809811695131,-0.36852853236740724,2.807204176949379,-1.9518005393330389,-5.590425561908173,-1.3060564539202653,-6.263088264587241,-6.64919934902449,7.68712036595068,-4.661519074844946,-2.497587065369444,2.9461546418375155
18864_6523-X3601-Y10609_reg.swc,0.7473500514128172,-4.590490396016005,1.5364082755468682,-0.33115780634247005,3.0725767336523537,-1.0239397169387803,-6.489979730390661,-1.1030073776988512,-6.593370516468076,-7.833611048889178,7.114503880520543,-5.440859725251775,-2.899247560619397,3.0630441093006895
18864_6571-X4315-Y24999_reg.swc,1.7438608899516679,-5.514589368108127,-0.4277627650691059,0.6440477992632723,-0.28349264527315,0.4099770651359058,-7.019536924765893,3.08210802295378,-4.534586762978646,-8.919346244936765,1.3011182652202926,-8.080026651648021,-0.6163587501932011,2.4108171662013556
18864_6631-X3319-Y22547_reg.swc,-0.07352824720730983,-5.285156041496158,1.9407760252870203,0.9394439466230788,1.3429206130888092,-0.7046049100211365,-5.829410010829051,-0.9366502770188077,-6.211195708417371,-8.062654234845175,5.869128209062161,-5.916993728100475,-3.0984835776618356,2.688021191748026
18864_6672-X3537-Y12829_reg.swc,3.4365696111760333,-2.9544034428463095,0.4306030497360266,-0.13054022748369465,4.4336337343892085,-0.7705550511539593,-5.601463405985512,-1.1033163936101735,-6.427340726844814,-7.220858995987208,6.866204984066126,-3.0673270879098116,-2.2423119910018747,3.478441154455703
18864_6734-X4899-Y27447_reg.swc,1.8873906020030016,-3.4382488321287745,1.5191434263009738,0.7326502567137909,4.3989654025152625,-1.1261783269846628,-6.238138960184884,-1.8770362795659785,-6.399648949240695,-6.994557812254002,7.45715783289271,-4.450003565637485,-2.0404937826310694,3.9400033557934413
18864_6741-X4187-Y8695_reg.swc,3.261152087880864,-4.097393168766951,0.7226022734272244,1.405122305241429,5.438807188947546,-0.8132521718888229,-6.645875993572636,-1.1866576727159233,-6.702358495909519,-8.669083108347012,5.424662412996767,-5.984267225097707,-0.8587021884859678,5.409273648199303
18864_6805-X6340-Y4681_reg.swc,-0.11964805443195319,-4.876203373688892,2.2394920547424064,1.159070163214363,1.334061602423749,-0.6058309820681231,-5.965795468695383,-2.004971579717286,-6.138353784356449,-7.877897432425041,6.452103531280681,-7.093040681902101,-3.684743547804007,2.217052299578695
18864_6821-X5144-Y6844_reg.swc,2.371812415615351,-3.4209280372893636,0.39329870470802364,-0.0034345861666356114,3.481959853040219,-0.7637523842311169,-6.643882338129824,-0.2960496784119786,-5.5193822031873285,-7.245863450557961,5.649937622044258,-5.286121892499232,-2.1635637234310123,3.3269012097500195
18864_7078-X6476-Y5135_reg.swc,1.391444563824491,-4.776124055856768,1.5590299485591266,1.0902672092727423,2.7069407705227544,-0.8296137556857339,-6.319861797947615,-1.0107230070205602,-6.664484126059643,-8.517452840756452,5.514037786332856,-6.078016315331373,-2.635555703103301,3.8815879809661458
18864_7117-X4611-Y9823_reg.swc,2.0272840771565184,-5.784807484030278,-1.947734695286075,0.18709821012595085,-0.16696983712370383,0.9651890531949954,-7.303921486389895,4.033342617792812,-4.435983566328515,-9.456896674588979,0.16592406163659978,-7.811502635407814,-1.294720593357511,2.3411076809966076
18864_7516-X6276-Y6366_reg.swc,1.0186728976323791,-4.53977899387537,1.2514939804568823,1.0529848927992718,3.1366902983875384,-1.2447251156517338,-6.2433762822369925,-1.3948914809134725,-6.796293659089155,-7.505153212812408,5.588504352640718,-7.396381277609329,-2.2780735632424647,2.9961824393999015
18868_6019-X9541-Y5296_reg.swc,5.6805744762217945,5.587199487889623,3.0998835138565015,2.1515316736281944,-1.823213627618758,-1.0877963245667481,-0.4672738922947937,0.10999864559375605,1.0614249154412854,1.830817085567987,4.229854436241846,-3.326857386337911,4.1872693280167885,-2.1585279541813454
18868_6405-X11428-Y4397_reg.swc,6.626959147106103,8.535615744217017,6.732130732378878,3.418712546254544,0.45090720275355656,-6.023779978981532,1.1568113647714262,-1.0167911775291154,0.8566707991641033,6.282197829841775,10.667673265934804,-5.718440707640439,6.743890188291856,0.07162610726581181
191807_6402-X3434-Y19231_reg.swc,6.885229076233129,6.100170425921446,4.141051312614298,1.2197746315653184,-1.6410229409964048,-2.7549201318002705,0.55833525079712,0.8542481409397452,1.4405219761566186,3.576324322700479,7.186144292413026,-5.200398292773717,4.088030707100556,-1.2809937343520374
191807_6423-X3900-Y9358_reg.swc,4.779299585050403,8.243831150087129,8.146712369760952,4.030104063971843,-0.734384092531545,-4.802512150469309,3.191021672004255,-3.3135137261561294,2.2694709738634753,5.689819636818529,9.635869871391407,-4.946614532014551,6.587884951313842,-0.6344684333677997
191807_6488-X3597-Y11254_reg.swc,4.73229504199251,3.210822301483739,2.2752307469263116,0.43710626517113976,0.44730455747890446,-1.3216363793823676,-2.981179457912418,0.7816705697020414,0.25402235707799287,-0.19347384421738267,6.754460748556533,-3.3720851794846554,2.4316888492966844,1.237298300098546
191807_6489-X5135-Y23408_reg.swc,7.132728788457103,7.617452716325565,5.767248046862106,3.7453831242036215,0.43239713318395995,-3.6971736736102474,2.730433953669774,-0.9879424609424642,0.6436966452984743,4.008764137574894,6.9169589297000975,-2.6022841925545204,6.863174881380811,-0.03682457876919598
191807_6504-X3953-Y21204_reg.swc,6.98244619469334,6.798132819003064,4.665560007559642,1.7057189086644293,0.5367336131442586,-6.342159385987132,0.6962632469010939,-0.3663842446482308,0.3036780363812668,5.06871242179379,9.405142828446433,-5.753245020055676,5.8253154931396605,-1.400567776468162
191807_6556-X3678-Y10670_reg.swc,5.6057410410569135,4.935560874240579,4.38202510426445,1.0760340547093699,0.8286342622368672,-4.489086169557127,-0.66473740240154,-0.26211026776270674,-0.8740657007750443,2.143787169503552,9.869186875985026,-3.2317757074620435,4.062183054525469,0.16814001585305327
191807_6625-X5034-Y23319_reg.swc,5.242675081632369,6.989668769347579,6.241436942412732,4.098307501118026,-0.4576395931139621,-3.331121320042565,2.5279950698732865,-2.1545854333136054,-0.6520476281050205,3.976468986459012,8.562741346715995,-3.2856760263975904,4.319228004334697,-0.8631840252320603
191807_6718-X5217-Y7243_reg.swc,4.408822435464171,5.70924583279475,6.033743405222479,4.0054720941881925,-1.2720723699202026,-4.088206219706145,2.0299582870333093,-1.0012989778346548,-0.8520965150364804,3.4517118875725736,7.261884594964994,-4.019235447360372,6.8363401790973315,-2.160228666006433
191807_6735-X4456-Y21792_reg.swc,7.6381596633746085,6.8914765569177385,4.25740384162361,1.0952365690914931,-1.0423300490001344,-2.7880268249614613,1.594452182543681,0.43621585654349093,2.1070418958572277,4.7668577391022255,5.941961499311151,-5.420363178462928,5.1481499020964,-1.2328262786258861
191807_6796-X5727-Y6613_reg.swc,4.210007994658924,5.357208518119132,7.69017650436453,5.066183874044996,-1.8723781375281954,-5.409749956658487,1.9687635566075787,-1.8468161191973047,-0.7280231576398517,2.588139311288934,8.534728974899021,-5.492876915676767,6.653622777671425,-1.938706359239161
191807_6822-X4235-Y21316_reg.swc,4.905289484540152,5.206420265839294,4.799467460777658,1.6063300240978453,-0.7671739740133611,-3.9306538474356696,0.709924781388395,0.5233850950887733,0.815901271861104,3.508667932505423,6.134473644355296,-5.205821069355559,6.192653000721521,-2.0743078912224253
191807_6836-X4405-Y10082_reg.swc,9.755281981716092,6.6430147171501535,-2.2409512317060445,-1.8385369774357174,-3.0828786454647235,-0.07434253471487698,-1.2009701834004054,6.507078201756425,4.12129786644688,1.7576166252302317,-0.14370529346733396,0.6390067787998877,3.125676285306251,-1.8669862342716217
191807_6864-X4028-Y18389_reg.swc,3.8535970483133224,-0.23859081832015105,-2.1791565853785357,0.6851880318780817,-2.6700621234768755,0.93332420740407,-3.094359018430178,6.542752256803278,-1.8926613116606639,-5.202253023261516,-1.5602116033310593,-2.413958535568864,1.0312864555060894,-0.7018656368288568
191807_6909-X3717-Y18949_reg.swc,5.883358604666835,5.158285639691344,6.121453398300381,2.130217530807584,0.25878904952409165,-4.341222632227014,1.112511388463835,0.28567567450970044,-0.4684278376483546,2.837695326252023,6.723210966767093,-5.196292300033712,6.823674557588703,-0.17679713750259118
191807_6912-X3878-Y19387_reg.swc,8.75530749290609,6.169456116871386,2.9982014448070866,0.13697846972130806,-0.4544893981147441,-3.4459310962111953,0.699772314199351,1.5497475580481068,0.964952109770005,3.335903685212665,6.353882141515842,-3.4428614005770157,4.547175379718863,-0.4562948025954433
191807_6920-X5119-Y8302_reg.swc,7.672971873413115,4.82125725207119,-0.19405975033821177,-1.2867730586823518,-3.622954229937342,0.548069122782343,-0.452047055367492,4.405331735766778,2.5946226152400604,0.5296390198539525,1.1362808232951278,-0.1680419907202413,2.3058748307849473,-2.4961900800501544
191807_6927-X3598-Y18516_reg.swc,5.724599337259959,5.637579166535007,5.2077865711375955,1.7287338803497676,1.5276703290656926,-7.215317757851521,1.1002010910173687,-0.05531800310048056,-1.4800745602031382,3.6117250735831883,10.01433488041,-3.9308631991798384,6.552041461606557,-0.2413321172612486
191807_7017-X4048-Y11120_reg.swc,6.715038943472666,4.845628083875519,2.2406903867590646,1.3792522419946618,0.5662449186010895,-3.7264970197201066,-1.119651133610203,0.3724153892317773,-0.39849240370190425,1.7313612046327123,6.850354186595653,-6.740867646387372,4.11584008707437,-0.45354055453723685
191807_7098-X4655-Y10334_reg.swc,8.082316458800133,5.840381727347299,-1.1102013175053405,-1.0768561855429237,-4.263340693315206,0.8675403348399648,-0.35492672511853374,5.54371906209871,3.713627147962922,2.011758938201865,0.06389455471066616,-1.3005504510451034,3.0831149131684175,-2.967794897961978
191807_7110-X4076-Y20205_reg.swc,5.725156373243986,7.147015652186242,8.071399870552344,0.4965453354172328,0.29430539986423176,-7.133353448898938,2.857710322191039,-2.1363699160944924,0.6830758798057254,6.411710834439713,11.254954712154655,-4.292315826555592,5.909137220257675,-1.3418644747332986
191807_7249-X4135-Y19813_reg.swc,4.831754968379672,3.9070993497630395,4.325081888296429,1.835354496540024,-1.6412334733858374,-3.6258914123998425,-0.4154904540616595,0.2859838294816095,0.17543544399840763,0.36557029766171134,7.0327391755028525,-4.308444405482597,4.287217324079698,-1.1098892556444753
191807_7281-X4351-Y20216_reg.swc,7.006885499373309,5.245636934239739,4.479948354742397,-0.27584017608432976,0.7427999776903351,-5.714748779370218,0.09098964582991666,0.19479688831676828,-0.05161249537960271,2.3777735451009807,8.290051637996942,-3.905308985786342,4.801363639329123,-0.6521292613416301
191807_7289-X4771-Y9549_reg.swc,8.242189378674068,7.669021268022093,4.179745251361626,0.3768787200285186,0.21247987103176802,-5.408808621260573,0.4177007911593793,-1.430643365919843,1.6511764224089862,5.329616895230268,9.80278196348357,-3.964458982667642,4.28308613494268,-2.913581804364819
191807_7300-X5089-Y9978_reg.swc,6.996930791958848,4.974522468510507,-2.8295643243883974,-1.0202275748718823,-4.4135601045895685,0.6906444642781028,-1.6725856017336012,7.501987511348625,3.8359607407670797,0.5856677098351131,-1.855419466616665,-0.8223740020436646,2.985954163995194,-2.512562811564254
191807_7326-X5555-Y22776_reg.swc,6.112258428426024,5.788809475471413,8.052766713560056,0.8193250374335039,0.9506901441879942,-11.041942207405432,2.600162693023001,-1.629375680427327,-0.3253571945537619,4.289524407436019,10.163381824500334,-4.681144864240351,6.4072288918998135,-1.380223906521888
191807_7364-X7270-Y23865_reg.swc,6.226973129339803,3.963277091589228,0.35699307585719897,-0.31515337497064955,-2.9814028328023334,-1.5230465470377692,-1.2566033184681218,3.7925893684848346,1.0951259872523749,-1.0567726584895856,1.219809688971079,-1.1582107086123434,2.2878491325941934,-1.4397128413055813
191807_7399-X8056-Y6157_reg.swc,6.921518317615851,2.825740229079008,-1.2702117566572193,0.12404228521988203,-2.4228576547368164,-1.5587711107737579,-1.7951444211305339,5.939298742079866,0.5333955907558272,-2.1112354365256403,0.5452940292963468,-0.22807423607444477,3.1086997132598233,-2.252864968888377
191807_7405-X4847-Y21105_reg.swc,6.8935867094457075,5.943277596560459,7.462205351219242,0.8802607467975708,-0.8796628265702613,-6.585483411294566,2.2993515553023975,-1.0353906670288584,0.7023238032690348,3.9094582734767616,7.650995716339147,-4.176351078139511,5.796104969916829,-2.6769987532511097
191807_7423-X4013-Y19283_reg.swc,4.432291806824727,3.19221616997159,5.853564337740188,1.0986365050334101,0.9643640555187794,-4.338531500071954,-0.1909806352240221,-1.05056974774505,-1.564573572014847,0.5394178535363817,7.5218636900991065,-3.266900799087793,3.308111977350878,-0.10374301880409664
191807_7425-X7635-Y24763_reg.swc,4.032919891549656,3.103583704357962,3.9090086938253004,0.5365718277440652,0.4329932757367144,-4.920166257071175,-0.9891249699388112,0.3779391955134193,-1.5587287925548627,1.0707650903087864,8.784543912597941,-5.239097380768498,2.959026629394467,-0.22045170439655482
191807_7439-X5230-Y8737_reg.swc,4.77882004806834,5.436964845177094,6.345039154691136,1.2091678385279347,0.3026768763157389,-4.953228709911649,0.9145675001065598,-0.9480904522198451,0.0060444347874354055,3.356218750116035,8.409627764979568,-2.9367392445384666,4.872575460943732,-1.5908960412271407
191807_7446-X4048-Y18753_reg.swc,5.41990775960201,2.9317606709079995,4.017142543832862,0.7269788996232328,-0.7233321695303794,-5.402801982714507,-0.5193595600094517,0.4779978281189867,-1.2987481991073007,0.3864360393296724,7.462351206182736,-6.489096455925511,3.3376605491893354,-0.8741774175186704
191807_7494-X6168-Y8596_reg.swc,9.206037281307285,5.464871451643469,-2.075607731027554,-1.000851414450737,-3.6825299381426064,2.036487551626045,-0.6565769365383156,5.967669607322145,4.391130681724784,0.5706225111862756,-1.6941025882133012,-1.7793879158642638,3.196879545257067,-0.2855842609430371
191807_7500-X4057-Y19214_reg.swc,5.376507908607153,3.390741005140563,6.112273105580037,0.6907996644931222,1.3477563744466847,-5.315048317248549,0.7383230551689857,-1.2110247874549553,-0.8101237059661809,0.3725098994999023,7.757032969983602,-1.9437387080060406,4.193629389741344,0.8215321507869909
191807_7508-X7743-Y23907_reg.swc,7.461326472660489,4.584858411263942,-0.661078879219824,-0.901735128223963,-3.265494056763728,-0.3909765845825069,0.21533624190562528,4.5652441002539135,1.6969822469731075,-0.5632220072186196,1.0295312207177723,2.2348724104927777,2.657538626714771,-2.8938352288038707
191807_7525-X6122-Y8722_reg.swc,8.31369383706317,5.177742672361764,-2.4238409706683757,-1.9795592956831105,-4.2745548403717235,1.6205546206568744,-1.7313074288107737,6.78772320324392,4.333017241650862,0.34049343608739235,-1.1088155284115455,-1.599357151738322,2.072823263879287,-1.1528982730862585
191807_7529-X5296-Y9002_reg.swc,7.25989462133212,6.763235201037825,5.519342598857806,0.4898606168749384,2.139489850828174,-7.921069255771783,0.39720969205580037,-1.6998594675468763,0.06805115019780482,4.5395450696053805,11.644479143488846,-5.347218264364541,5.273360914771985,-0.18936239439359426
191807_7537-X7637-Y23814_reg.swc,8.09919549581308,4.79302595954308,0.4177894855451211,-0.4164910307134244,-3.8492829279893637,-0.9396502610679464,0.40796279933517277,4.779407741658203,2.723209130410944,0.3930336043050271,0.8705595138943374,-0.7182033501783495,3.4044536974918094,-2.8866932437695176
191807_7574-X4648-Y20365_reg.swc,5.568148975899011,4.637510631487432,4.93917283544263,-0.6584063988776442,1.7299779934262307,-5.612758222321084,0.051087168393257165,-0.2452672313279356,-0.23606761593584233,2.12986258026147,8.860268217635504,-2.1369684000408347,3.6028675771217453,0.6451234867821053
191807_7612-X8075-Y6623_reg.swc,3.0881437993507683,0.2551409866625818,0.01289640211632126,0.6833223228877743,-2.0730714235584635,-0.3614118367622618,-1.5301854640169656,4.424494269637445,-3.576630414960892,-3.8468558625620184,0.028861093639694912,-0.5983656246909237,1.6232053268919988,-2.8814077703421095
191807_7712-X5701-Y8560_reg.swc,4.101641187470726,5.3142494783254755,6.587157630372552,-0.08604648865839351,1.8790306130901702,-7.221281755960896,0.05619396830306511,-1.5618101981796841,0.15970965625879666,4.690918501958187,11.303608496918212,-5.343908580745936,4.078784408816956,1.391434788556325
191807_7779-X4433-Y18625_reg.swc,3.9154053810085525,2.215592916758099,4.42559387128408,2.2427857148747465,1.8949414599659142,-5.469411899225977,-0.5775501417015504,-0.6556621338404366,-3.196179123982767,-0.7105430258350571,8.440543084571132,-4.673687929387569,3.283363778106986,0.5051730858048828
191807_7779-X6262-Y9318_reg.swc,1.433325909546574,-0.8893091659467609,-2.072335249162202,0.6291290231847515,-3.3856625101588063,2.014109982858541,-3.3930376067597487,6.703803200000536,-2.268159800470333,-4.398874800022147,-2.0515784880982597,-3.0519859150591846,1.0375868246835567,-1.0940452318839635
191807_7786-X4425-Y19023_reg.swc,4.44150045556995,-0.03149194531164856,1.1394834639187332,-0.14871499137596758,1.2356663068407916,-1.328041919747896,-2.8662250338069377,1.5033197330219226,-3.518606053572078,-3.8946133505420466,4.690834172822769,-1.5397542148236947,0.41478832560475976,-0.597960984153285
191807_7802-X7356-Y7036_reg.swc,4.659878073215477,6.017140826938585,7.279419446114851,3.074022002248274,-0.2891020292268748,-5.9509115477014936,3.017873162782546,-0.8586927215819884,-2.0399951896297117,5.168031797602954,9.471769884988579,-5.241224640447461,6.376685947450281,-1.9295340168325024
191807_7822-X4840-Y19927_reg.swc,6.793371889300408,1.9071799718982885,0.3826058547674224,-1.5684861539784674,0.4585317352099817,-2.5296913474492095,-2.3561497693099978,2.0148291496722446,-1.9462189066665403,-2.7561148459017395,6.291601718353265,1.205469046196192,0.14093593205260402,-2.1219579440435012
191807_7954-X5660-Y20932_reg.swc,3.4951906971739666,2.378292288295792,4.079952225093888,2.413073302591514,-1.5019851354478653,-3.0573860374732593,-0.6148096323541661,0.71853598520751,-2.4166503643570527,-0.6439316158050572,6.231580697961797,-4.894478411556444,3.3281382958313945,-1.635881311148605
191807_7964-X7019-Y7647_reg.swc,5.4858762153019445,3.7283660999128676,3.3409612432392066,1.2108584290496516,1.24103605030193,-4.654245335534697,-0.12098367269475593,0.15624571440430723,-2.5245640096568054,0.7577153087123965,7.756325947583349,-4.031525116308974,3.7156667386814592,-1.6444758578185148
191807_7971-X7500-Y7211_reg.swc,3.801360799159748,5.048918609720106,7.5015546346924316,3.7093123225730813,-1.3525780084172554,-6.103587786776461,2.448594157161157,-0.9741029576392117,-1.3041015151324409,3.216719384456458,8.801860615905532,-5.367048300382329,6.067471818075013,-3.184852211479885
191807_7985-X5473-Y10063_reg.swc,6.353471260551571,2.51716884837124,2.1869264914851323,0.8868696715097277,0.10880635961527488,-2.1515131666135505,-1.2440046849288369,1.4464401269401816,-1.6925313605314567,-1.6011358093547032,5.055856047825441,-3.0263751368645018,2.8268696963067397,0.6831712859089705
191807_8102-X5725-Y9586_reg.swc,4.826499260627483,1.720733152245304,2.387940809061826,0.9690549907572454,0.9889036125898996,-3.112920911905015,-2.4014935223796243,0.6351958219360786,-2.1365979592951394,-2.2946685699211287,6.088298319226867,-3.007023744680848,2.097167533859884,0.1001741508989542
191807_8158-X7179-Y9304_reg.swc,2.5166880260925835,0.094995587877566,5.111693539363384,0.4568815458131787,-0.9363726768709385,-7.843306017186023,-1.0816383077467773,-0.07678154165987261,-2.731907687812606,-1.302072794259065,6.653263988031673,-5.5813068904798575,2.877169921424606,-2.341857912566963
191812_5915-X3305-Y21307_reg.swc,-0.13170871646665594,-2.0531773802488704,3.5165774309569633,1.4396209503618664,0.10045394037606614,0.13251051815033485,-4.597688798958025,-0.7436623289650188,-3.6353327440841063,-6.083896427991098,5.075501531090556,-6.5744668700430635,-1.1988468675536073,1.6640849965959117
191812_6207-X4040-Y8998_reg.swc,3.4407202106651393,0.15482575831991735,1.5360073443865268,0.0085816178884216,3.237114939680918,0.4155462230420737,-5.517295699909819,-0.4741898999856886,-3.6892971390590086,-4.796954952159687,7.436618160648591,-3.9661608529819405,-0.7475531492192751,2.724873085861752
191812_6251-X3178-Y20913_reg.swc,5.006191609100033,0.07260603650846564,1.6312856419078747,-0.3163811251155498,3.7650554281831035,0.008929038307090853,-5.014144534994118,-0.07182696658218424,-3.868657310927401,-4.392484825270107,6.600105680213761,-4.507416174487337,0.3261670464871047,3.857194933469069
191812_6426-X4032-Y23056_reg.swc,7.2863891976110295,0.8247232101635953,0.5569451484456529,-0.5614805409614322,6.765913974073963,0.6167831222103134,-5.068462131945839,-0.2549742911265389,-4.138667013379257,-5.533792195194162,4.193621452469821,-0.3090715460401545,0.47716866343521636,5.241905222599495
191812_6431-X3967-Y9193_reg.swc,3.9375399784480725,-0.03607048010605535,1.9092132869442917,0.12738926987946775,0.5042304034224228,-2.0317056740827177,-4.282550970880819,1.549865927038181,-1.5477245934462525,-4.236666985616554,5.924931674168672,-6.629629026795335,1.5818926130110684,3.0281007562259994
191812_6463-X3826-Y9703_reg.swc,3.7505162862876036,0.4653346313816017,3.682685983833943,2.2043083242541734,-1.8092369543856996,-4.707316611353654,-2.6200299901273323,1.3786419447361995,-0.9664328911304061,-3.2273675702104985,5.321880348211339,-8.416254533306526,4.438835824087166,0.5314899765639578
191812_6476-X3744-Y9656_reg.swc,4.766189900869381,-0.9866201660592472,1.1742212909764087,-0.1941430098448091,0.47747409110311523,-0.7737121241330936,-3.0278720663888006,1.2619258117803565,-3.7097707217714064,-5.396288825472561,4.867087227372355,-6.290515499109479,-0.3281016148500089,1.9106145130796701
191812_6477-X4010-Y9201_reg.swc,4.884393694901522,1.4737499868469066,3.066995410867352,1.2710221183427628,-0.45957903033949066,-3.8607791294630536,-2.638769821543278,0.9625461043232131,-1.65025109849341,-2.764570230920613,6.51754357539015,-7.304338804812351,3.124664024091391,1.3443805074863593
191812_6568-X3828-Y8764_reg.swc,1.4086089707819902,-6.1780924173511504,-2.439729011872357,-1.7622889203875367,2.389862082966833,0.33064558893810747,-9.616270301095067,2.972701951481591,-5.904127428109217,-10.397134892115531,4.0078143348432995,-2.7102491166337686,-3.757500056168752,2.536166181877019
191812_6779-X4640-Y7603_reg.swc,5.2454318901551735,0.009207440323335703,0.7477101362351594,-0.24594742069202913,3.9485152964228543,-1.2323874456116966,-4.247948892404613,0.7758672851054458,-4.134619587129746,-4.61585622030233,5.629572913222033,-5.069003403531625,0.6282109018173232,3.8888146905978953
191812_6854-X5676-Y6355_reg.swc,4.355033732458994,0.09141636425983013,3.1790417837752956,1.6925500045098927,0.16583309814260097,-3.3771215218176227,-1.820016351799409,0.89227135688804,-3.57622287416262,-3.969320823872142,5.486196519141405,-6.248863412220185,2.7210994131868245,1.802215208400495
191812_6895-X3630-Y9992_reg.swc,3.3297887625745335,-3.640465813318772,-0.43143302497175473,-0.6662993256422697,-0.4466716215038346,0.10494186622193175,-6.287057005136371,3.18706194204295,-3.5003489277756086,-8.044706147611409,2.5981285675124384,-7.2850076859703865,-1.2706640451368991,2.7965939436091336
191812_7148-X3864-Y9658_reg.swc,3.6306568333157334,-1.3920978823849066,1.5774051036804762,-1.1575348206370017,-0.8921277324245732,-1.6407015444228468,-5.390607985959495,1.702040372982021,-1.598326338023402,-5.65742149376389,5.070174912790961,-6.765318884191682,0.05842315696541256,1.6780440900543039
191812_7255-X5228-Y7090_reg.swc,3.740036278790029,-0.7141964234579811,3.228249032054592,0.5619442985193785,1.0413511454799809,-1.8193154922781216,-3.5302567476284934,0.9578322913541044,-3.054613676705111,-4.8753444399996,5.634822173802616,-5.509918658998339,2.026336458819138,3.177695596155538
191812_7321-X4084-Y22812_reg.swc,4.039175750702416,-1.4668179830880521,1.8903727744867398,-0.7874708007045363,-0.7024165617052038,-0.6397310178505242,-3.6837365510129465,1.708166172416736,-2.177964438811022,-5.991491282036328,5.080381367596283,-5.182296654074178,0.3600887535277062,2.256944845771115
191812_7379-X5715-Y24777_reg.swc,3.444748696203722,-0.558338745713129,1.4266729119627017,0.9638366975111928,0.48354094202226755,-2.0772095461719964,-4.308692479020577,0.9799070501206469,-3.3656860701074347,-4.9433090089263585,5.671763439603366,-4.982997638447576,0.5884554800279309,0.8588618585301193
191812_7414-X5193-Y24236_reg.swc,4.041767218588203,-0.730180910605313,2.571154817679499,1.4307198769015583,0.5057448528719144,-2.4620435787711754,-3.1977931306537157,1.2498513706169494,-3.443557842912038,-5.2889795234409895,5.485774551482269,-5.766350463037367,1.7780844637246025,3.0680966765723685
191812_7460-X2919-Y19536_reg.swc,2.168103718914648,-2.4671628391258658,1.7515271972385495,0.4904578983338138,-0.28142031359610564,-0.7614227937842329,-5.2982299644936885,1.4861647121045471,-3.375891399564281,-7.023382270179574,4.850316981097274,-5.692208095805665,-0.1022677573006816,1.7570245110857279
191812_7487-X5132-Y7313_reg.swc,1.2574422513898185,-4.035607532312855,0.3479764796056223,0.3907493943248317,-0.3044086598098349,-0.17476986192989527,-6.594374673502331,2.1898655061587213,-4.028364531115141,-8.02770256054161,2.8649068607001302,-8.63442264201516,-0.9825410809858743,2.266519474772558
191812_7534-X5622-Y24592_reg.swc,3.3334137154934087,-2.563546418793242,0.909344538992657,1.6043937116980316,0.2668607578885488,-2.42861163843322,-5.185602483865956,2.4776438982427473,-4.317242851701294,-7.572277937071039,4.1149509148718355,-6.2848027410692175,0.9387035323091193,2.0369322783123014
191812_7586-X4315-Y23900_reg.swc,-3.246320394307188,-7.894568957301592,2.5562838335153004,1.2564059938596719,0.8051030811559571,-0.10803673215663413,-7.3213106035477375,-0.7362745515431861,-7.405869413753872,-9.885030076538596,4.807408517766828,-11.32488596343227,-3.2386044432891916,3.2965636780087335
191812_7597-X5133-Y23993_reg.swc,3.6952607294051156,-0.7226410244800126,3.1382079856201734,0.8152286072117343,1.3407253699132116,-1.6614920199930898,-3.960346414038367,0.42995435614674493,-3.4473149481121586,-4.673902885669437,5.622472425267649,-4.805050992880884,1.2863091089677674,3.229845502242477
191812_7717-X6201-Y6443_reg.swc,1.924391457905214,-3.683488446138876,1.819289750522336,1.8615436358411366,-1.2133264666641255,-2.600170979238001,-4.780985362545803,2.30708430059563,-3.4267262659403266,-7.9753253543694465,3.3955819644156375,-8.487306568661188,1.338429165968726,1.9575091070807615
191812_7881-X7006-Y5915_reg.swc,2.9370541053330808,-1.8039094637075779,2.1018265354494985,0.8690428768804027,0.29207293404952783,-2.791417990097806,-5.383684354082154,0.9341033968475829,-2.8170279580628392,-5.701787142876541,4.992953072126378,-7.5646075404396615,0.3838098809916106,3.060507233115039
191812_7886-X4342-Y22754_reg.swc,1.0793899850625444,-5.728643444877206,-0.004498435563246805,0.12321188170380304,0.30707792814895346,0.4681166827683124,-7.457014506174956,1.8256125760761002,-5.3122107511255425,-9.537685452922997,3.483870767844793,-8.363200877493615,-2.418221928480419,2.4293700998535006
191812_7938-X6892-Y25312_reg.swc,1.4706411235125154,-4.033608887604785,2.084889887411294,0.7467732587853875,2.3346206478204694,-0.9670847070564904,-5.718545469260981,-0.04915056159616604,-5.121449586989241,-7.886849930737371,6.576397886546372,-4.993606195068079,-0.997042684363803,4.190387094580646
191812_7977-X5136-Y23324_reg.swc,3.8459713586109725,-0.2707825539476248,1.2987123582939415,-0.6202847818223756,3.023524714690376,-1.5959267260704622,-5.592675264950645,0.9738385701277938,-3.632699711061146,-4.641860476322764,6.804531242119934,-3.00579024486356,0.20393736778681948,4.213063712076881
191812_7998-X5408-Y23691_reg.swc,1.8498483887992656,-2.961886413283914,2.203697791029733,1.5168694919313954,0.39960666604618916,-1.7290943930574585,-5.212663788385295,1.1685177119398715,-4.239988929386502,-7.4174997522468455,5.660620397485595,-6.8980155426294045,1.0770208946704427,3.2337331991353446
191812_8013-X7581-Y5690_reg.swc,2.0428933098520163,-2.5328498986597503,1.9039375089790462,2.2156039529607217,-0.32247479117760525,-2.834915059234354,-5.111285990399062,1.3032732066728214,-3.9043889098634663,-7.059016091233788,3.9030989819868336,-7.713756457121047,1.3100116493785867,2.156063010331933
191812_8096-X5297-Y8332_reg.swc,2.6396041097703815,-2.2282204251260715,0.6806639434612184,-0.13357793159049283,-0.07571438439827083,-0.9629168897293162,-5.263228357090563,1.7663235908816926,-4.0714120344245925,-6.600680938755775,5.008493380103451,-6.552698568508067,-1.139295373286379,1.1196303927299094
191812_8172-X4789-Y8339_reg.swc,0.897286931653485,-6.500868952049789,1.3204814878385744,1.6179366131454604,4.2364885180716865,0.11813065617533144,-7.239041915029415,-1.5727490552051542,-7.540725501383541,-10.616728477844864,5.898084807384453,-8.652048936239293,-1.6212965924933265,4.967770580889213
191812_8233-X6397-Y7234_reg.swc,1.5490095506990431,-0.9308847415149198,3.1199374239363507,1.7207744573998298,0.72451480592527,-3.631330428377267,-3.5828653565288677,0.10491011585672694,-4.091360267884923,-4.29166906275113,6.23292679067565,-6.970057459408103,1.530319063510535,1.6689121217424754
191812_8235-X5804-Y7784_reg.swc,4.145787446519937,-2.7197799029330136,0.3528700091163069,-0.3522834427444318,3.321547228781287,-1.5534230102366606,-5.79981275351798,0.5879506150958977,-5.918439967667191,-7.490119788632104,6.482508290347049,-4.361179119236908,-2.137724410079183,2.586970833217897
191812_8356-X5861-Y7841_reg.swc,-3.0103792010014905,-8.105937094125895,2.393087263139613,1.9728317915090896,0.262087408552822,0.5031373073660382,-7.417709563598208,-0.9448931164862122,-7.069752404673086,-10.690920046055263,3.852997445579467,-13.594689037939457,-3.126289356557282,3.2441475737740393
191813_6154-X4714-Y9350_reg.swc,5.603198226911651,0.08937592996397759,0.465479364400182,-0.057279261208096566,2.9413709942693913,-0.1998204588876254,-5.220981560014859,-0.09697478481732369,-3.384183737742426,-4.3949365405879055,6.614097598932364,-5.386350199762623,0.002606178421817429,2.981618003659733
191813_6215-X5154-Y8328_reg.swc,3.172170555748015,-1.611555585356402,2.3029376518923295,0.890425160762689,0.5562764825940159,-1.0261941753418182,-4.425960933232419,0.3061177326102016,-3.068087087316182,-5.179022683352332,4.96048939949034,-8.075171773411787,0.8623024300302777,2.697366357049548
191813_6524-X2579-Y18950_reg.swc,3.6687329081079167,-0.8030900766074273,2.093585673344071,-0.637474105582831,2.6558444321630166,-0.4671737612609451,-5.1954095995356235,-0.2769616692707082,-3.6622879165642037,-4.772861497297276,7.334164990143645,-4.364114320144652,-0.0005132637057196909,3.289496241312666
191813_6588-X2661-Y18498_reg.swc,2.969377456525053,-2.1731739483534565,1.4546696009371796,-0.47323104746940775,0.9162572271837434,-0.5089604222945927,-5.352224927302946,1.1568584736195866,-2.890671659718592,-6.091643077210977,5.101550336913318,-6.774688973099009,0.3642422654122832,3.7479360944723767
191813_6745-X2825-Y19481_reg.swc,-2.756704039332753,-5.53589207478954,1.2451659037062623,5.294139710979978,-0.7877178236704997,-2.5136145214368484,-5.705860985914817,1.4319406072983432,-7.191597633826322,-9.666832498160472,1.2326371792839144,-11.804936141680157,1.17756781204546,1.9506345126715026
191813_6829-x5209-y8545_reg.swc,4.115279889037996,0.3796727072437961,2.700250536215612,-0.6187791646889045,0.6197149198962919,-2.5856434333181815,-4.321616639612998,0.5300270033093851,-1.6852205700815548,-3.579515064914665,6.238738788975077,-6.724906494328074,1.1354189136710322,2.4754409689808052
191813_6871-x5237-y8478_reg.swc,4.783315207152774,-0.8004597779843041,0.6206938144415544,-0.5692742035700709,0.20801372256977663,-1.3059106262654947,-4.760401718788646,1.6457797324189778,-2.177699758783999,-4.982146056401035,4.854018845449379,-6.306891029694001,0.31411177569789883,1.9724939038410276
191813_6879-X2723-Y19955_reg.swc,3.925697039558295,-0.7461049193121039,3.0531594933708748,0.04956368335533179,1.1336193087459234,-2.148027595470048,-3.3067726027496285,0.1369227609828747,-3.001873337337609,-4.2534166340974835,5.717375988201787,-7.637290782558964,1.3825286959240213,3.0086129391500673
191813_7160-x2719-y18910_reg.swc,2.525931561279537,-3.93626952217365,0.5280862611734218,0.343885805546822,-0.2757566466169241,-0.1251307595091229,-6.082875588328508,1.5797089699241504,-4.131386376014158,-7.6790774470759535,3.098837908082324,-9.106018284765595,-0.9237633359002082,2.3167147779663413
191813_7214-X4724-Y9812_reg.swc,3.524682832480576,-1.210652873365414,1.64784286724047,0.0036623327524639565,0.02931292022096081,-0.31456888621975837,-4.0795491424593555,2.052172621867421,-2.603915950272869,-6.3808357397943505,4.124376995098293,-4.7548903141562,0.9470895532638521,2.8656206072068633
191813_7224-X2864-Y17670_reg.swc,3.627933406659773,-2.0218322287361175,2.0340145486447683,0.4782733909915415,-0.4374714108400753,-1.308487890828405,-3.8510854864936874,0.8214383811256889,-3.511090699600024,-6.597371728528554,4.724327750669579,-6.6199569472509765,-0.19123009479789665,2.200572740548385
192337_6620-X4736-Y30611_reg.swc,-5.102744776255035,0.6804341101540387,-1.5205937506668095,7.001814214267893,-1.5413202931177716,1.4929028631696784,-4.600393975536526,5.397226025779731,-2.138862715328689,-3.9391553615472845,-3.6640839376404726,-10.54045869034,3.3237706172871304,3.0256911548836247
192337_6764-X4864-Y14655_reg.swc,0.5993507232443777,-1.9285574316163179,-3.4580883633621005,5.732877503198795,-2.723716289457101,2.6080300043821847,-3.6110589498817425,6.97571779625544,-2.45459679541675,-5.3477349249147546,-6.357687284227201,-10.543064663035059,2.041721740347082,1.608341522022176
192337_7344-X3850-Y25781_reg.swc,-2.7394500776777693,-3.3724878603021082,-3.9202502033456863,2.6938145902278907,-2.639542728398588,1.9205562067747912,-4.615632721480528,8.554574307784511,-4.616545842747213,-8.04746164972844,-5.378062826721927,-6.185426659969162,-1.2775803034598248,0.701310435651227
192337_7585-X7231-Y9932_reg.swc,-3.1838160005233855,-2.4150128548781726,-1.5114369244254227,3.5403277130900848,-3.427690532728012,2.3223297061015065,-3.44736612414109,5.607665415927971,-2.6679407041217544,-6.13172410660457,-4.039089997657028,-7.86372077684199,1.236359878230625,0.22565508857085786
192337_7659-X5929-Y12351_reg.swc,3.9133154717291836,1.607356240877174,-2.1539448833137156,1.959545604612619,-0.40081156976592336,1.4563533936364301,-0.7846955534544453,5.073034871712585,-3.348355284788197,-2.946409049974965,-1.7428340459593685,-1.821481342225753,2.2829125262792953,-0.15534323284123797
192339_6660-X3904-Y20076_reg.swc,2.2649599784986316,-0.17186574688527112,-1.126426075706977,1.7866314285915212,-3.546713984364305,1.5134972266547884,-1.9860375376372619,5.864445443144541,-0.9930784379121739,-4.0093665400952965,-2.21125070533705,-5.301535088152056,1.7954523820431152,-0.3366899985360675
192339_6826-X4163-Y21198_reg.swc,1.1912909395649471,-1.4625248116914125,-2.194418762112342,2.213624839778137,-3.0773469357364442,1.8874264638065708,-3.2674103729154584,7.7536896552749734,-2.1788903249161344,-5.719442688435563,-3.6358309232455435,-5.957997693204617,1.1381483246342414,2.254808393359287
192339_6840-X3817-Y19709_reg.swc,-8.304665557378925,-3.9328223857910407,-4.0818989535105885,3.7187022554245717,-3.810776882360809,2.3072017689444255,-7.442366626009525,7.406197469145596,-3.6986885728841723,-7.11381417887339,-4.733276425630682,-11.61265692135693,-2.2361137287676662,-0.15261665632125496
192339_7392-X6785-Y6440_reg.swc,8.158498187253697,7.579902497598731,-2.053106047512141,1.2469312092585536,-4.236648940952375,-1.44927684149976,-0.37340526625449577,5.28806125915278,6.053120191362474,2.1173637665638454,-0.40308326382611215,-3.4531164591226355,4.4584334241646415,-1.0965771231729937
192340_6224-X4867-Y27176_reg.swc,3.1615125268771918,-0.33119448765689397,-2.880073550729143,2.79260542950383,-0.9741561068556686,1.1168179631652395,-2.844753537605432,6.262266707493188,-3.998198879672432,-4.8329475995789695,-2.619633604925518,-2.6215354191683686,1.789635868537925,0.5290413322897598
192340_6365-X5976-Y13673_reg.swc,-0.516493961474455,-0.3712858379377886,-2.8512446590385467,5.116018339084939,-3.6695849469256188,1.6153104041353945,-3.657429352380632,6.6190295549174225,0.7157841413259263,-4.842854857238798,-3.5728114303835823,-10.060166528610479,2.698408848038114,2.7466476821966586
192341_6482-X3479-Y8069_reg.swc,-2.314374713599813,-2.694158706912761,-0.10880850658106,6.318986834493453,-2.4347211508464666,1.7430219453847335,-1.9326281039948228,4.921635342298195,-5.134782684944247,-6.712364229069928,-5.033326328208025,-10.763433564058936,2.198907871995248,2.9973205974281036
192341_6527-X4499-Y23282_reg.swc,-1.6774870668277262,-0.8163688949480914,-0.4870256541257991,5.392909186832362,-3.798557358829175,2.8131655556137667,-0.7587312970914861,5.201908348736004,-1.7259343255420208,-3.725861180775559,-6.539708578376219,-9.178747936936835,3.287615922366041,1.2734352846400905
192341_7115-X3118-Y9770_reg.swc,1.3014854684820336,-0.30368795918184066,-1.8752220703756786,3.0552656442109045,-3.7676791849806786,1.3498495193850575,-2.649150057505735,7.055641702562131,-0.8344230087504927,-3.707339227846226,-4.240015783462325,-6.975553193389393,2.6255693493957386,1.4696038913616227
192341_7303-X4923-Y6376_reg.swc,3.176155645103916,1.6022983443443395,-1.2640858831532311,2.594679734964229,-2.6588795692209075,1.1588161432186193,-0.8686240937833554,5.457247502526694,-1.8155112736289019,-2.1985774566459146,-2.442932466727548,-1.5377539875413513,3.59493593802447,-1.1901253151807505
192342_6838-X4850-Y2371_reg.swc,0.63630987625501,-5.956975235230496,-0.26460468477193927,0.2750656789458181,-1.9729954045429143,0.2803971249809776,-6.4132374445414735,2.7248940247490747,-4.882564206243151,-9.623096340514145,2.1173067643817696,-8.56824373608285,-2.877109808900346,0.3172322776319467
192342_6941-X3482-Y21640_reg.swc,2.033408666660302,-5.1904794870705615,0.34555050063199305,0.03975735820649451,1.9197466845533397,0.6636384177116961,-7.268071583745073,0.08496858104576432,-6.036044637658051,-9.156410265422831,4.344717570074326,-7.172766562288328,-2.5249760885056007,2.822619515467645
192342_8032-X5502-Y5809_reg.swc,3.4839283966871126,-0.6616156294667548,2.726000458872275,0.6197095617869999,1.9548462012670615,-3.338536354862303,-4.386061929511723,0.8252301304839902,-3.8766710087642364,-5.059391097418334,6.70559670651741,-5.461823586521704,0.8204246864909002,3.8790961458564777
192342_8141-X6037-Y23548_reg.swc,3.1138639557330436,-0.5352890059445294,3.2290600711723374,1.4994326295935119,1.1131932374449123,-2.007012310233847,-3.848385418827029,0.7961157799041297,-3.488089648567141,-5.671449953330122,5.945470146651852,-3.3014381700823017,1.5071535000588159,3.4966797092089923
192343_5742-X3633-Y12817_reg.swc,-1.732796250249316,-7.334013966435844,0.8996340433800099,2.1461715315135454,0.1570730603463084,0.6080651838288443,-6.942155989138314,-0.12661017468090918,-6.351975546813379,-11.624370933902517,2.122745333933905,-12.395562535599494,-3.3704930405575624,3.8818354880499033
192343_6777-X4052-Y23666_reg.swc,1.1575535177100242,-4.770798544311206,0.059097677705997886,-1.0484184551411433,-0.9941233703851557,0.04884067482918396,-6.819225604319459,1.6569848013695814,-4.515341713471573,-8.60346809339775,4.101205094429068,-5.953907731205471,-3.052958495260694,0.5224542818533087
192343_7174-X3824-Y23571_reg.swc,1.080951640527202,-6.467854419769912,-1.379850731766905,0.6844553832116783,0.419971698848571,1.0230710957209546,-8.147504356852284,2.2149128810217578,-5.398649672804315,-10.57769406177011,2.159443929737454,-8.320499713684566,-2.4292344004495092,2.415099821994894
192343_7524-X5744-Y25593_reg.swc,3.145168782763341,-1.066720031880432,2.488791934585129,0.929817238944214,0.4717671647984925,-2.055113715590678,-4.2167772563325,0.6594739330505747,-3.7535614369553674,-5.259695026489599,6.41344354154521,-4.858249944093329,0.8826490111763734,2.4447488003631106
192343_7862-X5206-Y6520_reg.swc,1.7552457741452305,-4.5529914098095015,1.9508981740770555,-0.5593435632302342,2.015412667644418,-0.6837143876369169,-6.269693417360626,-0.32273119057546396,-6.140228861690479,-7.9992640851520305,6.114213090009839,-5.636201326108568,-2.6555682015823012,2.7981539717288566
192348_8164-X3381-Y21012_reg.swc,6.893039036657752,1.9070455638531907,-1.6352225826680722,-0.8181309317806444,-2.3268080433412592,-0.07957617928966755,-1.8252823174361115,5.583735917371154,-0.8058576395880754,-3.0546280799583005,0.10845401920795182,-0.10079655275073185,1.2576942627482979,-1.2906418233651629
194065_6750-X3779-Y21393_reg.swc,1.7071697645830306,-5.099246803837458,0.017911075877645954,0.5142849583061126,4.671494035084972,-0.9602370062145877,-6.9467563407758846,-1.4610311000491127,-7.761469828075457,-8.512978398496257,7.215959498453068,-5.099986372849466,-3.3000077905668914,3.360229413299069
194065_7154-X2800-Y12603_reg.swc,1.7436316796708278,-4.748349304590021,0.6594887248183852,0.3259916264169118,4.361438401818679,0.33362495594125147,-7.500188171756754,-0.7705074650053501,-7.571053009503352,-9.508225563184421,6.61600202060856,-5.571636779642015,-3.077228910915445,3.312325883038739
194069_6480-X4276-Y11858_reg.swc,3.9311703258450827,3.735437792749776,6.278645579093904,0.44426999407373613,0.5936098397984652,-8.881075798907624,-0.16974271518496703,-0.795047303610409,-0.5795859192106637,2.2719276476603874,10.058087545028048,-5.789230999620577,4.522527300454065,-0.2644951018934869
194069_6614-X3338-Y19996_reg.swc,6.808489999180576,8.387827076555713,5.319855869212979,1.4147575087173259,2.3801130360249223,-6.300798752559619,1.7521025079155534,-0.577761581593289,0.19030243613766357,6.637078555877552,10.253603510275045,-4.18307233163481,6.242849813294296,1.5182548678304482
194069_6665-X4527-Y10686_reg.swc,7.747205525189168,5.2212698644557705,4.278375585370586,-1.751519865245358,4.611847357398689,-7.2569575248238865,-0.3982938326456448,-1.0685552864891605,-1.1492243408820861,2.7437410511075164,10.300385434991417,-3.203349150628766,3.1630198111254284,1.835156500160009
194069_6771-X4023-Y23667_reg.swc,5.586469925462609,7.175550577588436,6.170067532419024,4.3920511045751995,-1.0579506787800683,-2.510366464371081,2.1247282782610215,-1.7151273969293435,0.6901649110335969,3.65786464222555,6.966381524973365,-3.860688525185055,5.232481956521371,0.08922314993121105
194069_7166-X5939-Y8426_reg.swc,9.828036885958706,5.605775935933224,-2.639426595446379,-1.705206883354131,-1.7852704014272893,0.7002821083688568,-1.4153670652269266,5.4935124830465405,2.7800491300634755,0.6227143960745398,1.3660104077058621,-0.991629400504093,2.544587413804864,-1.4037903556408406
194069_7189-X5459-Y8724_reg.swc,6.386177970959845,5.999794411944372,4.649267935417543,0.27663791659330533,-0.3708232599264388,-5.744664539888505,0.5142641303997346,-0.16946915971866122,1.0159375695911756,3.9400209975262115,9.09957858818882,-5.197900449014502,4.809230586693263,-1.1755331770147075
194069_7216-X3715-Y22464_reg.swc,8.11900192085145,6.1791805101901005,2.35581538562719,0.3542840343761341,-2.9880566242576796,0.02428099601692489,1.101637506789817,3.0833106792965843,2.098132314558321,3.0073857133903883,2.3851504442540095,-3.2462152299925617,4.4864801187030405,-1.8860185928132618
194069_7313-X3495-Y20668_reg.swc,9.896987114457346,9.278080531790652,1.9602517146024856,1.0887988178890953,-0.6991141553856459,-1.0233788068263054,1.39148219703893,1.8787195243501633,3.742193363361164,6.4258004320785185,4.708075783517962,-3.2953083144670967,6.471495654914449,-0.45679121330176975
194069_7382-X3692-Y22255_reg.swc,8.313892461463242,9.701466098408293,5.013559182730927,1.6660213348519401,-0.4292193815232994,-3.5414248686185417,2.8231765212446187,0.4007716945498352,2.867295750147266,7.801837530682515,7.598177040751892,-4.712625132384497,6.920079096005411,-0.33825409969274467
194069_7406-X4443-Y11111_reg.swc,4.6844183820305325,3.850912710711735,4.617001144994351,1.7910271646969746,-0.027136487413057478,-2.3076137470319265,-0.23393499054656358,-0.8098025666293888,-1.3437526391116301,0.2848756047465264,6.5622073940315175,-2.91696996898963,3.3554337919258432,-0.6377433129659428
194069_7408-X5410-Y9170_reg.swc,4.940192833080261,5.86772388528391,3.655775471903556,0.2722747331533902,-1.8194706801164036,-3.440962734860763,-0.6290379730099439,0.50547449451599,2.3057200405409306,3.6016322306734208,6.88683225238987,-5.068306898676107,4.288643578516345,-2.1962444768800924
194069_7499-X4635-Y10487_reg.swc,4.178713488425005,2.1014086904228573,4.3267806554950115,0.9181066008571195,-0.863262688085005,-4.003732353365563,-1.8670483983352395,-0.5910485541297122,-1.8059086593738614,-1.3388038683848933,7.553821641292143,-5.916530574750955,0.8618972723487812,-0.4501178880821539
194069_7541-X6312-Y7823_reg.swc,3.166558201281332,5.551908396022376,8.438465422785352,0.9547758582912942,1.0448768986320154,-8.906464148363936,1.27959858114296,-1.7719595399855592,0.0739923566743461,4.315928264331966,9.965477935245493,-4.430655650884404,6.5474174045417355,-0.3790571293018493
194069_7629-X6739-Y7566_reg.swc,8.632886435543137,3.4464450119544603,-1.2231028898470284,-2.171701701865971,1.2987314061382897,-0.9352701719536254,-4.329201667820172,1.6659818129146564,-0.9237136765319622,-1.1793040398423225,6.166569244962556,-2.3084382781811525,-1.156500242457714,-1.0532237829443196
194069_7724-X4289-Y23661_reg.swc,6.5386294607389,6.326183288653371,6.456295026612713,0.49092176730218173,1.0273867652630253,-6.549557115440392,1.869358128517359,-0.31953967375437015,-0.04092603129034268,4.972743477839928,8.646723336352043,-4.403532786777271,5.426300928840287,0.09712096952588961
194069_7827-X3508-Y20244_reg.swc,1.330623317621663,-3.6792644308120814,0.10276029151719945,3.9247748881040594,-1.902932240942978,-0.08952858819808655,-3.6611417046819037,5.33333134082066,-5.298677353478236,-6.768971930699053,-1.2131839127379722,-8.786743232229794,2.860879562168068,0.6759846869480143
194069_7890-X3746-Y21746_reg.swc,7.634912618914194,6.200548529868361,4.261875218347578,0.19161781105389508,1.0320796666215442,-4.7024068405198305,-0.17050991318253242,-0.5419541065706845,0.44462510720477183,3.7421169915268893,8.932946290035602,-5.304666226411143,4.207469838829022,-0.49869851634700935
194069_7949-X5085-Y10196_reg.swc,4.7468438335896845,3.5973304995862203,6.472410113340243,2.6426970506772465,-0.4832840822052877,-5.36204193586174,0.5182341089924559,-0.18964133219951393,-1.1508484457016506,0.9476770479588265,8.196163240632854,-3.648294719131086,5.400879423105222,-0.25601357480619447
194069_7960-X3680-Y21513_reg.swc,6.836757591514481,3.3360105636963064,1.2416379578187142,-0.42201264428032026,0.6941992827584613,-3.4025925087664906,-1.8765652219063982,1.572966827516309,-0.3509034208508862,-0.9203043972013256,6.226206095179977,-0.742204765307446,1.7155426336343031,-0.15461998145960953
194069_8027-X4187-Y22761_reg.swc,5.758672715155225,6.609069866897492,4.935169105988298,-0.4772792780603859,-0.043239813346368644,-5.937971409092929,0.2754365873261578,-1.0728498799064807,2.440710477459046,6.050328172970582,10.0870347140469,-5.12963324311642,4.082548911485192,-0.9778467855908134
194069_8053-X5370-Y24809_reg.swc,6.389360918919657,4.4365585881794365,4.491484135333102,-0.27027243062215056,1.5424351004843349,-4.8843130043591785,-0.38496045139685525,-0.05535409245052261,-0.7539340954748506,3.050792788290215,8.624438934667605,-4.836103594721184,3.774608215638562,0.9413359573910169
194069_8063-X5880-Y9133_reg.swc,3.5918391425407576,1.989825192694117,4.283765656258643,2.5525631496275585,0.043583518593574413,-3.7381918400125254,-0.8743933150588876,0.6680324214887001,-2.729810244163104,-1.0962008474233116,5.806714414740955,-3.821455813783119,4.062032447348104,-0.29499320051396816
194069_8151-X5946-Y25268_reg.swc,-0.7690208035884213,-3.3000411669550673,1.8190643082693787,5.139263203462171,-0.2878863990017356,-1.9310921187497871,-3.6508656214878474,3.8521259751355874,-6.016234565905302,-6.376016063689805,1.2225061061944904,-8.71770312439561,4.856770690929605,0.9371599899775499
194069_8220-X4330-Y22689_reg.swc,7.9788917197102736,6.781497930676941,5.018668422594724,2.1165266923640553,2.5710069524251704,-6.173677006769819,0.9137437308780487,-0.31699251450656657,-0.9651170934654483,3.9416816087695628,9.46090936269372,-3.7906039906063924,6.292120943214945,-0.08635998139485734
194069_8231-X4410-Y22897_reg.swc,4.848615159691595,4.632158381401434,4.7560842195146105,2.574627523530259,0.600471920737582,-4.808721970592138,-0.45983463133523167,-0.2964477568780768,-0.8074030138538553,2.3442245388110523,7.863678707759137,-5.615794222150159,5.896999167760618,0.45065471419196024
194079_7452-X4416-Y23624_reg.swc,5.42369143468133,1.1318245812790175,3.0386186041697103,1.33176930190327,2.4926108144486148,-1.7181012754947016,-3.8050406727857844,0.27502948784683134,-2.2200445926967802,-4.565215412305802,6.774793172341877,-2.876947546548558,2.7191679735118393,5.469074691341274
194083_6175-X4064-Y8142_reg.swc,2.9858820104892114,-0.5836653715162773,-0.35468736002590606,-0.11800773874227699,-2.1992416627162537,0.3574915537201347,-3.0982375063866705,4.6084622341248025,-3.1834545316179845,-4.791748340401594,1.0470844735644453,-0.2299894772815556,0.4148636865997911,-1.6038359440859429
194083_6472-X2866-Y11440_reg.swc,2.8529686774934335,0.994737071011657,0.39204422325232624,0.14662425558857123,-1.568302160640636,-1.7121227690754246,-5.4263307245336225,2.5321779270760074,1.2341559188984448,-3.504247581918369,4.808932574790278,-7.183665136951556,-1.8967745860248606,-1.2080443001978223
194083_6690-X3219-Y11189_reg.swc,4.260129106881839,-0.4981919296752998,-0.5796120343989368,0.7491280070051349,-2.788726171690648,-0.22225000324268157,-1.9737224633427228,5.610500908175105,-2.428045259385557,-5.230647601628948,-0.3754982472944961,-2.281868448693746,1.4246663238950361,-1.1829860916921593
196476_6791-X3395-Y20868_reg.swc,2.9778113748419046,-0.527312019360079,0.5964382067090055,1.7841330993672755,-1.602783043119185,0.5264215971607171,-1.2983148028260387,4.854153212727228,-4.060030846845359,-4.489296516040122,-0.16663723893288374,-1.9530066091791207,2.568073312384005,-1.4866956293641171
196476_7159-x4408-y23171_reg.swc,5.190728760121438,1.308755180019793,-0.982430031844352,0.7957687890227861,-1.9560470071680898,-0.6748511537411298,-0.9679178041122405,5.706604425638552,-2.3970028655857827,-3.7067004668794925,-0.3302713104027921,-0.3990667139390429,2.3382752921040977,-1.1583284410132275
196476_7565-x3166-y19635_reg.swc,1.057793520933297,-1.7774050036547502,0.07021316898750635,1.2655174057845961,-2.8908547943054836,0.1276505192151493,-2.7948799752050797,4.5630409968714005,-3.646475939799053,-5.938090613168821,0.09131002507009689,-3.4368049975821147,0.5287417685622118,-1.904328309097811
196476_7607-X3603-Y20075_reg.swc,6.564798650037,4.954222138080574,-1.7872253624945702,-0.6839066711643464,-4.727600265182672,1.869689098876866,-0.12155741533811537,6.361418587709555,3.417894060040959,1.7772069816874019,-2.3823277963969907,-3.104490716297651,3.1007826913624377,-2.992199113022474
196476_7824-x4173-y21243_reg.swc,10.734828766826109,6.995720087280292,-2.7208937227859273,-1.6890312991420544,-2.2682320802347524,1.2094591686206566,-0.7432113172440098,6.275872947485732,3.961947704445943,1.8421096923132474,-0.391319813165138,0.49124948523831247,3.1285688521130397,-1.401614358654202
196476_7922-X4174-Y21695_reg.swc,7.868154895953714,2.94809887294221,-2.404076788720073,-1.7741666000342735,-2.140527377034299,0.8053047521978483,-1.8462105475895783,5.990553835760586,0.8135382886819496,-2.197131510343744,0.63554817292045,1.6368130328210646,1.193005399439536,-1.5612465190666718
196476_8116-X4425-Y9934_reg.swc,6.030176183351568,1.5840123384516007,-1.2493083523289694,0.7268524083511668,-0.4153438912562933,0.5545705616672054,-2.0840559636189155,4.460712426010533,-2.148244278338576,-3.508346785257202,0.7657742224806255,-0.957013117261261,2.048788982266362,-0.6859064594918822
196476_8191-X6571-Y6695_reg.swc,4.5278570151430975,-0.6389864511805328,-1.338057036447231,0.8939993847449245,-0.6247623207632196,-0.7657114643364853,-2.9008748301765768,5.3182708123700575,-4.026027641421897,-5.803264482315159,0.3227929215926835,-1.440173412454576,1.397448234222362,-0.3647386435823641
196476_8380-x4209-y10481_reg.swc,6.035803230631329,0.845527450808349,-1.1640860404610522,-0.9360668127422906,-1.0879906918590607,-1.280872035120703,-3.384856247292873,4.528668201779476,-1.4791767359727965,-4.169058720928379,2.9538450274106856,-0.20617104475786213,0.2895047756279958,-1.1520434282746883
201603_6288-X7138-Y5937_reg.swc,-2.067293872980013,-2.6554177812276425,-3.7683044384731,-0.4761889815218927,-3.7439749676936853,0.7942977887683811,-4.166272395719172,8.5500636954685,-2.746022988159876,-5.906651532842548,-2.8012533003254285,0.47387205137499466,-0.6418301790249448,-0.12434095761811856
211541_5773-X16604-Y16219_reg.swc,5.459514909449531,5.052930497246429,2.132553175066771,2.4556330066660803,-0.9394067334993526,-1.3030416038495032,-1.631343869077325,-0.5280451928189904,0.026498974597123106,0.691061811685627,4.7496337759473555,-4.6798692215003275,2.542478341789838,-1.4027624162910213
211541_6633-X16017-Y16343_reg.swc,0.8630191475095136,-2.081971650219414,-3.0000676342160664,3.4079565924254522,-2.92920326812797,1.584106788504028,-2.5296662674129746,7.856313581131178,-5.39062841496509,-6.823909499455728,-4.536221507444015,-5.887768245044034,-0.09375082333597912,-0.17217458981493744
211541_6809-X4199-Y14576_reg.swc,4.2878116541621125,-1.7205706070575006,0.5534169759930737,-0.8947252314592047,1.398511588613987,-0.3478674242813967,-5.5644740560926795,1.823998731518287,-3.884251025038202,-6.3728153333691715,5.428004669606663,-4.091376287650082,-0.9798434435073271,2.6919007473450294
211541_6961-X18505-Y15909_reg.swc,4.2072896091088925,2.5934950388954388,-3.831803659615116,2.0016903106999444,0.10007185220481629,0.5653567710151101,-2.3711377318119022,6.891033460627803,-1.6712911837882545,-2.3248091301108316,-1.838313340916042,-0.9202082795949004,2.6752212010083443,0.9642125258997415
211541_7083-X17997-Y16517_reg.swc,5.6358707556083285,7.954279017458516,4.346215927400766,2.7171704933513823,-1.978594121968143,-2.2451262909619536,1.2574577727531218,-0.5583504593425006,1.741528623335681,5.035592038339418,7.933831556838964,-3.4131696059389878,5.113234257278111,-2.1458364863516404
211541_7198-X4422-Y13840_reg.swc,-3.8906374799261663,-6.254967798510794,-0.24006573938936215,4.002480943352463,-2.3967960754136657,2.9204247514954913,-3.861499031314215,5.125871768589121,-7.463532153593882,-10.201335957757466,-3.5430992682738314,-11.463062886926803,-0.47829030958511265,2.5331157776147495
211541_7381-X7249-Y16155_reg.swc,4.493158095454858,3.92681028893476,5.091867670542732,0.42747014373784653,-1.1360286897897145,-6.177563921299156,-0.8192943114497716,-0.24100008243281765,-0.13112433419104705,1.704986597343113,9.728062856126583,-5.661921541526443,3.1888016520881717,-2.0100676408833142
211541_7397-X6860-Y15587_reg.swc,4.030810108304675,0.4771361722004489,-3.355306264729036,0.5743745672760023,-2.950215117146706,0.29945793124718356,-5.2778077692404555,7.149286331854929,2.1850222078868957,-4.377706232300245,-0.16056646404650587,-2.9505771831979066,1.3553129545193459,0.38105433196300376
211541_7408-X19719-Y16313_reg.swc,2.3796302106763414,-3.604073972861924,-0.5314546274434195,-0.6922508913062037,-0.12590040601823949,0.5909201707602126,-6.501209087424444,1.401883704818606,-4.37690448813578,-8.006648711970632,4.614516601164468,-5.430074138068645,-2.79590010831483,0.6744757703083748
211541_7642-X7572-Y16296_reg.swc,3.7636451477550086,2.1043704400456087,4.925897929186157,-0.7510939396681487,0.988042542470839,-3.904406659634387,-0.8940701355943463,-0.2724647952673463,-2.041477083434644,-0.08362296144035997,8.447526476267626,-2.9188108692444,1.471278842094661,-0.03376786333460202
211541_7867-X20439-Y14832_reg.swc,-4.298383662659596,-7.222533074255974,-1.319216280707133,3.706565162439931,-2.6467039860289328,1.9427765946835982,-5.5934159231897045,6.614015870505876,-6.774553312076932,-10.88888336768048,-2.8241426424553713,-10.008931599143493,-1.231172847544035,1.861878646375875
211541_8004-X20499-Y15083_reg.swc,5.210688439187858,4.187907206999952,4.003537598569287,1.1907173657796315,-0.5575064810077871,-0.7714636987854265,-0.08133157656492238,0.3184306685246264,-1.2607064434020259,1.107356611119107,6.403360401154297,-3.860682833083237,2.1828761523025895,-0.598129130927572
211550_6674-X20158-Y16621_reg.swc,7.612573199395793,7.479262391888627,5.244050460738818,3.1945863295955794,-0.5605404627852288,-1.949897659578057,1.4524432898883215,0.5370131387211189,0.8522138005400586,4.264855543139466,6.885398227058213,-3.8718836920540243,6.262456754913922,0.33781872004768576
211550_6721-X20655-Y16337_reg.swc,6.5971561632846605,7.102436137686324,4.331515421300509,4.18689328794619,-1.1645538229722479,-1.0385456953825243,1.311834891191824,-0.20041904195224414,0.5457235359403958,3.2217344437323403,5.999901160638056,-5.766408735440913,4.621338604114016,0.3067328329642647
211550_6742-X19175-Y17279_reg.swc,6.29078219116084,4.441484651926191,2.931820271309936,1.9769777648649356,-0.24349586935090917,-1.1126437087629155,-1.4062789680849561,-0.06456012816377821,-0.4524161300874882,0.9145809288358614,6.834036879821806,-5.347333216964484,2.8173328943276004,0.7235477801601742
211550_7524-X21483-Y15565_reg.swc,4.687109360735917,2.9452647692024616,3.1235648774684037,1.1372323209371809,-0.7255710328767422,-2.1612667375512844,-2.679446875799999,0.5876401534087015,-0.4636862052662738,-1.1214185510716352,6.735095483580762,-4.337018276322734,2.024987965123123,-0.12004762449701278
211550_7555-X20812-Y16162_reg.swc,7.1924021294223595,4.0439614685574625,2.9945263319945026,2.824432488155415,1.0960643369692882,-3.8328889601206484,-0.9701489912138119,0.13789088085423512,-1.638835720372919,-1.7360588305149887,7.129565757505391,-2.8700728302586134,3.588776590428685,0.12032318050828228
211550_7718-X19461-Y16950_reg.swc,5.0630747649969345,1.5843359868610907,1.0878751804040274,-0.5481091188929782,-0.798707561058835,-1.0057432738848684,-4.042867651959751,1.0164400445158939,-0.8793246450851036,-3.277043497768653,5.302021826343564,-2.2707486792937437,-0.32528574967417634,-0.37854960516189606
211550_7772-X7691-Y18498_reg.swc,7.6787942966070935,4.2118999684529745,1.6357341811285744,1.030077208351649,2.432702500807565,-3.2160794896391707,-1.8143510299710945,1.2153669730897654,-0.8927518962470511,-0.5302001980242765,5.432635657224667,-1.5420386671995479,4.529643475689538,0.23547076419887092
211550_7942-X7116-Y18251_reg.swc,6.380980716959558,3.178260046693854,3.04885287594232,-1.0384282504721698,1.2918180798476797,-3.9245946184053975,-1.8127736316194638,-0.13054112930983086,-1.0523925773226446,-0.27878250256277726,9.143854277435524,-3.5465187073598057,1.3389033511334065,1.1658693784614014
211796_6490-X17276-Y17066_reg.swc,4.519518359854186,3.0264759481162757,0.3861332253762053,2.398084410229749,0.697099839940029,-0.8056467810540354,-4.217698076278171,0.9862458431113496,-0.9358568888463692,-1.3576922698181786,6.519972786669075,-5.289799468928548,1.9496182744817927,0.7839031154802188
211796_7238-X7037-Y16980_reg.swc,5.219261332474107,2.7318478201522445,3.4307350792086013,-0.14996438307815996,0.2611451344611985,-5.3403293642235194,-3.253424162279196,-0.1101071381176898,0.021561095591162246,-0.2351022795242924,8.579684075851308,-6.756973883766594,2.23103574580617,0.5981835036335722
211796_7334-X21168-Y15440_reg.swc,4.050898716563718,3.5933536352871474,4.643376852364116,2.3245597112529586,-0.08425774672154263,-3.9151860835402013,-1.7645633010351043,-0.7365023162177787,-0.3445412527526002,-0.021362085849247592,8.158571215338995,-4.713680302954979,2.4469374424825814,0.9071717092111737
211796_7385-X18532-Y16902_reg.swc,3.801925267148918,0.43773928170857784,3.3853474423633205,1.433736704637912,0.37176320672851226,-1.2128460821772247,-2.786292030395095,-0.529605784187052,-2.449323884679707,-4.129113179310682,5.685545411735204,-4.2155934871058625,-0.2970323875129557,1.557452401973066
211796_7534-X18739-Y16699_reg.swc,4.124068284154773,1.0080834540568855,3.8661401547155907,2.35680665912966,-1.9320515749640026,-4.757998298690499,-2.4790125010510695,0.004446970445279863,-0.9829283087895014,-3.755800432907475,6.655590306015323,-5.715766703158597,1.7201655888700844,-0.7069671535860061
220307_6913-X8802-Y21284_reg.swc,5.467245922599868,3.286203574458066,-1.6393829958510602,2.2500000690345043,2.9148796620902946,-1.6069769237305354,-5.496381538150358,1.1998111125722788,-1.8320823832377202,-2.281797641321067,6.101943075868406,-3.619922441739357,1.951305579118029,1.5185280896188542
220307_7080-X19635-Y21599_reg.swc,2.8246163632975803,0.1599021337554143,-0.8060158048326617,1.129696131055531,-3.6394954099095425,0.1624924521568913,-1.354597712045261,6.517225228189831,-2.1644028192274605,-4.17090495136727,-1.6217374221671192,-2.0781337868642535,1.7240326780038602,-2.053866070291142
220307_7098-X6694-Y19987_reg.swc,3.7534810296738783,0.6914069218592491,-0.8192052933805287,0.3872733237407042,-2.466535067358496,-0.15661869065210932,-1.7618747584282393,6.390519431613967,-2.7806401907438616,-3.5940793414835333,0.02898177853058656,0.7085955957341049,1.8276869047264541,-1.9682223558623935
220307_7116-X8416-Y21177_reg.swc,5.239015193623191,1.2135265400225435,1.0258586183789828,0.016790225346241604,0.49161086797677667,-1.9761014943982966,-3.6185365998487287,1.6825527946342298,-1.8857151712000726,-3.02570266390494,6.0747332547988915,-3.8904665757689507,1.106234955990244,0.6264922441053952
220307_7229-X18109-Y21959_reg.swc,3.981497865997437,-0.6113685930582484,-1.7677792703236554,0.5682076633546957,-0.7253423430152123,-0.4485628068906847,-2.5119132329596514,5.726152290970174,-4.307517686865123,-5.480330908764844,0.5085781798441721,-0.09700132365948769,0.979997939196376,-0.5929467044367559
220307_7390-X9129-Y21344_reg.swc,2.9267216521167296,0.301822961606392,1.2617229958659952,1.6801258551811051,2.3942654897897766,-0.5622710219893451,-6.065555393866468,0.6564759671318909,-2.8859179531641854,-4.804772391327491,6.566908791836406,-6.144974445633768,0.8843771382550498,3.58872459584845
220307_7919-X20996-Y20456_reg.swc,5.443209185233586,1.4010312460238452,-1.3333979132815155,0.6525677590893304,-1.351119958786498,-0.009050595379449931,-2.02312050161121,5.5964142834989445,-2.745239897904773,-3.9447891120572356,0.3300668586823089,-0.47395394886957154,1.4101817812032431,-1.3219977369421385
220307_8198-X20188-Y20372_reg.swc,7.0127255050746635,1.5742197835521343,-2.4697300342660427,-0.2931564766895567,-1.2220706738233893,-0.19158062567372694,-2.4407041006691683,5.7582701016989315,-1.4546621895821792,-3.857084121972944,0.17697531248374734,-0.13558710938671864,1.2459975112028183,-0.7025499073434474
220308_6054-X20031-Y16355_reg.swc,7.549009399802451,3.779700788515168,-2.6963748144,-1.2349731728039037,-0.9761851693899339,-0.07398396266930421,-3.0903752520503898,5.912444694400688,0.8991265286463219,-1.2092565855393942,1.0595398876620676,0.37273716144842406,1.9263438355229283,-1.225853033560126
220308_6492-X9152-Y16947_reg.swc,6.514899282376116,0.8688965578966688,-2.3525922780870623,-0.1767610007274487,-0.5322472611843951,-1.4589627101300735,-2.8520728571830123,5.97311981728435,-2.751365308412537,-4.544036098628756,0.23498442318323343,-0.1343994890549643,0.8766569547094731,-0.22491500532047465
220308_6541-X9681-Y17291_reg.swc,6.805953002312171,1.7905671841557853,-1.2096641052423616,-2.4455029213514994,-1.613633720674775,-0.9873328569643802,-4.078174885615113,4.728396659103348,0.8571651159513883,-2.956197580739304,3.857604808626198,-1.7511891619550295,0.24842582106063138,0.27985090381538447
220308_6638-X10400-Y17315_reg.swc,8.328127977876163,6.0624657401372914,-2.946067313119883,-0.835273633230039,2.3475770004715555,-0.07494189191607303,-4.264619884978146,3.3946225983194225,0.9685168146411037,0.11549280754944674,5.493202409299022,0.16507430583374738,1.7225084433104714,1.0123164103944668
220308_6660-X23024-Y15563_reg.swc,5.211242701679186,3.8792957275512006,3.0931843711028835,3.1861980014579325,1.069673011988701,-1.8540909598431186,-2.7144849053794977,0.07967614138877538,-0.4867872723680246,-0.78552302064959,6.136614625255388,-4.796752908555612,4.9018750057522436,2.583253890988367
220308_6702-X23195-Y15415_reg.swc,5.440577044748063,2.439850385624291,2.0779270663635567,0.8028222950068763,-1.0108575871180427,-0.9827530309961544,-1.8363206178522773,1.4951756363587358,-0.5276121417643703,-1.5587906428551808,4.406861773658415,-3.3750983813734603,2.63885727567839,-0.1655983197590215
220308_6723-X23664-Y14930_reg.swc,5.207402814805848,3.2870801125309823,0.7429419142586147,0.9402623638587113,-0.7047316961274603,0.1795121711370606,-2.3702573112323515,1.9629857808076245,1.010239381796834,-1.2989214804589135,4.399794136027936,-1.6076866316236864,2.4189832730566465,0.577873211810706
220308_6761-X10353-Y16971_reg.swc,-2.263770814666353,-3.9920174694088573,-1.7194240603098903,6.040764900331444,-2.4668713475990276,0.9474454699144004,-3.532744603690078,5.8540774562134095,-6.084983098109914,-8.174036249869543,-4.542136453045713,-11.14997995673459,0.3861259374059592,2.7084326398532177
220308_7065-X21542-Y16233_reg.swc,7.980316446993784,2.497656932279068,-1.8224991587671227,-1.0956777358003735,-1.8498100509937607,0.4145243514412673,-3.302166827439345,3.8304905141811743,1.0005461211068185,-2.132399918599269,2.196810318461454,-4.593014691490467,0.9124821301302282,-0.03684676099992007
220308_7099-X22371-Y15536_reg.swc,10.674346899851631,5.03632407457939,-3.367778211893914,-1.0596152094846796,-1.3270045271539832,0.6276646698496595,-1.5960447166600849,6.929546834532157,2.3097421230847623,-0.45320273968763536,-0.6845472569267568,0.507389535024033,3.2592802507102556,-0.8324431270937215
220308_7209-X6269-Y16507_reg.swc,2.011431759305191,-3.842764640309157,-0.5103177137518554,-1.8567026862321525,0.4642337905501702,-0.5099317436119595,-7.093188253714532,1.4196073923043206,-4.462075941214134,-7.467781949187467,5.743462056542981,-3.8865615916562977,-3.7422432040097813,0.21738461846961388
220308_7210-X22027-Y15603_reg.swc,10.458742471561191,5.01491692985804,-3.5655000507964996,-1.99529240003958,-3.3577799733376574,0.5005423284882665,-1.0280816478237673,7.541392134308586,3.0570659999754675,-0.45115793741958937,-0.792104863298311,0.17648416423474128,1.8564653450704671,-1.2928411424110062
220308_7775-X8240-Y16877_reg.swc,6.498452922326524,-0.6788291241700387,-3.0014837030478554,-1.8521890742854343,0.6316238419904939,-0.17677042947076177,-6.419709509266075,3.0039035105746628,-1.7483265126580965,-5.956518767580712,4.028796548726438,-2.1634003596252676,-2.0640644602631073,0.006760502598241569
220308_7820-X21073-Y15878_reg.swc,8.898995052388333,4.20809347436354,-2.706972505430624,-0.5775523436029277,-2.2451559177463536,0.8932318748673984,-1.7517344450858,6.249359808833334,1.293333956306198,-1.3550178256806318,0.4097006067100813,-1.2289437309016225,2.0347037245776125,-1.044297056174266
220308_7875-X22200-Y14877_reg.swc,5.368302981029461,2.1828544702206196,-1.3479058241573003,-0.14041381766033711,-3.690177716077463,0.6449225955949066,-1.6043427243953927,6.773449558425561,-0.003913332416980055,-2.3453998473578697,-1.3031618121357835,-0.5472711830269845,2.040001700822152,-1.8913337019572247
220308_8021-X22273-Y14515_reg.swc,3.420053045174586,1.4037077267333984,-1.1194894311767791,0.23208276518820603,-3.4464446527854697,0.002553829773373484,-2.3778680873746083,6.747223084863621,-1.2387804798825413,-3.577586006582368,0.06956950343125956,-0.370010007167584,1.1919896164556198,-1.7119000251958596
220309_5824-X3486-Y10261_reg.swc,3.5753988141273063,2.284570580127254,-0.5181727291981281,1.7720016068320659,-1.457758858981627,-1.262712971789968,-4.532919448155141,2.7879479630615522,0.9825397658370941,-2.2967487960267174,2.571598141567976,-5.248338831545757,2.8357648525514847,0.06934561200202538
220309_6744-X9496-Y18547_reg.swc,1.5270770045893411,-3.4159894516862033,1.80971997712223,-0.5845442659057557,2.2721938773514383,-1.795304561704953,-5.711098085065874,-0.989645520820674,-5.244640437601619,-6.707594801654759,6.373652816375042,-6.462311733868545,-2.7179617533388134,2.4487188472870764
220315_6442-X7542-Y17434_reg.swc,-0.6223361813807383,-4.835529680536854,0.19667285288238595,0.19011328625173018,-1.6593375695800756,-0.07830058856856655,-7.333541205387299,2.5972890052491877,-2.662734756470965,-8.315960623152566,2.4591199557742307,-8.235127822983872,-1.2417712951483657,1.0543772649172412
221686_5481-X4093-Y13144_reg.swc,-2.5715461252200114,-3.441578625517723,-1.3607905797427553,6.056245423725632,1.1247926196901519,1.7968793875139188,-4.923283227181794,4.570989000780821,-3.6574855110591495,-7.947276233539084,-1.5482274886338032,-8.172698871143874,3.13843721200547,4.702635493060828
