{"L23-IT": {"ephys": {"sparse_rrr": {"alpha": 0.02, "rank": 2, "lambda": 12.397434131849614, "r2_relaxed": 0.07232957728724752}, "tx_pc_elasticnet": {"alpha": 0.2, "r2": 0.14934329942328195, "lambda": 0.21369369715668604}}, "morph": {"sparse_rrr": {"alpha": 0.02, "rank": 1, "lambda": 11.449340417293083, "r2_relaxed": 0.045265225703381665}, "tx_pc_elasticnet": {"alpha": 1.0, "r2": 0.029891766057393965, "lambda": 0.35176721200378475}}}, "L4-L5-IT": {"ephys": {"sparse_rrr": {"alpha": 0.05, "rank": 5, "lambda": 11.303286763863996, "r2_relaxed": 0.18000917208951348}, "tx_pc_elasticnet": {"alpha": 1.0, "r2": 0.17903785084070212, "lambda": 0.08415980551483968}}, "morph": {"sparse_rrr": {"alpha": 0.02, "rank": 2, "lambda": 15.190389302349315, "r2_relaxed": 0.13795378940659303}, "tx_pc_elasticnet": {"alpha": 0.0, "r2": 0.19045629822700216, "lambda": 0.26937633960404755}}}, "L6-IT": {"ephys": {"sparse_rrr": {"alpha": 0.02, "rank": 4, "lambda": 27.809384573466254, "r2_relaxed": 0.07474705815318898}, "tx_pc_elasticnet": {"alpha": 1.0, "r2": 0.145725915332388, "lambda": 0.1927791387972069}}, "morph": {"sparse_rrr": {"alpha": 0.02, "rank": 1, "lambda": 20.015066315329314, "r2_relaxed": 0.08235180596010598}, "tx_pc_elasticnet": {"alpha": 1.0, "r2": 0.02683667193236361, "lambda": 0.43484078918821123}}}, "L5L6-IT-Car3": {"ephys": {"sparse_rrr": {"alpha": 0.02, "rank": 1, "lambda": 31.44616349205253, "r2_relaxed": 0.027852938317591835}, "tx_pc_elasticnet": {"alpha": 1.0, "r2": -0.016141813740450983, "lambda": 0.6662912847797524}}, "morph": {"sparse_rrr": {"alpha": 0.02, "rank": 1, "lambda": 183.5274942334448, "r2_relaxed": -0.03374912952308251}, "tx_pc_elasticnet": {"alpha": 0.0, "r2": -0.22352643918838622, "lambda": 888.6602661167365}}}, "L5-ET": {"ephys": {"sparse_rrr": {"alpha": 0.05, "rank": 6, "lambda": 11.831997288526697, "r2_relaxed": 0.1444108929528749}, "tx_pc_elasticnet": {"alpha": 1.0, "r2": 0.18400217221543091, "lambda": 0.045837343049845665}}, "morph": {"sparse_rrr": {"alpha": 0.05, "rank": 2, "lambda": 17.429320569216085, "r2_relaxed": 0.1500673215943835}, "tx_pc_elasticnet": {"alpha": 1.0, "r2": 0.1380597260919627, "lambda": 0.1465468198967108}}}, "L5-NP": {"ephys": {"sparse_rrr": {"alpha": 0.0, "rank": 3, "lambda": 79.94182959903353, "r2_relaxed": 0.0005905477380048097}, "tx_pc_elasticnet": {"alpha": 0.75, "r2": -0.041911278486018055, "lambda": 0.5800656621193279}}, "morph": {"sparse_rrr": {"alpha": 0.0, "rank": 1, "lambda": 316.0772583085686, "r2_relaxed": -0.011784183973835207}, "tx_pc_elasticnet": {"alpha": 0.0, "r2": -0.0764455503625161, "lambda": 551.6379591197611}}}, "L6-CT": {"ephys": {"sparse_rrr": {"alpha": 0.1, "rank": 3, "lambda": 8.590964463482809, "r2_relaxed": 0.16685534380968953}, "tx_pc_elasticnet": {"alpha": 1.0, "r2": 0.21806015238164, "lambda": 0.07596802631446142}}, "morph": {"sparse_rrr": {"alpha": 0.05, "rank": 3, "lambda": 5.112011145921158, "r2_relaxed": 0.125955165139051}, "tx_pc_elasticnet": {"alpha": 1.0, "r2": 0.1896010328995239, "lambda": 0.2763045047751185}}}, "L6b": {"ephys": {"sparse_rrr": {"alpha": 0.0, "rank": 3, "lambda": 43.31873495895082, "r2_relaxed": 0.17925217757158013}, "tx_pc_elasticnet": {"alpha": 1.0, "r2": 0.1966809501436101, "lambda": 0.19874497267773233}}, "morph": {"sparse_rrr": {"alpha": 0.0, "rank": 1, "lambda": 36.16532009922102, "r2_relaxed": 0.051215037698769526}, "tx_pc_elasticnet": {"alpha": 1.0, "r2": 0.015521717682057345, "lambda": 0.6779182020194857}}}, "L5-ET-Chrna6": {"ephys": {"sparse_rrr": {"alpha": 0.0, "rank": 3, "lambda": 23.732281599317382, "r2_relaxed": 0.0804335867060527}, "tx_pc_elasticnet": {"alpha": 1.0, "r2": 0.07715860475485725, "lambda": 0.37110333875566276}}, "morph": {"sparse_rrr": {"alpha": 0.0, "rank": 1, "lambda": 30.02142978206595, "r2_relaxed": 0.011206492056712924}, "tx_pc_elasticnet": {"alpha": 0.0, "r2": -0.11443745666158867, "lambda": 9.28438118108477}}}, "L5-ET-non-Chrna6": {"ephys": {"sparse_rrr": {"alpha": 0.05, "rank": 4, "lambda": 9.996082677563626, "r2_relaxed": 0.12342762624432839}, "tx_pc_elasticnet": {"alpha": 1.0, "r2": 0.1740731857851301, "lambda": 0.04370040276374594}}, "morph": {"sparse_rrr": {"alpha": 0.02, "rank": 4, "lambda": 30.90928118888193, "r2_relaxed": 0.05348767276103158}, "tx_pc_elasticnet": {"alpha": 0.9, "r2": 0.01701075614817893, "lambda": 0.3359347264377103}}}}